customerID,gender,SeniorCitizen,Partner,Dependents,tenure,PhoneService,MultipleLines,InternetService,OnlineSecurity,OnlineBackup,DeviceProtection,TechSupport,StreamingTV,StreamingMovies,Contract,PaperlessBilling,PaymentMethod,MonthlyCharges,TotalCharges,Churn
CUST-00001,Female,0,No,No,34,Yes,No,DSL,No,No,No,Yes,Yes,Yes,One year,Yes,Electronic check,82.0,2639.34,No
CUST-00002,Male,0,Yes,Yes,32,Yes,Yes,No,No internet service,No internet service,No internet service,No internet service,No internet service,No internet service,Month-to-month,Yes,Electronic check,37.74,1075.55,Yes
CUST-00003,Male,0,Yes,Yes,12,Yes,No,Fiber optic,No,Yes,No,Yes,No,No,One year,Yes,Electronic check,92.49,1108.93,No
CUST-00004,Female,0,Yes,No,23,No,No phone service,DSL,Yes,No,Yes,Yes,No,Yes,Month-to-month,Yes,Credit card (automatic),61.22,1262.29,No
CUST-00005,Female,0,Yes,No,48,Yes,No,Fiber optic,No,Yes,Yes,No,No,Yes,Month-to-month,Yes,Electronic check,93.85,4172.0,No
CUST-00006,Male,0,No,No,70,Yes,No,DSL,Yes,No,No,Yes,Yes,Yes,One year,No,Bank transfer (automatic),75.79,5047.85,No
CUST-00007,Female,0,Yes,Yes,46,Yes,Yes,No,No internet service,No internet service,No internet service,No internet service,No internet service,No internet service,Two year,No,Mailed check,41.87,1818.37,No
CUST-00008,Male,0,No,No,56,Yes,No,DSL,No,No,No,No,Yes,Yes,Month-to-month,Yes,Electronic check,73.47,3993.78,Yes
CUST-00009,Female,0,No,No,5,Yes,No,DSL,No,Yes,No,No,No,Yes,Month-to-month,No,Electronic check,73.62,329.06,Yes
CUST-00010,Female,0,Yes,No,63,No,No phone service,DSL,No,No,No,No,Yes,Yes,One year,No,Mailed check,51.38,3022.24,No
CUST-00011,Male,0,Yes,Yes,37,Yes,Yes,Fiber optic,Yes,Yes,No,No,Yes,No,One year,Yes,Bank transfer (automatic),101.96,3437.43,Yes
CUST-00012,Male,1,No,No,32,Yes,No,Fiber optic,Yes,No,Yes,Yes,No,No,One year,No,Credit card (automatic),90.01,2772.31,Yes
CUST-00013,Male,0,No,No,34,Yes,Yes,DSL,No,Yes,No,No,No,No,Month-to-month,No,Mailed check,71.05,2351.64,Yes
CUST-00014,Male,0,Yes,No,72,No,No phone service,DSL,No,No,No,No,Yes,No,Month-to-month,Yes,Mailed check,52.97,3543.11,No
CUST-00015,Male,0,No,No,19,Yes,No,Fiber optic,No,No,No,No,No,Yes,One year,Yes,Electronic check,82.73,1471.04,No
CUST-00016,Male,0,No,No,34,Yes,Yes,DSL,Yes,No,Yes,Yes,No,Yes,One year,Yes,Bank transfer (automatic),86.3,2706.2,No
CUST-00017,Male,1,No,No,25,Yes,Yes,Fiber optic,No,Yes,No,Yes,Yes,Yes,Month-to-month,Yes,Electronic check,102.69,2317.63,Yes
CUST-00018,Female,0,Yes,No,13,Yes,Yes,Fiber optic,No,No,No,No,Yes,No,One year,Yes,Electronic check,86.74,1084.76,No
CUST-00019,Male,0,No,No,7,Yes,Yes,Fiber optic,Yes,No,No,No,Yes,No,Month-to-month,Yes,Bank transfer (automatic),92.31,585.74,Yes
CUST-00020,Female,0,No,No,13,No,No phone service,No,No internet service,No internet service,No internet service,No internet service,No internet service,No internet service,One year,No,Bank transfer (automatic),18.0,219.86,No
CUST-00021,Male,0,Yes,No,16,Yes,No,Fiber optic,Yes,Yes,Yes,No,Yes,No,Two year,No,Bank transfer (automatic),105.31,1620.46,Yes
CUST-00022,Female,0,No,No,26,Yes,Yes,No,No internet service,No internet service,No internet service,No internet service,No internet service,No internet service,Month-to-month,No,Electronic check,35.76,825.43,Yes
CUST-00023,Female,0,No,Yes,56,Yes,No,Fiber optic,No,No,Yes,No,No,No,Month-to-month,Yes,Credit card (automatic),84.39,4469.67,Yes
CUST-00024,Male,0,Yes,No,13,Yes,No,Fiber optic,Yes,Yes,Yes,Yes,No,No,Month-to-month,Yes,Credit card (automatic),104.65,1228.36,No
CUST-00025,Male,0,No,No,16,Yes,No,DSL,No,No,No,No,Yes,Yes,One year,Yes,Bank transfer (automatic),71.37,1088.56,Yes
CUST-00026,Male,0,No,No,72,Yes,Yes,Fiber optic,No,No,Yes,Yes,No,No,Month-to-month,No,Electronic check,107.6,7301.28,Yes
CUST-00027,Female,0,No,No,20,Yes,No,No,No internet service,No internet service,No internet service,No internet service,No internet service,No internet service,Month-to-month,Yes,Credit card (automatic),36.04,659.69,No
CUST-00028,Male,1,No,No,17,Yes,No,DSL,No,Yes,Yes,No,No,Yes,Month-to-month,Yes,Mailed check,74.06,1196.47,Yes
CUST-00029,Male,0,Yes,No,18,Yes,Yes,Fiber optic,Yes,Yes,No,No,Yes,Yes,Two year,No,Bank transfer (automatic),100.56,1734.43,No
CUST-00030,Female,0,Yes,No,30,Yes,Yes,No,No internet service,No internet service,No internet service,No internet service,No internet service,No internet service,Month-to-month,Yes,Mailed check,44.34,1193.92,No
CUST-00031,Female,0,Yes,No,26,Yes,No,Fiber optic,No,No,No,No,No,Yes,Month-to-month,No,Mailed check,82.45,2023.71,Yes
CUST-00032,Female,0,No,No,16,Yes,Yes,Fiber optic,No,Yes,No,Yes,No,No,One year,No,Electronic check,92.43,1354.34,No
CUST-00033,Female,0,Yes,Yes,21,Yes,Yes,No,No internet service,No internet service,No internet service,No internet service,No internet service,No internet service,Month-to-month,Yes,Mailed check,34.8,705.72,Yes
CUST-00034,Male,0,No,No,49,Yes,Yes,Fiber optic,No,No,No,No,No,No,One year,No,Electronic check,79.92,3370.26,No
CUST-00035,Male,1,Yes,No,33,No,No phone service,DSL,Yes,No,No,No,Yes,No,Month-to-month,No,Electronic check,53.94,1700.3,Yes
CUST-00036,Female,0,Yes,Yes,66,Yes,No,Fiber optic,No,No,Yes,No,No,No,Two year,Yes,Credit card (automatic),82.14,4848.77,No
CUST-00037,Male,0,No,No,23,Yes,No,No,No internet service,No internet service,No internet service,No internet service,No internet service,No internet service,Month-to-month,Yes,Credit card (automatic),33.85,719.31,Yes
CUST-00038,Male,0,No,No,49,No,No phone service,Fiber optic,Yes,No,No,No,No,Yes,Month-to-month,Yes,Mailed check,84.94,4111.93,Yes
CUST-00039,Female,0,Yes,No,50,Yes,No,Fiber optic,Yes,Yes,No,No,No,No,Month-to-month,No,Mailed check,90.27,4006.35,Yes
CUST-00040,Male,0,Yes,No,15,No,No phone service,No,No internet service,No internet service,No internet service,No internet service,No internet service,No internet service,Month-to-month,No,Electronic check,25.84,367.4,No
CUST-00041,Female,0,Yes,No,36,Yes,No,DSL,No,Yes,No,Yes,No,Yes,Month-to-month,Yes,Credit card (automatic),74.04,2408.61,No
CUST-00042,Male,1,Yes,No,29,Yes,No,DSL,No,No,Yes,No,Yes,No,Month-to-month,Yes,Electronic check,68.96,1973.98,No
CUST-00043,Male,0,Yes,Yes,5,Yes,No,DSL,Yes,Yes,No,No,Yes,Yes,Two year,Yes,Electronic check,70.57,336.29,No
CUST-00044,Female,0,No,No,8,Yes,No,DSL,No,No,Yes,No,No,No,Two year,Yes,Bank transfer (automatic),69.97,577.92,No
CUST-00045,Female,0,Yes,No,31,Yes,No,Fiber optic,No,No,No,Yes,Yes,No,Month-to-month,No,Credit card (automatic),86.1,2522.8,Yes
CUST-00046,Male,1,Yes,No,6,Yes,Yes,DSL,No,Yes,Yes,No,No,No,Two year,No,Credit card (automatic),79.48,463.11,No
CUST-00047,Female,0,Yes,Yes,4,Yes,Yes,Fiber optic,No,Yes,Yes,No,Yes,Yes,One year,No,Credit card (automatic),95.87,358.69,No
CUST-00048,Male,0,Yes,Yes,28,Yes,No,Fiber optic,No,No,No,Yes,No,Yes,Month-to-month,Yes,Electronic check,86.88,2447.9,Yes
CUST-00049,Male,1,No,Yes,2,Yes,Yes,Fiber optic,Yes,No,No,No,No,No,Month-to-month,No,Credit card (automatic),91.03,171.76,Yes
CUST-00050,Male,0,Yes,No,11,Yes,Yes,DSL,Yes,No,Yes,No,Yes,No,One year,Yes,Electronic check,80.51,873.68,No
CUST-00051,Male,1,Yes,No,28,Yes,Yes,Fiber optic,No,No,No,No,Yes,Yes,Month-to-month,Yes,Credit card (automatic),92.17,2266.65,No
CUST-00052,Female,0,No,No,25,Yes,No,DSL,Yes,No,Yes,No,Yes,Yes,One year,Yes,Bank transfer (automatic),81.84,1929.37,No
CUST-00053,Female,0,No,No,25,Yes,No,DSL,Yes,Yes,No,No,Yes,Yes,Month-to-month,No,Mailed check,84.31,1947.76,No
CUST-00054,Female,0,No,No,41,Yes,Yes,Fiber optic,Yes,No,No,No,Yes,No,Two year,Yes,Bank transfer (automatic),89.43,3541.96,No
CUST-00055,Female,0,No,Yes,53,Yes,No,Fiber optic,No,Yes,No,No,Yes,Yes,Two year,Yes,Electronic check,97.68,5089.92,Yes
CUST-00056,Female,0,No,No,57,Yes,Yes,Fiber optic,No,No,No,Yes,Yes,Yes,Month-to-month,Yes,Electronic check,106.3,,Yes
CUST-00057,Male,0,No,No,72,Yes,No,Fiber optic,No,Yes,Yes,Yes,No,No,One year,Yes,Electronic check,99.86,6462.99,No
CUST-00058,Female,0,No,No,3,Yes,Yes,DSL,No,No,Yes,No,No,No,Month-to-month,Yes,Credit card (automatic),70.57,207.81,Yes
CUST-00059,Male,0,Yes,No,15,Yes,No,DSL,No,No,No,Yes,No,No,Two year,Yes,Electronic check,63.1,879.72,No
CUST-00060,Male,0,No,Yes,11,Yes,No,DSL,No,Yes,Yes,No,Yes,No,Two year,Yes,Mailed check,78.33,849.51,No
CUST-00061,Male,0,No,No,72,Yes,No,Fiber optic,No,No,Yes,Yes,No,Yes,One year,Yes,Mailed check,94.7,6422.89,Yes
CUST-00062,Male,0,No,No,29,Yes,No,DSL,Yes,Yes,No,No,No,No,Month-to-month,Yes,Mailed check,75.58,2181.65,Yes
CUST-00063,Female,0,Yes,No,26,Yes,Yes,Fiber optic,No,Yes,Yes,Yes,No,No,Month-to-month,Yes,Electronic check,111.92,2669.54,Yes
CUST-00064,Male,1,No,No,19,Yes,Yes,Fiber optic,No,No,No,No,Yes,Yes,One year,No,Credit card (automatic),90.69,1678.27,Yes
CUST-00065,Female,0,Yes,No,18,Yes,Yes,DSL,No,No,No,No,Yes,Yes,Two year,Yes,Electronic check,77.53,1252.13,No
CUST-00066,Female,0,No,No,18,Yes,No,DSL,Yes,Yes,No,No,Yes,Yes,Two year,Yes,Electronic check,80.58,1299.45,No
CUST-00067,Male,0,Yes,No,19,Yes,No,Fiber optic,No,Yes,Yes,Yes,Yes,No,One year,No,Mailed check,91.95,1570.07,No
CUST-00068,Female,0,No,No,18,Yes,Yes,Fiber optic,No,No,No,No,Yes,No,Month-to-month,Yes,Electronic check,92.26,1551.47,Yes
CUST-00069,Female,0,No,No,72,Yes,No,DSL,Yes,Yes,No,Yes,Yes,No,Month-to-month,Yes,Credit card (automatic),80.36,5396.36,No
CUST-00070,Female,0,Yes,No,72,Yes,No,Fiber optic,No,No,No,No,Yes,No,Two year,Yes,Mailed check,88.22,6077.89,No
CUST-00071,Male,0,Yes,Yes,72,Yes,Yes,Fiber optic,Yes,No,Yes,Yes,No,No,Month-to-month,No,Bank transfer (automatic),105.53,7220.74,No
CUST-00072,Female,1,Yes,No,5,Yes,No,No,No internet service,No internet service,No internet service,No internet service,No internet service,No internet service,One year,No,Mailed check,33.77,157.73,No
CUST-00073,Female,0,No,No,16,Yes,Yes,Fiber optic,Yes,Yes,No,Yes,No,No,Two year,Yes,Credit card (automatic),105.7,1610.79,No
CUST-00074,Female,0,No,No,4,Yes,No,DSL,Yes,No,No,No,Yes,Yes,Month-to-month,Yes,Mailed check,69.88,260.27,Yes
CUST-00075,Male,1,No,Yes,72,Yes,Yes,DSL,Yes,No,Yes,No,No,No,Month-to-month,Yes,Credit card (automatic),75.7,5238.81,Yes
CUST-00076,Female,1,Yes,No,36,No,No phone service,Fiber optic,No,No,Yes,No,Yes,No,Two year,Yes,Credit card (automatic),80.26,2622.0,No
CUST-00077,Female,0,No,No,48,Yes,No,DSL,Yes,No,No,Yes,No,No,Two year,Yes,Mailed check,73.77,3391.9,No
CUST-00078,Female,0,No,Yes,24,Yes,Yes,DSL,Yes,No,No,No,Yes,Yes,Month-to-month,Yes,Credit card (automatic),80.72,1710.9,No
CUST-00079,Male,0,Yes,No,26,No,No phone service,Fiber optic,No,Yes,Yes,Yes,Yes,Yes,Two year,No,Electronic check,93.43,2418.24,Yes
CUST-00080,Male,0,Yes,Yes,61,Yes,No,Fiber optic,No,No,No,No,Yes,Yes,One year,Yes,Credit card (automatic),86.36,4757.56,Yes
CUST-00081,Male,0,Yes,Yes,28,Yes,No,No,No internet service,No internet service,No internet service,No internet service,No internet service,No internet service,Month-to-month,No,Electronic check,39.93,1006.46,Yes
CUST-00082,Female,0,Yes,No,29,No,No phone service,Fiber optic,No,No,No,Yes,No,No,Month-to-month,Yes,Mailed check,73.72,2119.32,No
CUST-00083,Female,0,Yes,Yes,45,Yes,Yes,DSL,No,No,No,No,Yes,No,Two year,No,Mailed check,71.06,2946.55,No
CUST-00084,Male,0,Yes,No,41,Yes,No,DSL,No,No,No,No,Yes,No,Month-to-month,No,Electronic check,66.23,2681.5,Yes
CUST-00085,Male,0,Yes,Yes,28,Yes,Yes,DSL,No,No,No,Yes,No,No,Month-to-month,Yes,Mailed check,72.63,1916.01,Yes
CUST-00086,Male,0,Yes,No,19,Yes,No,DSL,No,Yes,No,Yes,No,Yes,Month-to-month,No,Mailed check,78.29,1313.74,Yes
CUST-00087,Female,0,Yes,Yes,18,Yes,Yes,DSL,No,No,No,No,Yes,Yes,Month-to-month,No,Bank transfer (automatic),74.76,1254.11,No
CUST-00088,Female,0,No,No,58,Yes,No,DSL,Yes,No,No,Yes,Yes,Yes,Month-to-month,No,Electronic check,84.05,4184.49,No
CUST-00089,Male,0,No,No,30,Yes,No,DSL,Yes,No,No,No,No,No,One year,Yes,Electronic check,73.38,2104.59,No
CUST-00090,Male,1,Yes,No,14,Yes,No,DSL,No,Yes,Yes,No,Yes,Yes,One year,Yes,Bank transfer (automatic),84.96,1154.52,No
CUST-00091,Female,1,No,No,51,Yes,Yes,No,No internet service,No internet service,No internet service,No internet service,No internet service,No internet service,Month-to-month,Yes,Electronic check,37.5,1836.68,No
CUST-00092,Male,1,No,No,27,Yes,No,Fiber optic,Yes,Yes,No,No,No,No,One year,Yes,Bank transfer (automatic),88.47,2184.11,No
CUST-00093,Male,1,Yes,Yes,5,Yes,Yes,Fiber optic,No,No,No,Yes,No,No,Month-to-month,No,Mailed check,91.53,433.34,No
CUST-00094,Female,1,Yes,No,15,No,No phone service,DSL,No,No,No,No,Yes,No,Month-to-month,Yes,Bank transfer (automatic),56.32,754.25,Yes
CUST-00095,Male,0,Yes,No,27,Yes,No,Fiber optic,Yes,No,Yes,Yes,Yes,Yes,One year,Yes,Credit card (automatic),108.53,2808.55,Yes
CUST-00096,Female,0,No,Yes,6,Yes,No,No,No internet service,No internet service,No internet service,No internet service,No internet service,No internet service,One year,Yes,Bank transfer (automatic),24.95,143.89,No
CUST-00097,Female,0,Yes,No,34,Yes,Yes,Fiber optic,Yes,No,No,No,Yes,Yes,One year,Yes,Electronic check,96.97,3025.93,Yes
CUST-00098,Male,0,Yes,No,39,Yes,Yes,Fiber optic,No,No,No,No,No,No,One year,Yes,Bank transfer (automatic),80.49,2866.41,No
CUST-00099,Male,0,No,No,55,Yes,Yes,Fiber optic,Yes,No,Yes,Yes,Yes,No,Month-to-month,Yes,Electronic check,109.88,5465.4,Yes
CUST-00100,Female,0,No,No,32,Yes,No,Fiber optic,No,No,Yes,Yes,Yes,No,Month-to-month,Yes,Electronic check,89.85,2857.31,Yes
CUST-00101,Male,1,Yes,No,16,Yes,No,DSL,Yes,No,Yes,No,No,No,Month-to-month,Yes,Electronic check,74.85,1094.41,Yes
CUST-00102,Female,0,No,No,5,Yes,No,Fiber optic,No,No,Yes,No,No,Yes,Month-to-month,Yes,Electronic check,97.64,479.32,Yes
CUST-00103,Male,1,Yes,No,5,Yes,No,No,No internet service,No internet service,No internet service,No internet service,No internet service,No internet service,Month-to-month,No,Credit card (automatic),36.93,172.51,Yes
CUST-00104,Female,0,No,No,24,Yes,Yes,Fiber optic,No,No,No,No,No,No,One year,Yes,Electronic check,75.81,1619.3,No
CUST-00105,Male,0,No,No,24,Yes,Yes,DSL,Yes,Yes,No,No,No,No,One year,Yes,Electronic check,72.21,1586.44,Yes
CUST-00106,Male,0,No,Yes,6,Yes,No,DSL,No,No,Yes,No,No,No,Month-to-month,Yes,Bank transfer (automatic),63.33,354.54,No
CUST-00107,Male,0,Yes,No,34,Yes,Yes,Fiber optic,No,No,No,No,Yes,Yes,Two year,No,Bank transfer (automatic),93.58,2920.93,No
CUST-00108,Male,0,Yes,Yes,19,Yes,Yes,No,No internet service,No internet service,No internet service,No internet service,No internet service,No internet service,Month-to-month,Yes,Credit card (automatic),34.86,638.95,No
CUST-00109,Female,0,No,No,11,Yes,Yes,Fiber optic,No,No,Yes,No,Yes,Yes,One year,No,Credit card (automatic),97.89,993.62,No
CUST-00110,Male,1,Yes,No,9,Yes,No,DSL,No,No,Yes,No,No,No,Month-to-month,No,Bank transfer (automatic),64.91,550.76,Yes
CUST-00111,Female,0,No,Yes,72,Yes,Yes,Fiber optic,No,No,No,No,No,No,Month-to-month,Yes,Electronic check,82.66,5529.66,No
CUST-00112,Male,0,Yes,Yes,4,Yes,No,Fiber optic,No,Yes,No,Yes,Yes,Yes,One year,No,Bank transfer (automatic),99.58,369.81,No
CUST-00113,Male,0,No,No,72,Yes,No,Fiber optic,No,Yes,Yes,No,Yes,No,Month-to-month,Yes,Bank transfer (automatic),98.72,6537.65,Yes
CUST-00114,Female,0,Yes,No,12,Yes,No,Fiber optic,No,No,No,Yes,No,No,One year,Yes,Bank transfer (automatic),74.27,826.6,No
CUST-00115,Male,0,Yes,Yes,72,Yes,Yes,No,No internet service,No internet service,No internet service,No internet service,No internet service,No internet service,One year,Yes,Mailed check,31.74,2251.24,No
CUST-00116,Male,0,No,No,5,Yes,Yes,DSL,Yes,Yes,Yes,No,No,No,One year,No,Electronic check,79.3,370.75,Yes
CUST-00117,Female,0,Yes,Yes,36,Yes,No,No,No internet service,No internet service,No internet service,No internet service,No internet service,No internet service,One year,Yes,Electronic check,31.15,1073.31,No
CUST-00118,Female,0,No,No,63,Yes,Yes,DSL,No,No,Yes,Yes,Yes,Yes,One year,No,Credit card (automatic),84.24,5109.26,No
CUST-00119,Female,0,No,No,64,Yes,Yes,DSL,No,No,Yes,No,Yes,Yes,Two year,Yes,Bank transfer (automatic),81.56,4720.52,No
CUST-00120,Female,0,No,No,36,Yes,Yes,No,No internet service,No internet service,No internet service,No internet service,No internet service,No internet service,Two year,Yes,Mailed check,37.31,1208.73,No
CUST-00121,Female,0,No,Yes,32,Yes,No,DSL,Yes,Yes,No,No,Yes,No,Month-to-month,Yes,Mailed check,82.32,2338.37,No
CUST-00122,Male,0,No,No,7,Yes,No,No,No internet service,No internet service,No internet service,No internet service,No internet service,No internet service,One year,Yes,Electronic check,28.36,180.9,Yes
CUST-00123,Male,0,No,No,52,Yes,No,Fiber optic,Yes,Yes,Yes,No,No,Yes,One year,No,Mailed check,101.44,5074.74,No
CUST-00124,Female,0,Yes,No,59,Yes,No,DSL,No,Yes,No,Yes,No,Yes,Month-to-month,No,Credit card (automatic),74.31,3845.26,Yes
CUST-00125,Male,0,No,No,28,Yes,Yes,DSL,Yes,No,Yes,Yes,Yes,No,Month-to-month,Yes,Bank transfer (automatic),86.73,2315.89,No
CUST-00126,Male,0,No,No,31,Yes,Yes,Fiber optic,No,No,No,Yes,No,No,Month-to-month,Yes,Electronic check,89.03,2506.21,Yes
CUST-00127,Female,0,Yes,No,72,Yes,Yes,Fiber optic,Yes,No,No,Yes,Yes,No,Month-to-month,Yes,Bank transfer (automatic),105.45,7277.47,Yes
CUST-00128,Male,0,No,No,7,Yes,No,No,No internet service,No internet service,No internet service,No internet service,No internet service,No internet service,One year,Yes,Bank transfer (automatic),34.67,223.03,Yes
CUST-00129,Male,0,Yes,Yes,37,Yes,Yes,DSL,Yes,Yes,No,No,No,Yes,Month-to-month,No,Mailed check,76.43,2703.74,No
CUST-00130,Male,1,No,Yes,51,Yes,No,Fiber optic,No,No,Yes,Yes,No,No,Two year,No,Mailed check,95.5,4685.46,No
CUST-00131,Male,0,Yes,No,5,No,No phone service,No,No internet service,No internet service,No internet service,No internet service,No internet service,No internet service,Two year,Yes,Credit card (automatic),20.26,92.33,No
CUST-00132,Male,1,No,No,5,Yes,Yes,No,No internet service,No internet service,No internet service,No internet service,No internet service,No internet service,One year,Yes,Electronic check,37.41,173.14,No
CUST-00133,Female,0,Yes,No,14,No,No phone service,DSL,No,Yes,Yes,Yes,No,No,Two year,Yes,Credit card (automatic),63.97,822.49,Yes
CUST-00134,Male,0,No,No,15,Yes,Yes,Fiber optic,No,No,Yes,No,No,No,Month-to-month,No,Electronic check,87.66,1226.75,Yes
CUST-00135,Male,0,Yes,No,13,Yes,Yes,Fiber optic,Yes,Yes,No,No,No,No,Month-to-month,No,Electronic check,96.84,1175.71,Yes
CUST-00136,Female,0,No,No,16,Yes,Yes,No,No internet service,No internet service,No internet service,No internet service,No internet service,No internet service,Month-to-month,No,Mailed check,33.97,519.99,Yes
CUST-00137,Male,1,No,Yes,16,Yes,No,Fiber optic,No,No,Yes,Yes,No,No,Month-to-month,Yes,Electronic check,93.48,1523.8,Yes
CUST-00138,Female,0,No,No,27,Yes,Yes,Fiber optic,No,Yes,Yes,Yes,Yes,Yes,One year,Yes,Credit card (automatic),114.18,3034.07,No
CUST-00139,Female,0,Yes,No,12,Yes,Yes,Fiber optic,No,No,Yes,Yes,Yes,Yes,Month-to-month,Yes,Bank transfer (automatic),106.99,1141.92,Yes
CUST-00140,Female,0,Yes,No,21,Yes,Yes,DSL,No,No,No,No,No,No,Two year,No,Bank transfer (automatic),67.39,1275.18,No
CUST-00141,Male,0,Yes,No,26,Yes,No,Fiber optic,No,No,No,Yes,No,No,Month-to-month,No,Bank transfer (automatic),77.54,1929.0,No
CUST-00142,Female,0,No,No,19,Yes,No,No,No internet service,No internet service,No internet service,No internet service,No internet service,No internet service,Two year,Yes,Bank transfer (automatic),36.66,633.11,No
CUST-00143,Female,1,Yes,Yes,36,Yes,Yes,DSL,Yes,Yes,Yes,No,No,Yes,One year,Yes,Bank transfer (automatic),83.55,2753.57,No
CUST-00144,Female,0,No,No,70,No,No phone service,No,No internet service,No internet service,No internet service,No internet service,No internet service,No internet service,Month-to-month,No,Credit card (automatic),25.65,1615.45,No
CUST-00145,Male,0,Yes,Yes,7,Yes,Yes,Fiber optic,No,Yes,No,No,No,No,One year,Yes,Bank transfer (automatic),90.29,589.81,No
CUST-00146,Male,0,No,Yes,11,No,No phone service,DSL,No,No,No,No,No,Yes,Two year,Yes,Mailed check,43.72,429.33,No
CUST-00147,Female,0,Yes,No,46,Yes,No,DSL,Yes,No,No,Yes,No,No,Month-to-month,No,Electronic check,80.13,3605.96,Yes
CUST-00148,Female,0,Yes,No,33,Yes,No,No,No internet service,No internet service,No internet service,No internet service,No internet service,No internet service,Month-to-month,Yes,Mailed check,36.08,1150.92,No
CUST-00149,Male,1,Yes,Yes,49,Yes,Yes,Fiber optic,No,No,No,Yes,Yes,Yes,Month-to-month,Yes,Bank transfer (automatic),96.84,4189.01,Yes
CUST-00150,Female,0,Yes,No,44,Yes,No,Fiber optic,No,No,No,No,No,Yes,One year,Yes,Mailed check,85.68,3623.81,Yes
CUST-00151,Male,0,Yes,Yes,16,Yes,Yes,DSL,Yes,No,Yes,No,No,No,Month-to-month,No,Bank transfer (automatic),80.56,1235.51,No
CUST-00152,Female,0,Yes,No,72,Yes,Yes,DSL,No,No,Yes,Yes,No,No,Month-to-month,No,Credit card (automatic),62.08,4264.24,No
CUST-00153,Male,0,No,No,72,Yes,No,Fiber optic,No,Yes,Yes,No,No,No,Month-to-month,No,Bank transfer (automatic),90.76,6172.62,Yes
CUST-00154,Female,0,No,No,11,Yes,Yes,DSL,Yes,Yes,No,No,Yes,No,Month-to-month,Yes,Credit card (automatic),81.53,843.76,Yes
CUST-00155,Female,0,Yes,No,67,Yes,No,Fiber optic,Yes,Yes,Yes,No,No,No,One year,Yes,Bank transfer (automatic),95.7,6113.22,Yes
CUST-00156,Male,0,No,No,71,Yes,No,Fiber optic,No,Yes,Yes,No,Yes,No,Month-to-month,No,Electronic check,88.34,5654.87,No
CUST-00157,Female,0,Yes,Yes,72,Yes,No,Fiber optic,No,No,No,No,No,Yes,Month-to-month,No,Bank transfer (automatic),83.31,5526.92,Yes
CUST-00158,Male,0,Yes,Yes,45,No,No phone service,DSL,No,No,No,No,Yes,No,Month-to-month,Yes,Electronic check,42.69,1903.33,No
CUST-00159,Male,1,Yes,No,20,Yes,No,Fiber optic,No,No,No,No,Yes,No,Month-to-month,Yes,Mailed check,86.11,1620.51,Yes
CUST-00160,Male,0,Yes,Yes,15,Yes,Yes,Fiber optic,No,No,No,No,Yes,Yes,Month-to-month,Yes,Credit card (automatic),93.42,1330.42,Yes
CUST-00161,Male,1,Yes,Yes,20,No,No phone service,DSL,No,No,No,No,No,No,Month-to-month,Yes,Electronic check,44.82,894.19,Yes
CUST-00162,Male,1,No,No,8,No,No phone service,Fiber optic,No,No,Yes,Yes,No,Yes,Month-to-month,No,Bank transfer (automatic),80.49,622.72,Yes
CUST-00163,Female,0,No,No,37,Yes,Yes,DSL,Yes,No,No,No,No,No,Month-to-month,Yes,Mailed check,71.42,2682.0,No
CUST-00164,Female,0,No,Yes,23,Yes,Yes,DSL,Yes,No,Yes,No,No,No,Month-to-month,Yes,Bank transfer (automatic),73.81,1582.46,No
CUST-00165,Female,0,No,Yes,7,Yes,Yes,DSL,No,No,No,No,No,No,Month-to-month,Yes,Electronic check,64.99,422.39,Yes
CUST-00166,Male,0,Yes,Yes,15,Yes,Yes,Fiber optic,Yes,No,No,Yes,Yes,Yes,Month-to-month,No,Electronic check,107.78,1508.38,Yes
CUST-00167,Female,0,No,No,63,Yes,No,Fiber optic,No,Yes,No,No,No,Yes,Two year,No,Credit card (automatic),96.13,5787.5,No
CUST-00168,Female,0,Yes,No,38,Yes,Yes,DSL,No,Yes,No,No,No,No,One year,No,Bank transfer (automatic),71.75,2653.81,No
CUST-00169,Female,0,Yes,Yes,14,Yes,No,Fiber optic,No,No,No,No,No,Yes,Month-to-month,Yes,Credit card (automatic),87.71,1175.04,Yes
CUST-00170,Female,0,Yes,No,72,Yes,No,Fiber optic,No,No,Yes,No,Yes,No,Month-to-month,No,Mailed check,93.29,6496.66,Yes
CUST-00171,Female,1,Yes,No,34,Yes,No,DSL,No,No,No,Yes,Yes,No,Month-to-month,Yes,Mailed check,69.9,2158.95,Yes
CUST-00172,Female,0,No,No,9,Yes,No,Fiber optic,Yes,No,No,Yes,No,No,Two year,Yes,Bank transfer (automatic),92.79,780.32,No
CUST-00173,Male,0,Yes,No,21,Yes,No,DSL,Yes,Yes,Yes,Yes,Yes,Yes,Two year,Yes,Electronic check,94.08,1925.26,Yes
CUST-00174,Male,1,Yes,No,6,Yes,No,Fiber optic,No,No,Yes,No,No,No,Month-to-month,Yes,Electronic check,76.84,431.14,Yes
CUST-00175,Male,0,No,Yes,72,Yes,No,Fiber optic,Yes,No,No,Yes,No,Yes,One year,No,Credit card (automatic),98.27,6327.33,No
CUST-00176,Female,0,No,No,50,Yes,Yes,No,No internet service,No internet service,No internet service,No internet service,No internet service,No internet service,Month-to-month,No,Mailed check,43.71,2148.31,No
CUST-00177,Male,1,Yes,Yes,14,Yes,No,DSL,Yes,No,No,No,Yes,No,One year,Yes,Credit card (automatic),71.93,915.46,Yes
CUST-00178,Female,0,No,No,3,Yes,No,Fiber optic,No,Yes,No,Yes,Yes,Yes,Two year,No,Electronic check,96.42,270.53,Yes
CUST-00179,Male,0,No,Yes,49,Yes,No,Fiber optic,No,No,No,No,Yes,No,Month-to-month,No,Electronic check,80.7,3723.86,Yes
CUST-00180,Male,0,Yes,Yes,33,Yes,Yes,DSL,No,Yes,No,Yes,Yes,No,Month-to-month,Yes,Electronic check,77.92,2255.88,Yes
CUST-00181,Male,1,Yes,No,66,Yes,No,DSL,No,No,No,Yes,Yes,Yes,One year,Yes,Credit card (automatic),76.94,4592.43,No
CUST-00182,Female,0,Yes,No,2,Yes,No,DSL,No,No,Yes,Yes,No,Yes,Month-to-month,No,Credit card (automatic),79.18,146.22,Yes
CUST-00183,Female,0,Yes,No,46,Yes,No,Fiber optic,Yes,No,No,No,Yes,Yes,Month-to-month,Yes,Credit card (automatic),86.27,3859.69,Yes
CUST-00184,Male,0,No,Yes,26,Yes,Yes,No,No internet service,No internet service,No internet service,No internet service,No internet service,No internet service,Month-to-month,Yes,Credit card (automatic),37.1,914.75,Yes
CUST-00185,Female,0,No,No,72,Yes,No,DSL,Yes,No,Yes,No,No,No,Month-to-month,No,Electronic check,69.91,5195.86,Yes
CUST-00186,Female,0,No,No,8,Yes,Yes,DSL,No,Yes,No,No,Yes,No,Month-to-month,No,Credit card (automatic),76.9,619.99,No
CUST-00187,Female,0,No,No,53,Yes,No,No,No internet service,No internet service,No internet service,No internet service,No internet service,No internet service,Month-to-month,No,Bank transfer (automatic),29.13,1438.38,Yes
CUST-00188,Female,1,No,No,47,Yes,Yes,Fiber optic,No,Yes,Yes,No,Yes,No,Month-to-month,Yes,Electronic check,101.3,4506.69,Yes
CUST-00189,Female,0,No,No,7,Yes,No,Fiber optic,Yes,Yes,No,No,No,Yes,Month-to-month,No,Mailed check,96.0,609.92,Yes
CUST-00190,Female,0,No,No,21,Yes,No,Fiber optic,Yes,No,No,No,Yes,Yes,Two year,No,Mailed check,95.0,1821.69,No
CUST-00191,Male,0,Yes,Yes,42,No,No phone service,Fiber optic,Yes,No,No,Yes,Yes,Yes,Month-to-month,No,Electronic check,87.28,3331.68,No
CUST-00192,Male,0,Yes,Yes,14,Yes,Yes,Fiber optic,No,No,No,No,Yes,Yes,One year,Yes,Electronic check,95.26,1171.29,No
CUST-00193,Male,0,No,No,15,Yes,No,No,No internet service,No internet service,No internet service,No internet service,No internet service,No internet service,Two year,Yes,Credit card (automatic),34.11,461.74,No
CUST-00194,Female,0,Yes,Yes,58,Yes,No,No,No internet service,No internet service,No internet service,No internet service,No internet service,No internet service,Two year,No,Mailed check,29.62,1703.67,No
CUST-00195,Male,0,Yes,No,72,Yes,No,DSL,No,Yes,No,No,Yes,No,One year,No,Mailed check,69.76,4824.57,No
CUST-00196,Female,0,Yes,No,54,Yes,No,DSL,No,Yes,No,No,Yes,No,Month-to-month,No,Credit card (automatic),67.74,3182.48,Yes
CUST-00197,Female,0,No,No,7,Yes,No,Fiber optic,No,Yes,Yes,No,Yes,Yes,Month-to-month,No,Credit card (automatic),101.35,655.07,Yes
CUST-00198,Female,0,Yes,Yes,1,Yes,Yes,Fiber optic,No,Yes,No,No,No,Yes,Month-to-month,Yes,Electronic check,95.95,92.75,Yes
CUST-00199,Female,0,Yes,Yes,10,Yes,Yes,Fiber optic,No,Yes,Yes,Yes,Yes,Yes,Two year,Yes,Electronic check,110.05,1008.02,Yes
CUST-00200,Male,1,No,No,45,Yes,Yes,DSL,No,Yes,No,Yes,No,No,One year,No,Electronic check,74.36,3182.27,No
CUST-00201,Female,0,Yes,Yes,50,Yes,Yes,DSL,No,No,Yes,No,No,Yes,Two year,No,Bank transfer (automatic),74.76,3202.03,No
CUST-00202,Male,1,No,Yes,20,Yes,No,DSL,Yes,Yes,Yes,No,No,Yes,Month-to-month,Yes,Mailed check,79.6,1402.25,Yes
CUST-00203,Female,1,Yes,No,10,Yes,Yes,No,No internet service,No internet service,No internet service,No internet service,No internet service,No internet service,Two year,No,Mailed check,30.1,276.17,No
CUST-00204,Male,0,Yes,No,21,Yes,No,Fiber optic,No,No,Yes,Yes,Yes,Yes,One year,Yes,Electronic check,106.7,2112.32,No
CUST-00205,Female,1,Yes,Yes,4,Yes,Yes,Fiber optic,Yes,Yes,No,Yes,No,Yes,Two year,No,Mailed check,105.75,402.2,Yes
CUST-00206,Female,0,No,No,35,Yes,Yes,Fiber optic,Yes,Yes,Yes,Yes,No,No,One year,No,Electronic check,109.49,3346.23,Yes
CUST-00207,Male,0,No,No,32,Yes,Yes,No,No internet service,No internet service,No internet service,No internet service,No internet service,No internet service,One year,No,Mailed check,31.22,936.27,Yes
CUST-00208,Male,0,Yes,No,9,Yes,Yes,DSL,Yes,No,Yes,Yes,No,No,Month-to-month,Yes,Electronic check,82.23,719.6,No
CUST-00209,Female,0,Yes,Yes,55,Yes,Yes,Fiber optic,No,Yes,No,No,Yes,Yes,Month-to-month,No,Mailed check,100.58,4948.94,Yes
CUST-00210,Male,0,No,Yes,28,Yes,No,No,No internet service,No internet service,No internet service,No internet service,No internet service,No internet service,Month-to-month,No,Bank transfer (automatic),25.76,676.92,No
CUST-00211,Female,0,No,No,13,Yes,Yes,Fiber optic,Yes,Yes,No,Yes,Yes,Yes,Month-to-month,Yes,Mailed check,119.44,1465.88,No
CUST-00212,Male,0,Yes,Yes,36,Yes,No,Fiber optic,Yes,No,Yes,No,Yes,No,One year,No,Electronic check,101.54,3527.24,Yes
CUST-00213,Male,0,Yes,No,72,No,No phone service,Fiber optic,Yes,Yes,No,No,Yes,No,Month-to-month,Yes,Mailed check,82.29,5633.51,No
CUST-00214,Female,0,Yes,No,5,No,No phone service,Fiber optic,Yes,No,Yes,No,Yes,Yes,Two year,Yes,Electronic check,89.73,421.01,No
CUST-00215,Male,0,Yes,Yes,72,Yes,No,DSL,Yes,No,Yes,No,No,Yes,One year,No,Mailed check,77.4,5167.53,No
CUST-00216,Female,0,No,No,28,Yes,No,No,No internet service,No internet service,No internet service,No internet service,No internet service,No internet service,One year,Yes,Bank transfer (automatic),31.19,819.55,Yes
CUST-00217,Female,0,No,No,43,Yes,Yes,Fiber optic,No,No,Yes,Yes,Yes,No,Two year,Yes,Credit card (automatic),93.57,4033.57,Yes
CUST-00218,Female,0,No,No,45,Yes,Yes,DSL,Yes,Yes,No,No,No,No,Month-to-month,Yes,Bank transfer (automatic),71.2,2878.82,No
CUST-00219,Female,0,No,No,13,Yes,No,Fiber optic,No,Yes,Yes,No,Yes,No,Month-to-month,Yes,Mailed check,93.0,1090.95,Yes
CUST-00220,Male,0,Yes,No,19,Yes,Yes,DSL,No,No,No,Yes,No,Yes,Month-to-month,Yes,Mailed check,85.26,1534.72,Yes
CUST-00221,Female,0,No,Yes,71,Yes,Yes,Fiber optic,No,Yes,Yes,No,Yes,Yes,Month-to-month,Yes,Credit card (automatic),102.89,6522.73,No
CUST-00222,Female,0,Yes,No,72,Yes,Yes,Fiber optic,No,Yes,No,No,Yes,Yes,Two year,No,Credit card (automatic),99.98,6402.72,No
CUST-00223,Male,0,Yes,No,24,Yes,Yes,Fiber optic,Yes,Yes,No,Yes,No,Yes,Month-to-month,Yes,Credit card (automatic),107.27,2636.96,No
CUST-00224,Female,0,No,No,72,Yes,No,No,No internet service,No internet service,No internet service,No internet service,No internet service,No internet service,Month-to-month,No,Credit card (automatic),35.14,2390.37,Yes
CUST-00225,Male,0,Yes,No,26,Yes,No,Fiber optic,Yes,No,Yes,Yes,No,Yes,One year,Yes,Credit card (automatic),100.03,2489.96,Yes
CUST-00226,Female,0,No,Yes,51,Yes,No,Fiber optic,No,No,No,No,No,No,One year,Yes,Mailed check,77.11,3678.77,Yes
CUST-00227,Male,0,No,No,14,Yes,Yes,Fiber optic,No,No,No,Yes,No,No,Two year,Yes,Bank transfer (automatic),101.65,1381.54,No
CUST-00228,Male,0,No,No,48,Yes,No,No,No internet service,No internet service,No internet service,No internet service,No internet service,No internet service,Two year,No,Mailed check,30.73,1400.45,No
CUST-00229,Male,0,No,Yes,22,Yes,No,Fiber optic,No,Yes,No,No,Yes,Yes,One year,Yes,Mailed check,106.31,2116.49,No
CUST-00230,Female,0,Yes,No,72,Yes,No,No,No internet service,No internet service,No internet service,No internet service,No internet service,No internet service,Two year,Yes,Bank transfer (automatic),31.17,2140.81,No
CUST-00231,Female,0,Yes,No,38,Yes,No,Fiber optic,No,No,Yes,Yes,No,Yes,Two year,Yes,Credit card (automatic),95.85,3339.62,No
CUST-00232,Male,0,No,No,72,Yes,No,Fiber optic,Yes,Yes,No,No,No,Yes,Month-to-month,Yes,Credit card (automatic),99.07,6616.31,Yes
CUST-00233,Female,0,No,No,33,Yes,Yes,DSL,No,Yes,No,No,No,Yes,One year,Yes,Mailed check,74.33,2251.35,No
CUST-00234,Male,0,No,No,28,Yes,No,Fiber optic,Yes,Yes,Yes,No,Yes,No,Month-to-month,No,Mailed check,94.97,2350.59,No
CUST-00235,Female,0,Yes,Yes,32,Yes,No,DSL,No,Yes,No,No,Yes,No,One year,Yes,Mailed check,71.2,2195.93,No
CUST-00236,Male,0,Yes,No,72,Yes,Yes,Fiber optic,No,No,No,No,Yes,No,Month-to-month,Yes,Bank transfer (automatic),84.79,5429.93,Yes
CUST-00237,Male,1,Yes,No,18,Yes,Yes,Fiber optic,Yes,No,No,Yes,No,Yes,Two year,Yes,Mailed check,90.84,1538.95,No
CUST-00238,Female,0,No,No,72,Yes,No,Fiber optic,No,Yes,No,No,Yes,No,Month-to-month,No,Credit card (automatic),91.92,5674.68,Yes
CUST-00239,Female,0,No,No,57,Yes,No,DSL,Yes,Yes,Yes,No,Yes,No,Month-to-month,No,Mailed check,76.05,4226.38,No
CUST-00240,Male,0,No,No,72,Yes,No,DSL,No,No,No,Yes,No,Yes,One year,No,Bank transfer (automatic),73.96,5022.58,No
CUST-00241,Female,1,Yes,No,10,Yes,No,Fiber optic,No,Yes,Yes,Yes,No,Yes,Month-to-month,No,Credit card (automatic),102.08,950.69,Yes
CUST-00242,Male,0,No,No,50,Yes,No,No,No internet service,No internet service,No internet service,No internet service,No internet service,No internet service,Two year,No,Mailed check,36.22,1698.88,No
CUST-00243,Female,1,Yes,Yes,72,Yes,Yes,DSL,No,No,No,No,No,Yes,Two year,Yes,Electronic check,76.47,5232.97,No
CUST-00244,Male,0,Yes,No,72,Yes,No,DSL,No,No,Yes,No,No,Yes,Month-to-month,No,Bank transfer (automatic),73.21,5053.55,Yes
CUST-00245,Male,0,Yes,No,50,Yes,Yes,Fiber optic,No,No,No,No,Yes,Yes,Month-to-month,No,Bank transfer (automatic),100.79,4878.54,No
CUST-00246,Female,0,No,No,20,Yes,No,DSL,No,Yes,Yes,No,Yes,Yes,One year,No,Mailed check,78.08,1529.95,No
CUST-00247,Male,0,Yes,No,19,Yes,Yes,Fiber optic,Yes,No,Yes,No,No,No,Month-to-month,Yes,Electronic check,100.99,1932.05,Yes
CUST-00248,Female,0,Yes,Yes,18,Yes,No,Fiber optic,No,No,No,No,No,No,Month-to-month,Yes,Mailed check,81.42,1387.93,No
CUST-00249,Male,1,No,No,36,Yes,Yes,Fiber optic,No,No,No,No,Yes,Yes,Month-to-month,No,Credit card (automatic),98.18,3232.32,Yes
CUST-00250,Female,0,No,No,32,Yes,No,No,No internet service,No internet service,No internet service,No internet service,No internet service,No internet service,Month-to-month,No,Bank transfer (automatic),37.62,1134.63,No
CUST-00251,Female,1,Yes,No,21,Yes,Yes,Fiber optic,Yes,Yes,Yes,Yes,No,Yes,Month-to-month,Yes,Mailed check,117.33,2119.41,Yes
CUST-00252,Female,0,Yes,Yes,24,Yes,Yes,Fiber optic,Yes,No,Yes,No,No,No,Month-to-month,No,Electronic check,97.4,2093.3,Yes
CUST-00253,Female,0,No,No,29,Yes,No,Fiber optic,No,Yes,No,No,No,No,Two year,No,Electronic check,76.18,2093.14,Yes
CUST-00254,Female,0,No,No,3,Yes,Yes,Fiber optic,No,Yes,No,No,No,No,Two year,Yes,Mailed check,96.69,267.14,Yes
CUST-00255,Male,0,No,No,22,Yes,Yes,Fiber optic,No,No,No,Yes,Yes,Yes,Two year,Yes,Electronic check,99.26,2095.35,No
CUST-00256,Female,0,Yes,Yes,17,Yes,Yes,Fiber optic,No,No,Yes,No,Yes,No,Month-to-month,No,Mailed check,97.52,1548.13,Yes
CUST-00257,Male,0,No,Yes,9,Yes,Yes,DSL,No,No,No,No,No,Yes,One year,Yes,Electronic check,73.55,624.85,Yes
CUST-00258,Female,0,No,No,10,Yes,Yes,Fiber optic,No,Yes,Yes,No,Yes,Yes,One year,No,Mailed check,97.53,903.96,Yes
CUST-00259,Female,0,Yes,Yes,22,Yes,Yes,DSL,Yes,Yes,No,No,Yes,No,One year,Yes,Bank transfer (automatic),79.98,1679.78,No
CUST-00260,Male,0,Yes,Yes,37,Yes,Yes,Fiber optic,No,Yes,No,No,Yes,No,Month-to-month,No,Electronic check,96.79,3294.19,Yes
CUST-00261,Male,0,No,No,39,Yes,Yes,Fiber optic,No,Yes,Yes,Yes,No,Yes,Month-to-month,No,Mailed check,120.54,4197.84,Yes
CUST-00262,Female,0,Yes,No,43,No,No phone service,DSL,No,Yes,No,No,No,No,Month-to-month,No,Credit card (automatic),53.6,2249.05,No
CUST-00263,Female,0,No,Yes,39,Yes,No,Fiber optic,No,Yes,No,No,Yes,No,Month-to-month,No,Electronic check,85.91,3211.78,Yes
CUST-00264,Male,0,No,No,19,Yes,No,Fiber optic,No,Yes,Yes,Yes,No,No,One year,No,Credit card (automatic),100.9,1838.43,Yes
CUST-00265,Male,0,Yes,Yes,10,Yes,Yes,Fiber optic,Yes,Yes,Yes,No,Yes,Yes,Month-to-month,Yes,Electronic check,119.14,1194.51,Yes
CUST-00266,Male,0,No,No,12,Yes,No,Fiber optic,No,No,No,Yes,Yes,Yes,Month-to-month,No,Bank transfer (automatic),94.42,1019.52,Yes
CUST-00267,Female,0,Yes,Yes,26,Yes,Yes,DSL,Yes,No,Yes,No,Yes,No,One year,Yes,Mailed check,81.79,2067.34,No
CUST-00268,Female,0,No,No,32,Yes,Yes,No,No internet service,No internet service,No internet service,No internet service,No internet service,No internet service,Month-to-month,No,Bank transfer (automatic),41.35,1252.96,Yes
CUST-00269,Male,1,No,No,53,Yes,No,Fiber optic,No,No,Yes,No,Yes,No,Month-to-month,No,Mailed check,92.38,4329.71,Yes
CUST-00270,Male,0,No,No,72,Yes,No,Fiber optic,Yes,No,Yes,No,Yes,Yes,Two year,No,Electronic check,100.87,6888.12,Yes
CUST-00271,Female,1,Yes,Yes,20,Yes,Yes,Fiber optic,Yes,No,No,No,Yes,Yes,One year,No,Credit card (automatic),96.67,1860.7,No
CUST-00272,Female,0,No,No,33,Yes,Yes,DSL,Yes,No,No,No,No,Yes,One year,No,Credit card (automatic),68.57,2043.11,No
CUST-00273,Female,0,No,No,44,Yes,Yes,Fiber optic,No,Yes,Yes,No,No,Yes,Month-to-month,No,Bank transfer (automatic),97.19,3935.71,Yes
CUST-00274,Male,0,No,No,29,Yes,Yes,Fiber optic,No,No,No,No,Yes,No,One year,Yes,Mailed check,88.04,2363.58,Yes
CUST-00275,Female,0,No,No,13,Yes,No,DSL,No,Yes,No,No,Yes,Yes,Month-to-month,Yes,Electronic check,74.88,882.09,Yes
CUST-00276,Female,0,Yes,No,15,Yes,No,DSL,No,No,Yes,No,No,No,Two year,Yes,Electronic check,67.71,984.13,No
CUST-00277,Female,0,No,Yes,56,No,No phone service,DSL,Yes,Yes,No,Yes,No,No,One year,Yes,Bank transfer (automatic),56.62,3156.48,No
CUST-00278,Male,0,Yes,No,21,No,No phone service,DSL,No,Yes,Yes,No,No,Yes,Two year,Yes,Electronic check,56.47,1093.4,Yes
CUST-00279,Female,0,Yes,No,23,Yes,No,Fiber optic,No,No,Yes,Yes,No,No,One year,No,Bank transfer (automatic),92.2,1980.79,No
CUST-00280,Female,0,No,No,2,Yes,No,Fiber optic,No,Yes,Yes,Yes,Yes,No,Month-to-month,No,Credit card (automatic),97.46,185.07,Yes
CUST-00281,Female,0,No,No,66,Yes,Yes,DSL,Yes,No,No,No,Yes,Yes,One year,Yes,Mailed check,78.52,5071.15,No
CUST-00282,Female,0,No,No,45,Yes,No,DSL,No,No,No,No,No,No,Two year,Yes,Bank transfer (automatic),58.4,2329.1,No
CUST-00283,Male,0,Yes,No,7,No,No phone service,Fiber optic,No,No,Yes,No,Yes,Yes,Month-to-month,Yes,Electronic check,79.47,526.72,Yes
CUST-00284,Female,0,Yes,No,41,Yes,Yes,Fiber optic,No,Yes,Yes,No,Yes,Yes,Month-to-month,Yes,Mailed check,101.86,3824.66,Yes
CUST-00285,Female,0,Yes,Yes,44,Yes,Yes,Fiber optic,Yes,No,No,Yes,No,No,Month-to-month,No,Mailed check,99.17,4099.43,Yes
CUST-00286,Male,0,Yes,Yes,72,Yes,Yes,No,No internet service,No internet service,No internet service,No internet service,No internet service,No internet service,One year,Yes,Bank transfer (automatic),44.04,2962.26,No
CUST-00287,Female,0,No,No,14,Yes,Yes,Fiber optic,Yes,Yes,Yes,Yes,No,Yes,Month-to-month,Yes,Bank transfer (automatic),110.5,1494.72,Yes
CUST-00288,Male,0,No,No,40,No,No phone service,No,No internet service,No internet service,No internet service,No internet service,No internet service,No internet service,Two year,No,Mailed check,27.87,1059.7,No
CUST-00289,Male,0,Yes,No,18,Yes,No,No,No internet service,No internet service,No internet service,No internet service,No internet service,No internet service,One year,No,Electronic check,29.72,494.16,No
CUST-00290,Female,0,Yes,No,17,Yes,No,DSL,No,No,Yes,No,No,No,One year,No,Mailed check,64.55,1021.29,Yes
CUST-00291,Male,0,Yes,No,72,No,No phone service,No,No internet service,No internet service,No internet service,No internet service,No internet service,No internet service,Month-to-month,Yes,Mailed check,18.0,1237.5,No
CUST-00292,Female,0,No,No,56,Yes,No,Fiber optic,No,No,Yes,No,No,No,Month-to-month,No,Bank transfer (automatic),82.35,4178.72,No
CUST-00293,Male,0,No,Yes,7,Yes,Yes,Fiber optic,No,No,Yes,No,Yes,Yes,Month-to-month,No,Electronic check,109.76,744.15,Yes
CUST-00294,Female,0,Yes,No,6,Yes,No,Fiber optic,No,Yes,Yes,No,Yes,No,One year,Yes,Credit card (automatic),97.07,513.8,Yes
CUST-00295,Male,0,Yes,No,43,Yes,No,DSL,Yes,No,No,No,Yes,Yes,Month-to-month,No,Credit card (automatic),75.73,3325.96,Yes
CUST-00296,Male,1,Yes,Yes,25,Yes,Yes,No,No internet service,No internet service,No internet service,No internet service,No internet service,No internet service,Month-to-month,No,Bank transfer (automatic),35.25,873.49,No
CUST-00297,Male,0,Yes,Yes,12,Yes,No,DSL,Yes,Yes,No,No,No,No,Month-to-month,No,Mailed check,63.71,721.23,Yes
CUST-00298,Female,0,No,No,43,No,No phone service,Fiber optic,Yes,Yes,Yes,No,No,No,Month-to-month,No,Bank transfer (automatic),86.07,3544.11,Yes
CUST-00299,Female,0,No,No,39,Yes,No,Fiber optic,No,No,Yes,Yes,No,No,Month-to-month,No,Mailed check,91.79,3318.08,Yes
CUST-00300,Female,0,Yes,No,28,Yes,No,Fiber optic,Yes,Yes,No,No,Yes,Yes,Two year,Yes,Bank transfer (automatic),97.3,2544.64,No
CUST-00301,Female,1,No,Yes,31,Yes,No,DSL,Yes,No,No,No,No,Yes,Two year,Yes,Mailed check,65.94,1949.98,No
CUST-00302,Male,0,Yes,Yes,13,No,No phone service,DSL,No,No,Yes,No,Yes,Yes,One year,No,Mailed check,62.96,764.69,No
CUST-00303,Female,0,Yes,No,39,Yes,No,No,No internet service,No internet service,No internet service,No internet service,No internet service,No internet service,Month-to-month,No,Bank transfer (automatic),37.54,1352.6,No
CUST-00304,Male,1,No,No,72,No,No phone service,Fiber optic,Yes,Yes,No,No,Yes,Yes,Month-to-month,No,Mailed check,79.48,5542.09,No
CUST-00305,Male,0,Yes,Yes,9,Yes,Yes,DSL,No,Yes,No,No,No,Yes,Two year,Yes,Bank transfer (automatic),75.78,634.49,No
CUST-00306,Female,0,Yes,No,55,Yes,Yes,Fiber optic,Yes,No,No,Yes,Yes,Yes,One year,No,Bank transfer (automatic),108.07,5598.56,No
CUST-00307,Female,0,No,No,11,Yes,No,DSL,No,Yes,No,Yes,Yes,No,One year,No,Bank transfer (automatic),75.99,779.96,No
CUST-00308,Male,0,No,No,48,Yes,Yes,DSL,No,Yes,Yes,Yes,Yes,Yes,Month-to-month,No,Mailed check,91.91,4153.12,Yes
CUST-00309,Female,0,Yes,No,24,Yes,Yes,DSL,No,No,Yes,Yes,Yes,No,Two year,No,Bank transfer (automatic),74.95,1691.99,No
CUST-00310,Female,0,No,No,49,Yes,Yes,Fiber optic,Yes,No,Yes,No,Yes,No,Month-to-month,Yes,Bank transfer (automatic),101.81,4486.77,No
CUST-00311,Male,1,Yes,No,9,Yes,No,Fiber optic,Yes,Yes,Yes,Yes,Yes,Yes,Month-to-month,No,Credit card (automatic),115.53,895.46,Yes
CUST-00312,Male,1,No,No,31,Yes,No,No,No internet service,No internet service,No internet service,No internet service,No internet service,No internet service,Month-to-month,Yes,Mailed check,26.63,763.78,No
CUST-00313,Female,0,Yes,Yes,52,Yes,No,DSL,Yes,Yes,No,No,No,No,Month-to-month,Yes,Electronic check,70.74,3550.07,No
CUST-00314,Female,0,No,Yes,32,Yes,Yes,DSL,Yes,No,Yes,No,Yes,No,Month-to-month,Yes,Electronic check,83.4,2579.69,No
CUST-00315,Female,0,Yes,No,45,Yes,No,Fiber optic,Yes,No,No,Yes,Yes,No,Month-to-month,Yes,Mailed check,90.49,3840.93,Yes
CUST-00316,Male,0,No,No,19,Yes,No,Fiber optic,No,Yes,Yes,No,No,No,Month-to-month,Yes,Bank transfer (automatic),87.22,1498.67,Yes
CUST-00317,Male,0,No,No,46,Yes,No,DSL,No,No,No,Yes,No,Yes,Month-to-month,Yes,Bank transfer (automatic),66.12,2682.34,No
CUST-00318,Male,0,Yes,Yes,72,Yes,No,DSL,Yes,No,No,No,No,Yes,Month-to-month,Yes,Bank transfer (automatic),70.17,4829.21,No
CUST-00319,Male,0,No,No,19,Yes,No,Fiber optic,Yes,No,No,No,Yes,No,Month-to-month,Yes,Electronic check,85.04,1589.77,Yes
CUST-00320,Male,0,Yes,Yes,45,Yes,No,Fiber optic,No,Yes,No,No,No,Yes,Month-to-month,Yes,Credit card (automatic),82.38,3494.8,No
CUST-00321,Female,0,No,No,15,Yes,No,DSL,Yes,No,Yes,No,Yes,Yes,Month-to-month,No,Electronic check,82.96,1241.2,Yes
CUST-00322,Female,0,Yes,No,72,Yes,No,Fiber optic,No,No,Yes,No,No,No,Month-to-month,Yes,Electronic check,89.24,6202.42,Yes
CUST-00323,Male,0,Yes,Yes,7,Yes,No,Fiber optic,No,Yes,No,No,Yes,No,Month-to-month,Yes,Bank transfer (automatic),88.62,577.92,No
CUST-00324,Male,0,No,No,38,Yes,Yes,DSL,No,No,No,No,No,Yes,One year,Yes,Electronic check,61.68,2106.41,No
CUST-00325,Male,0,Yes,No,29,Yes,Yes,DSL,Yes,No,Yes,No,Yes,No,Month-to-month,No,Electronic check,76.21,2027.28,Yes
CUST-00326,Female,1,No,No,19,No,No phone service,Fiber optic,No,No,No,No,Yes,No,Month-to-month,No,Mailed check,67.19,1099.4,Yes
CUST-00327,Female,0,No,No,18,Yes,No,No,No internet service,No internet service,No internet service,No internet service,No internet service,No internet service,Two year,No,Electronic check,33.81,580.01,No
CUST-00328,Female,1,Yes,Yes,27,No,No phone service,No,No internet service,No internet service,No internet service,No internet service,No internet service,No internet service,Month-to-month,Yes,Bank transfer (automatic),18.0,461.24,No
CUST-00329,Female,0,Yes,No,72,Yes,Yes,DSL,No,No,Yes,No,No,No,Month-to-month,Yes,Mailed check,71.51,4990.44,Yes
CUST-00330,Male,0,No,No,34,No,No phone service,DSL,No,No,Yes,Yes,Yes,Yes,One year,No,Electronic check,62.04,1967.11,No
CUST-00331,Male,1,No,No,4,Yes,No,DSL,No,No,Yes,Yes,No,No,Month-to-month,Yes,Credit card (automatic),75.21,276.39,Yes
CUST-00332,Female,0,Yes,No,6,Yes,Yes,Fiber optic,No,Yes,No,Yes,No,Yes,Month-to-month,Yes,Bank transfer (automatic),94.6,534.53,No
CUST-00333,Female,0,Yes,Yes,34,Yes,Yes,Fiber optic,Yes,Yes,Yes,Yes,No,No,Month-to-month,Yes,Bank transfer (automatic),105.94,3340.52,No
CUST-00334,Male,0,No,No,59,Yes,No,Fiber optic,No,No,No,No,No,Yes,Month-to-month,No,Credit card (automatic),81.82,4664.92,Yes
CUST-00335,Female,0,No,No,13,Yes,Yes,Fiber optic,No,Yes,No,Yes,Yes,No,One year,Yes,Electronic check,102.22,1311.11,Yes
CUST-00336,Male,0,No,No,32,Yes,No,No,No internet service,No internet service,No internet service,No internet service,No internet service,No internet service,Month-to-month,Yes,Electronic check,26.87,790.06,Yes
CUST-00337,Male,0,Yes,No,60,Yes,No,No,No internet service,No internet service,No internet service,No internet service,No internet service,No internet service,Month-to-month,Yes,Bank transfer (automatic),33.51,1992.08,No
CUST-00338,Female,1,No,No,36,Yes,No,DSL,No,Yes,Yes,No,No,No,One year,Yes,Electronic check,67.49,2387.72,No
CUST-00339,Female,0,No,No,30,Yes,Yes,DSL,Yes,No,No,No,No,Yes,Two year,Yes,Credit card (automatic),76.87,2137.8,No
CUST-00340,Male,0,Yes,No,21,Yes,Yes,No,No internet service,No internet service,No internet service,No internet service,No internet service,No internet service,One year,No,Electronic check,36.37,723.57,No
CUST-00341,Male,0,Yes,Yes,24,No,No phone service,DSL,No,Yes,Yes,No,Yes,Yes,Two year,Yes,Electronic check,70.99,1577.16,No
CUST-00342,Female,0,Yes,No,46,Yes,No,Fiber optic,Yes,No,No,Yes,Yes,Yes,Month-to-month,No,Mailed check,100.87,4314.31,Yes
CUST-00343,Male,0,No,No,51,Yes,Yes,No,No internet service,No internet service,No internet service,No internet service,No internet service,No internet service,Month-to-month,No,Electronic check,37.39,1729.89,Yes
CUST-00344,Male,0,Yes,Yes,50,Yes,No,DSL,No,No,Yes,Yes,Yes,Yes,Month-to-month,Yes,Bank transfer (automatic),79.58,3601.37,No
CUST-00345,Male,0,No,No,15,Yes,No,Fiber optic,No,No,No,No,Yes,No,One year,Yes,Bank transfer (automatic),83.21,1181.61,No
CUST-00346,Female,0,No,No,1,Yes,No,Fiber optic,No,Yes,No,No,Yes,No,Month-to-month,Yes,Mailed check,92.78,84.29,Yes
CUST-00347,Male,0,Yes,No,19,Yes,No,DSL,No,No,Yes,No,No,Yes,One year,No,Electronic check,70.21,1210.07,No
CUST-00348,Male,0,No,No,54,Yes,Yes,Fiber optic,No,No,Yes,No,No,Yes,Month-to-month,No,Bank transfer (automatic),94.71,4986.91,Yes
CUST-00349,Female,0,No,No,72,Yes,Yes,No,No internet service,No internet service,No internet service,No internet service,No internet service,No internet service,One year,No,Mailed check,42.26,2961.84,No
CUST-00350,Female,0,Yes,Yes,11,Yes,Yes,DSL,Yes,No,No,Yes,Yes,Yes,Two year,No,Mailed check,96.38,1001.53,No
CUST-00351,Male,0,No,Yes,45,Yes,No,Fiber optic,No,No,Yes,Yes,Yes,Yes,Month-to-month,Yes,Mailed check,97.94,4080.7,Yes
CUST-00352,Female,0,No,No,16,Yes,No,Fiber optic,Yes,Yes,No,No,No,No,Month-to-month,No,Credit card (automatic),91.04,1439.36,No
CUST-00353,Female,0,Yes,No,72,Yes,Yes,DSL,No,No,No,No,No,No,One year,No,Electronic check,61.36,3973.44,No
CUST-00354,Female,0,No,No,53,Yes,No,Fiber optic,No,Yes,No,No,No,No,Month-to-month,Yes,Bank transfer (automatic),86.79,4356.06,No
CUST-00355,Male,0,No,Yes,36,No,No phone service,DSL,No,Yes,Yes,No,Yes,No,Two year,No,Mailed check,66.32,2118.78,No
CUST-00356,Male,0,Yes,No,38,Yes,No,No,No internet service,No internet service,No internet service,No internet service,No internet service,No internet service,Month-to-month,No,Electronic check,26.76,929.66,No
CUST-00357,Female,0,No,No,67,Yes,Yes,DSL,Yes,No,Yes,No,No,No,Month-to-month,No,Electronic check,77.48,4759.32,Yes
CUST-00358,Male,0,No,No,5,No,No phone service,DSL,Yes,No,Yes,Yes,No,Yes,One year,No,Mailed check,58.47,280.96,No
CUST-00359,Female,0,No,Yes,26,Yes,No,No,No internet service,No internet service,No internet service,No internet service,No internet service,No internet service,One year,Yes,Electronic check,30.36,723.82,Yes
CUST-00360,Male,0,Yes,Yes,10,Yes,No,No,No internet service,No internet service,No internet service,No internet service,No internet service,No internet service,Month-to-month,No,Mailed check,32.57,302.48,No
CUST-00361,Male,0,Yes,No,37,No,No phone service,No,No internet service,No internet service,No internet service,No internet service,No internet service,No internet service,One year,Yes,Credit card (automatic),20.72,707.73,No
CUST-00362,Male,0,Yes,No,32,Yes,No,Fiber optic,No,No,Yes,No,No,Yes,Month-to-month,No,Bank transfer (automatic),85.14,2544.98,No
CUST-00363,Female,0,No,No,36,Yes,Yes,Fiber optic,No,Yes,Yes,Yes,No,No,Two year,No,Electronic check,95.98,3264.34,No
CUST-00364,Male,0,No,No,8,Yes,Yes,DSL,No,Yes,No,Yes,Yes,Yes,One year,Yes,Electronic check,83.62,622.96,Yes
CUST-00365,Female,0,No,No,60,No,No phone service,Fiber optic,Yes,No,Yes,No,Yes,No,Month-to-month,Yes,Mailed check,81.25,4685.66,No
CUST-00366,Male,0,Yes,No,48,Yes,Yes,DSL,No,Yes,No,No,Yes,Yes,Month-to-month,Yes,Electronic check,74.82,3580.17,Yes
CUST-00367,Female,0,No,No,19,Yes,No,DSL,Yes,No,No,Yes,No,No,Month-to-month,No,Electronic check,80.79,1510.92,Yes
CUST-00368,Female,0,No,No,51,Yes,No,No,No internet service,No internet service,No internet service,No internet service,No internet service,No internet service,One year,Yes,Electronic check,29.8,1532.84,No
CUST-00369,Female,0,No,No,2,Yes,Yes,Fiber optic,Yes,Yes,Yes,No,Yes,No,Two year,No,Credit card (automatic),103.0,190.26,Yes
CUST-00370,Male,0,No,No,10,Yes,Yes,DSL,No,Yes,No,No,No,Yes,One year,No,Credit card (automatic),69.99,671.64,No
CUST-00371,Female,1,No,No,27,No,No phone service,DSL,No,Yes,Yes,No,Yes,Yes,One year,No,Electronic check,68.25,1738.11,No
CUST-00372,Male,0,Yes,Yes,22,Yes,Yes,DSL,No,No,Yes,No,No,Yes,Month-to-month,No,Electronic check,73.53,1629.42,Yes
CUST-00373,Female,1,No,No,70,Yes,No,Fiber optic,No,Yes,Yes,Yes,Yes,No,Month-to-month,No,Credit card (automatic),103.49,6968.99,No
CUST-00374,Female,0,No,No,46,No,No phone service,Fiber optic,No,Yes,Yes,No,Yes,Yes,Two year,Yes,Bank transfer (automatic),87.52,3869.61,No
CUST-00375,Male,0,No,No,72,Yes,Yes,DSL,Yes,No,Yes,No,No,No,Month-to-month,Yes,Bank transfer (automatic),84.5,5786.4,No
CUST-00376,Female,0,Yes,Yes,7,Yes,No,DSL,No,No,No,Yes,No,Yes,One year,No,Bank transfer (automatic),64.62,,No
CUST-00377,Male,0,No,No,22,Yes,Yes,DSL,Yes,Yes,No,Yes,Yes,Yes,Two year,Yes,Mailed check,92.2,2067.61,No
CUST-00378,Male,1,Yes,Yes,10,No,No phone service,Fiber optic,Yes,Yes,No,Yes,Yes,Yes,Month-to-month,Yes,Electronic check,90.34,811.89,Yes
CUST-00379,Female,0,Yes,Yes,36,No,No phone service,Fiber optic,Yes,No,No,No,No,Yes,Two year,No,Credit card (automatic),65.7,2212.09,No
CUST-00380,Female,1,Yes,No,7,Yes,Yes,Fiber optic,No,Yes,Yes,No,No,No,Month-to-month,No,Credit card (automatic),97.98,666.54,No
CUST-00381,Female,0,Yes,Yes,32,Yes,No,DSL,No,Yes,No,No,No,No,One year,No,Mailed check,63.11,1850.65,No
CUST-00382,Male,1,Yes,Yes,14,Yes,No,DSL,Yes,No,Yes,No,Yes,No,Month-to-month,No,Electronic check,78.75,1026.65,Yes
CUST-00383,Male,1,No,No,51,Yes,Yes,Fiber optic,No,No,No,Yes,Yes,No,Two year,Yes,Mailed check,96.7,4807.29,No
CUST-00384,Female,0,No,No,27,Yes,No,Fiber optic,No,No,No,No,No,Yes,Month-to-month,No,Credit card (automatic),84.14,2119.79,No
CUST-00385,Female,0,Yes,Yes,6,Yes,Yes,Fiber optic,No,No,Yes,No,Yes,Yes,Month-to-month,No,Mailed check,107.4,580.16,Yes
CUST-00386,Female,0,No,No,57,Yes,No,Fiber optic,No,Yes,No,No,Yes,No,One year,Yes,Credit card (automatic),86.65,4953.7,No
CUST-00387,Female,0,No,No,58,Yes,No,Fiber optic,No,No,No,No,No,Yes,Two year,Yes,Bank transfer (automatic),88.13,4807.06,No
CUST-00388,Male,1,No,No,49,Yes,No,No,No internet service,No internet service,No internet service,No internet service,No internet service,No internet service,Month-to-month,Yes,Mailed check,34.52,1569.16,No
CUST-00389,Male,0,Yes,No,19,Yes,No,Fiber optic,No,Yes,No,Yes,No,No,Two year,No,Bank transfer (automatic),97.26,1817.66,No
CUST-00390,Female,0,Yes,Yes,42,No,No phone service,Fiber optic,No,Yes,No,Yes,Yes,No,Two year,Yes,Credit card (automatic),79.4,3027.92,Yes
CUST-00391,Male,0,No,No,61,Yes,No,DSL,Yes,No,Yes,No,No,Yes,Month-to-month,Yes,Bank transfer (automatic),85.59,4655.59,Yes
CUST-00392,Female,0,No,No,25,Yes,No,No,No internet service,No internet service,No internet service,No internet service,No internet service,No internet service,Month-to-month,Yes,Credit card (automatic),30.93,721.87,Yes
CUST-00393,Female,1,No,No,26,Yes,No,DSL,Yes,No,Yes,Yes,Yes,No,Month-to-month,Yes,Mailed check,82.91,2041.95,Yes
CUST-00394,Male,0,Yes,No,30,Yes,Yes,Fiber optic,Yes,No,No,No,Yes,Yes,Month-to-month,No,Electronic check,98.72,2623.74,Yes
CUST-00395,Male,0,No,No,50,Yes,No,DSL,Yes,Yes,No,Yes,Yes,Yes,Two year,No,Electronic check,90.23,4163.27,No
CUST-00396,Male,1,No,No,33,No,No phone service,Fiber optic,No,No,No,No,No,Yes,Two year,No,Electronic check,67.06,2089.15,No
CUST-00397,Female,0,No,Yes,44,Yes,No,Fiber optic,Yes,Yes,No,No,Yes,Yes,Month-to-month,No,Bank transfer (automatic),112.96,4595.1,Yes
CUST-00398,Female,0,No,No,24,Yes,No,DSL,Yes,Yes,No,Yes,No,Yes,Month-to-month,No,Electronic check,81.84,1791.7,Yes
CUST-00399,Female,0,No,No,23,Yes,Yes,DSL,Yes,Yes,No,Yes,No,No,One year,No,Electronic check,81.09,1692.82,No
CUST-00400,Female,0,No,Yes,46,Yes,Yes,Fiber optic,No,Yes,Yes,Yes,Yes,Yes,Month-to-month,No,Credit card (automatic),108.3,4654.87,Yes
CUST-00401,Male,0,No,No,17,Yes,Yes,DSL,Yes,No,No,No,No,No,One year,Yes,Credit card (automatic),61.43,996.64,No
CUST-00402,Male,1,No,No,11,Yes,No,DSL,No,No,Yes,Yes,Yes,No,Month-to-month,Yes,Electronic check,76.95,789.68,Yes
CUST-00403,Female,0,No,No,16,Yes,No,DSL,No,No,No,No,Yes,Yes,One year,Yes,Bank transfer (automatic),65.13,931.44,No
CUST-00404,Male,1,Yes,No,23,Yes,Yes,Fiber optic,No,No,No,No,Yes,No,Month-to-month,No,Mailed check,93.74,1981.86,Yes
CUST-00405,Female,1,No,Yes,28,Yes,Yes,No,No internet service,No internet service,No internet service,No internet service,No internet service,No internet service,Month-to-month,No,Electronic check,26.9,723.65,Yes
CUST-00406,Male,0,No,Yes,19,Yes,Yes,Fiber optic,No,No,No,Yes,Yes,No,Month-to-month,Yes,Mailed check,91.13,1628.89,No
CUST-00407,Female,0,Yes,Yes,21,Yes,No,Fiber optic,Yes,Yes,No,No,Yes,Yes,Two year,Yes,Bank transfer (automatic),101.32,1881.99,No
CUST-00408,Female,0,Yes,Yes,37,Yes,Yes,Fiber optic,No,Yes,No,No,No,No,Two year,Yes,Credit card (automatic),96.76,3617.47,Yes
CUST-00409,Male,0,No,No,14,No,No phone service,DSL,Yes,No,No,No,Yes,No,Two year,No,Bank transfer (automatic),54.61,738.35,No
CUST-00410,Female,0,No,No,49,Yes,No,No,No internet service,No internet service,No internet service,No internet service,No internet service,No internet service,One year,Yes,Credit card (automatic),33.74,1598.69,No
CUST-00411,Female,0,Yes,No,13,Yes,Yes,Fiber optic,Yes,No,Yes,Yes,Yes,Yes,Month-to-month,No,Electronic check,107.41,1288.72,No
CUST-00412,Female,0,Yes,No,28,Yes,No,Fiber optic,No,Yes,Yes,No,Yes,No,Month-to-month,No,Electronic check,95.41,2524.97,Yes
CUST-00413,Female,0,Yes,No,26,Yes,No,No,No internet service,No internet service,No internet service,No internet service,No internet service,No internet service,One year,Yes,Credit card (automatic),31.09,746.27,No
CUST-00414,Female,0,No,No,70,No,No phone service,DSL,Yes,No,Yes,Yes,Yes,No,Month-to-month,No,Mailed check,73.34,4926.01,No
CUST-00415,Female,0,No,No,24,Yes,No,No,No internet service,No internet service,No internet service,No internet service,No internet service,No internet service,One year,Yes,Electronic check,23.76,546.25,No
CUST-00416,Male,0,No,No,54,Yes,No,DSL,No,Yes,Yes,Yes,No,No,Month-to-month,Yes,Credit card (automatic),78.75,3707.85,No
CUST-00417,Male,0,Yes,No,46,Yes,Yes,DSL,No,No,No,Yes,Yes,No,Month-to-month,Yes,Electronic check,72.76,3296.45,No
CUST-00418,Female,0,No,No,18,Yes,Yes,DSL,No,Yes,No,No,No,No,One year,Yes,Bank transfer (automatic),69.57,1209.71,No
CUST-00419,Female,0,No,No,66,Yes,Yes,Fiber optic,No,Yes,Yes,Yes,No,Yes,Two year,No,Mailed check,106.06,6747.58,No
CUST-00420,Male,1,No,No,19,Yes,Yes,DSL,No,Yes,Yes,Yes,No,Yes,Month-to-month,Yes,Electronic check,84.69,1473.18,Yes
CUST-00421,Male,1,Yes,No,22,Yes,Yes,Fiber optic,Yes,Yes,No,No,Yes,Yes,Month-to-month,No,Credit card (automatic),102.07,2136.3,Yes
CUST-00422,Male,0,Yes,Yes,39,Yes,No,DSL,No,Yes,Yes,Yes,Yes,Yes,One year,Yes,Bank transfer (automatic),79.48,2719.26,No
CUST-00423,Male,0,No,No,20,Yes,Yes,DSL,No,No,Yes,Yes,Yes,No,Month-to-month,No,Credit card (automatic),92.65,1778.62,No
CUST-00424,Male,0,Yes,Yes,7,Yes,No,Fiber optic,No,No,No,Yes,Yes,Yes,One year,Yes,Mailed check,94.8,621.28,Yes
CUST-00425,Female,0,No,No,22,Yes,No,DSL,No,Yes,No,No,No,No,Two year,No,Credit card (automatic),59.83,1267.18,No
CUST-00426,Female,0,No,No,22,Yes,No,Fiber optic,No,No,No,No,Yes,No,Month-to-month,No,Electronic check,87.67,1724.79,Yes
CUST-00427,Male,0,Yes,No,12,Yes,No,DSL,No,Yes,Yes,No,No,No,Month-to-month,Yes,Mailed check,73.88,810.52,No
CUST-00428,Male,1,Yes,No,28,Yes,No,Fiber optic,No,No,Yes,No,Yes,No,Month-to-month,Yes,Mailed check,90.11,2342.64,Yes
CUST-00429,Female,1,No,No,28,No,No phone service,DSL,No,No,No,No,Yes,Yes,Month-to-month,Yes,Mailed check,50.38,1331.42,Yes
CUST-00430,Male,0,No,Yes,37,No,No phone service,Fiber optic,Yes,No,No,No,No,No,Month-to-month,Yes,Mailed check,73.71,2597.58,Yes
CUST-00431,Female,0,No,No,10,No,No phone service,Fiber optic,No,Yes,Yes,No,Yes,Yes,Month-to-month,No,Electronic check,82.24,816.48,Yes
CUST-00432,Male,0,Yes,No,11,Yes,Yes,Fiber optic,Yes,No,Yes,No,Yes,Yes,Month-to-month,Yes,Bank transfer (automatic),102.87,1050.42,Yes
CUST-00433,Male,1,No,Yes,50,Yes,Yes,Fiber optic,No,No,Yes,No,No,No,Month-to-month,No,Electronic check,85.6,3933.7,No
CUST-00434,Female,0,Yes,No,12,Yes,Yes,DSL,Yes,Yes,Yes,Yes,No,Yes,One year,No,Electronic check,87.53,1036.56,No
CUST-00435,Female,0,No,No,34,Yes,No,Fiber optic,Yes,Yes,Yes,Yes,Yes,Yes,Two year,Yes,Bank transfer (automatic),115.25,,No
CUST-00436,Female,0,No,No,24,No,No phone service,DSL,No,No,Yes,No,No,Yes,Two year,Yes,Credit card (automatic),52.56,1215.56,No
CUST-00437,Male,0,Yes,Yes,15,Yes,No,Fiber optic,No,Yes,Yes,No,No,Yes,Month-to-month,Yes,Credit card (automatic),106.41,1446.34,Yes
CUST-00438,Male,0,No,Yes,69,Yes,No,DSL,No,Yes,No,No,No,Yes,One year,Yes,Electronic check,71.14,4485.42,No
CUST-00439,Female,0,No,No,28,Yes,Yes,DSL,No,Yes,Yes,Yes,No,No,Month-to-month,Yes,Credit card (automatic),82.1,2290.3,Yes
CUST-00440,Female,0,Yes,No,17,Yes,Yes,Fiber optic,No,No,No,Yes,No,No,One year,Yes,Electronic check,91.6,1510.91,No
CUST-00441,Male,0,No,Yes,6,Yes,No,Fiber optic,Yes,No,No,Yes,No,Yes,Month-to-month,Yes,Electronic check,92.87,533.62,No
CUST-00442,Female,0,No,No,43,Yes,Yes,Fiber optic,No,No,Yes,No,Yes,No,Month-to-month,Yes,Electronic check,99.79,4205.45,Yes
CUST-00443,Female,0,No,Yes,12,Yes,Yes,Fiber optic,No,No,Yes,Yes,Yes,No,Month-to-month,No,Mailed check,97.64,1112.05,No
CUST-00444,Female,0,Yes,Yes,65,No,No phone service,Fiber optic,No,Yes,Yes,No,Yes,No,Two year,Yes,Credit card (automatic),78.31,4725.09,Yes
CUST-00445,Male,1,No,No,26,Yes,Yes,No,No internet service,No internet service,No internet service,No internet service,No internet service,No internet service,Month-to-month,No,Credit card (automatic),42.93,1032.13,Yes
CUST-00446,Male,0,Yes,Yes,72,Yes,No,Fiber optic,No,No,Yes,Yes,Yes,No,One year,No,Mailed check,101.61,6987.8,No
CUST-00447,Female,0,No,Yes,22,Yes,Yes,No,No internet service,No internet service,No internet service,No internet service,No internet service,No internet service,Month-to-month,No,Mailed check,48.33,994.12,Yes
CUST-00448,Male,0,No,No,12,Yes,Yes,No,No internet service,No internet service,No internet service,No internet service,No internet service,No internet service,One year,No,Electronic check,37.0,412.26,No
CUST-00449,Male,0,Yes,No,29,Yes,No,Fiber optic,Yes,No,Yes,No,No,Yes,Month-to-month,Yes,Electronic check,97.95,2839.09,Yes
CUST-00450,Female,0,Yes,Yes,16,Yes,No,DSL,Yes,No,Yes,No,No,Yes,One year,No,Mailed check,67.33,1037.26,No
CUST-00451,Male,0,No,Yes,3,Yes,Yes,No,No internet service,No internet service,No internet service,No internet service,No internet service,No internet service,Two year,No,Electronic check,46.09,125.69,No
CUST-00452,Male,0,Yes,No,51,Yes,Yes,Fiber optic,Yes,Yes,Yes,No,No,No,Month-to-month,No,Bank transfer (automatic),100.75,5109.67,Yes
CUST-00453,Female,0,No,No,35,Yes,Yes,DSL,No,No,No,No,Yes,No,One year,Yes,Credit card (automatic),73.68,2358.22,No
CUST-00454,Female,0,No,No,14,Yes,No,DSL,No,Yes,Yes,No,No,Yes,Month-to-month,No,Electronic check,78.39,1027.16,Yes
CUST-00455,Male,1,No,No,10,No,No phone service,DSL,Yes,Yes,No,Yes,Yes,No,Two year,Yes,Bank transfer (automatic),68.13,641.09,No
CUST-00456,Male,0,Yes,No,11,Yes,No,DSL,No,Yes,Yes,Yes,Yes,Yes,Month-to-month,No,Mailed check,83.65,892.44,Yes
CUST-00457,Female,1,Yes,No,28,Yes,Yes,Fiber optic,No,No,No,No,No,Yes,Month-to-month,Yes,Mailed check,87.19,2366.82,Yes
CUST-00458,Male,1,Yes,Yes,72,No,No phone service,Fiber optic,No,No,No,Yes,Yes,Yes,One year,No,Electronic check,84.62,5487.71,No
CUST-00459,Male,0,No,No,23,Yes,Yes,DSL,No,No,Yes,No,Yes,Yes,One year,No,Bank transfer (automatic),79.19,1752.28,No
CUST-00460,Female,0,No,Yes,6,Yes,Yes,Fiber optic,No,Yes,No,No,Yes,No,Month-to-month,Yes,Bank transfer (automatic),92.86,510.32,Yes
CUST-00461,Male,0,No,Yes,12,Yes,No,DSL,Yes,No,No,No,Yes,Yes,Two year,No,Electronic check,75.01,855.41,No
CUST-00462,Female,0,Yes,No,30,Yes,No,DSL,No,Yes,Yes,No,Yes,No,Two year,Yes,Mailed check,74.89,2016.03,Yes
CUST-00463,Male,0,Yes,No,14,Yes,No,DSL,Yes,Yes,Yes,No,No,No,Month-to-month,No,Credit card (automatic),73.6,995.92,No
CUST-00464,Female,0,Yes,Yes,8,Yes,Yes,No,No internet service,No internet service,No internet service,No internet service,No internet service,No internet service,One year,No,Mailed check,38.35,279.67,No
CUST-00465,Female,0,No,Yes,24,No,No phone service,DSL,No,No,Yes,No,No,No,Month-to-month,No,Credit card (automatic),50.73,1169.9,Yes
CUST-00466,Male,0,Yes,Yes,12,Yes,No,DSL,Yes,No,Yes,Yes,Yes,No,Month-to-month,Yes,Credit card (automatic),76.46,859.76,Yes
CUST-00467,Female,0,Yes,No,32,Yes,Yes,No,No internet service,No internet service,No internet service,No internet service,No internet service,No internet service,Two year,Yes,Credit card (automatic),33.76,1048.47,No
CUST-00468,Male,0,No,No,32,Yes,Yes,Fiber optic,No,Yes,Yes,Yes,No,Yes,Month-to-month,Yes,Electronic check,109.56,3309.86,Yes
CUST-00469,Female,0,No,No,40,Yes,No,DSL,No,Yes,No,No,No,No,Month-to-month,Yes,Credit card (automatic),66.34,2522.92,No
CUST-00470,Male,1,Yes,Yes,45,Yes,No,Fiber optic,No,No,Yes,No,No,No,One year,Yes,Bank transfer (automatic),82.97,3422.57,No
CUST-00471,Male,0,No,No,14,Yes,No,DSL,No,Yes,Yes,No,No,Yes,Month-to-month,No,Electronic check,72.98,965.69,No
CUST-00472,Male,0,Yes,No,51,Yes,Yes,DSL,No,Yes,Yes,No,No,No,Two year,Yes,Bank transfer (automatic),79.59,3557.9,No
CUST-00473,Female,0,Yes,No,20,Yes,No,No,No internet service,No internet service,No internet service,No internet service,No internet service,No internet service,Two year,Yes,Bank transfer (automatic),27.7,536.33,No
CUST-00474,Female,0,Yes,No,4,Yes,No,Fiber optic,Yes,No,Yes,No,No,Yes,Month-to-month,Yes,Mailed check,90.39,366.77,Yes
CUST-00475,Male,0,Yes,No,47,No,No phone service,DSL,Yes,Yes,No,Yes,No,No,Two year,Yes,Bank transfer (automatic),57.05,2535.62,No
CUST-00476,Male,0,No,Yes,68,No,No phone service,Fiber optic,Yes,No,No,Yes,No,Yes,One year,Yes,Credit card (automatic),69.49,4603.11,No
CUST-00477,Male,0,No,No,23,Yes,Yes,DSL,No,No,Yes,No,Yes,No,Month-to-month,Yes,Mailed check,84.93,1782.29,Yes
CUST-00478,Female,1,No,Yes,53,Yes,No,No,No internet service,No internet service,No internet service,No internet service,No internet service,No internet service,Month-to-month,No,Bank transfer (automatic),27.13,1386.79,Yes
CUST-00479,Male,1,Yes,Yes,24,No,No phone service,DSL,No,No,No,No,Yes,Yes,Two year,Yes,Bank transfer (automatic),59.59,1364.64,No
CUST-00480,Female,0,No,Yes,17,Yes,No,DSL,No,Yes,Yes,No,No,Yes,Month-to-month,No,Electronic check,76.79,1254.79,Yes
CUST-00481,Female,0,No,No,24,Yes,Yes,DSL,No,No,No,Yes,Yes,No,Month-to-month,No,Credit card (automatic),77.7,1781.91,No
CUST-00482,Male,0,Yes,Yes,26,No,No phone service,Fiber optic,No,No,No,No,No,Yes,Month-to-month,Yes,Electronic check,76.98,1883.44,Yes
CUST-00483,Female,1,No,No,30,Yes,Yes,DSL,Yes,Yes,No,No,Yes,No,Month-to-month,Yes,Bank transfer (automatic),83.55,2336.74,Yes
CUST-00484,Male,0,No,No,21,Yes,No,DSL,No,No,No,No,No,Yes,One year,No,Electronic check,64.26,1245.25,Yes
CUST-00485,Female,0,No,No,45,Yes,No,DSL,No,No,Yes,Yes,No,No,Month-to-month,No,Credit card (automatic),76.69,3433.58,No
CUST-00486,Female,0,Yes,No,38,Yes,No,No,No internet service,No internet service,No internet service,No internet service,No internet service,No internet service,One year,Yes,Credit card (automatic),23.33,839.1,No
CUST-00487,Female,0,No,No,11,Yes,Yes,Fiber optic,No,Yes,No,Yes,Yes,No,Two year,Yes,Electronic check,107.25,1099.87,No
CUST-00488,Male,0,No,No,18,Yes,Yes,Fiber optic,No,No,No,No,No,Yes,Month-to-month,Yes,Bank transfer (automatic),90.94,1613.72,No
CUST-00489,Male,0,No,No,43,Yes,No,DSL,Yes,No,Yes,No,No,No,Month-to-month,Yes,Electronic check,69.63,2882.87,Yes
CUST-00490,Male,0,No,No,24,No,No phone service,Fiber optic,Yes,Yes,No,No,Yes,No,Month-to-month,No,Credit card (automatic),79.4,1837.1,Yes
CUST-00491,Male,0,Yes,No,14,Yes,No,DSL,No,No,No,No,No,No,One year,Yes,Credit card (automatic),60.6,806.26,No
CUST-00492,Male,0,No,No,23,Yes,No,No,No internet service,No internet service,No internet service,No internet service,No internet service,No internet service,One year,Yes,Mailed check,30.77,704.69,No
CUST-00493,Male,1,No,No,7,Yes,Yes,DSL,No,No,No,No,Yes,Yes,One year,Yes,Mailed check,71.67,464.51,No
CUST-00494,Male,0,No,No,62,Yes,No,DSL,Yes,No,No,No,Yes,No,Two year,No,Bank transfer (automatic),70.34,4011.51,Yes
CUST-00495,Female,0,Yes,Yes,27,Yes,Yes,No,No internet service,No internet service,No internet service,No internet service,No internet service,No internet service,Month-to-month,No,Bank transfer (automatic),42.19,1035.96,Yes
CUST-00496,Female,0,Yes,No,16,Yes,Yes,DSL,No,No,No,Yes,No,No,One year,No,Credit card (automatic),69.94,1060.27,No
CUST-00497,Female,0,Yes,No,7,Yes,Yes,Fiber optic,No,Yes,No,No,Yes,Yes,Two year,No,Mailed check,103.67,695.98,Yes
CUST-00498,Female,0,Yes,Yes,72,Yes,No,DSL,Yes,No,No,Yes,No,No,One year,Yes,Mailed check,73.24,4801.34,No
CUST-00499,Male,0,No,No,6,Yes,Yes,DSL,Yes,No,No,No,No,No,One year,Yes,Mailed check,73.49,425.64,No
CUST-00500,Female,1,Yes,Yes,36,Yes,No,No,No internet service,No internet service,No internet service,No internet service,No internet service,No internet service,One year,Yes,Electronic check,35.57,1219.07,No
CUST-00501,Female,0,No,No,21,Yes,No,Fiber optic,Yes,Yes,Yes,No,No,No,Month-to-month,Yes,Electronic check,98.29,2038.03,Yes
CUST-00502,Male,0,No,No,23,Yes,No,Fiber optic,No,No,Yes,Yes,Yes,Yes,Month-to-month,Yes,Credit card (automatic),102.31,2355.58,Yes
CUST-00503,Male,0,No,No,25,Yes,No,Fiber optic,Yes,No,Yes,Yes,No,Yes,Month-to-month,No,Mailed check,91.41,2099.21,No
CUST-00504,Male,0,Yes,No,17,Yes,Yes,Fiber optic,Yes,No,No,Yes,No,No,One year,Yes,Bank transfer (automatic),92.76,1454.0,No
CUST-00505,Female,0,No,No,27,No,No phone service,DSL,No,No,No,No,No,No,Month-to-month,Yes,Bank transfer (automatic),42.78,1040.32,Yes
CUST-00506,Female,0,No,Yes,30,Yes,Yes,DSL,Yes,Yes,No,No,Yes,No,Two year,Yes,Mailed check,85.2,2385.66,No
CUST-00507,Male,0,No,No,42,Yes,No,Fiber optic,Yes,No,No,Yes,No,Yes,Month-to-month,No,Mailed check,93.33,,Yes
CUST-00508,Female,0,Yes,No,38,Yes,Yes,Fiber optic,No,No,No,Yes,Yes,No,One year,Yes,Credit card (automatic),100.41,3445.75,Yes
CUST-00509,Female,0,No,No,11,Yes,No,Fiber optic,Yes,No,No,Yes,Yes,No,Month-to-month,No,Credit card (automatic),101.95,1086.69,No
CUST-00510,Female,0,Yes,Yes,13,Yes,No,DSL,No,No,No,No,No,Yes,Month-to-month,No,Bank transfer (automatic),74.39,933.61,No
CUST-00511,Male,1,No,No,51,Yes,No,DSL,No,Yes,Yes,Yes,No,Yes,Two year,No,Electronic check,83.85,4148.3,No
CUST-00512,Male,0,Yes,No,19,Yes,No,No,No internet service,No internet service,No internet service,No internet service,No internet service,No internet service,Month-to-month,Yes,Electronic check,30.01,541.45,Yes
CUST-00513,Male,1,Yes,No,34,Yes,Yes,DSL,Yes,Yes,No,No,Yes,Yes,Month-to-month,Yes,Credit card (automatic),88.76,2889.33,Yes
CUST-00514,Male,1,No,No,58,Yes,Yes,Fiber optic,Yes,Yes,No,No,No,Yes,One year,No,Mailed check,105.24,5941.85,No
CUST-00515,Male,1,Yes,Yes,28,No,No phone service,Fiber optic,No,No,Yes,Yes,No,No,Month-to-month,Yes,Electronic check,68.25,1769.28,Yes
CUST-00516,Female,0,No,No,11,No,No phone service,DSL,No,No,Yes,No,No,No,Month-to-month,No,Credit card (automatic),54.88,579.86,Yes
CUST-00517,Male,0,No,No,11,Yes,No,DSL,No,Yes,No,Yes,Yes,Yes,One year,Yes,Electronic check,78.72,842.02,No
CUST-00518,Female,0,Yes,No,21,Yes,Yes,Fiber optic,No,No,No,Yes,No,Yes,Month-to-month,No,Mailed check,96.92,1937.26,No
CUST-00519,Female,0,Yes,Yes,21,Yes,Yes,Fiber optic,No,No,No,Yes,No,Yes,Two year,No,Mailed check,91.38,1800.88,Yes
CUST-00520,Male,0,Yes,No,9,Yes,No,DSL,No,Yes,Yes,No,Yes,No,Two year,Yes,Electronic check,80.31,707.09,Yes
CUST-00521,Female,0,No,No,13,Yes,No,DSL,No,No,No,Yes,No,Yes,One year,No,Bank transfer (automatic),61.65,690.09,No
CUST-00522,Female,1,No,No,39,Yes,No,DSL,No,No,No,No,Yes,Yes,Two year,Yes,Electronic check,69.73,2298.16,No
CUST-00523,Female,0,Yes,No,51,Yes,Yes,DSL,No,No,No,No,No,Yes,Month-to-month,Yes,Electronic check,68.25,3233.07,Yes
CUST-00524,Male,0,No,No,19,No,No phone service,DSL,No,No,No,Yes,No,Yes,Month-to-month,Yes,Mailed check,58.54,984.61,Yes
CUST-00525,Female,0,Yes,No,1,Yes,Yes,Fiber optic,Yes,No,Yes,No,No,No,Month-to-month,Yes,Credit card (automatic),94.09,94.23,Yes
CUST-00526,Female,0,No,No,37,Yes,No,No,No internet service,No internet service,No internet service,No internet service,No internet service,No internet service,Two year,Yes,Electronic check,38.61,1434.06,No
CUST-00527,Male,0,No,No,5,No,No phone service,Fiber optic,Yes,No,Yes,No,Yes,Yes,One year,No,Credit card (automatic),84.7,401.08,Yes
CUST-00528,Female,0,Yes,No,7,Yes,Yes,Fiber optic,No,No,Yes,No,Yes,Yes,One year,Yes,Credit card (automatic),104.24,639.17,Yes
CUST-00529,Male,1,No,No,23,Yes,No,DSL,No,Yes,Yes,Yes,No,No,Month-to-month,Yes,Electronic check,78.65,1627.96,No
CUST-00530,Male,0,Yes,Yes,60,Yes,Yes,DSL,Yes,Yes,No,No,No,No,One year,Yes,Electronic check,77.74,4244.92,Yes
CUST-00531,Male,0,No,No,43,Yes,Yes,DSL,No,Yes,Yes,No,No,No,One year,Yes,Electronic check,78.43,3148.59,No
CUST-00532,Female,0,No,No,40,Yes,Yes,No,No internet service,No internet service,No internet service,No internet service,No internet service,No internet service,One year,No,Mailed check,31.85,1104.83,No
CUST-00533,Female,0,No,No,23,Yes,Yes,Fiber optic,Yes,Yes,No,Yes,Yes,No,One year,Yes,Credit card (automatic),104.42,2386.55,No
CUST-00534,Female,0,No,No,9,Yes,Yes,Fiber optic,No,No,Yes,No,Yes,No,Month-to-month,No,Credit card (automatic),93.76,785.08,Yes
CUST-00535,Male,0,No,No,54,Yes,Yes,Fiber optic,Yes,No,No,Yes,Yes,Yes,Month-to-month,Yes,Bank transfer (automatic),109.98,5490.52,No
CUST-00536,Female,0,Yes,Yes,9,Yes,No,Fiber optic,No,No,No,No,Yes,No,Month-to-month,Yes,Credit card (automatic),89.8,770.84,Yes
CUST-00537,Female,0,No,No,33,Yes,No,DSL,No,No,No,Yes,No,No,Month-to-month,Yes,Mailed check,65.75,2025.7,Yes
CUST-00538,Female,0,Yes,Yes,29,Yes,No,DSL,No,No,No,No,No,No,Two year,No,Credit card (automatic),57.63,1481.24,No
CUST-00539,Male,0,No,Yes,8,Yes,Yes,Fiber optic,No,No,Yes,No,No,No,Month-to-month,Yes,Electronic check,90.61,715.43,Yes
CUST-00540,Female,0,Yes,No,5,No,No phone service,DSL,No,No,No,No,Yes,No,Month-to-month,Yes,Credit card (automatic),50.87,,Yes
CUST-00541,Male,1,No,No,40,Yes,No,DSL,Yes,No,No,Yes,No,No,Two year,Yes,Electronic check,69.62,2577.2,No
CUST-00542,Female,0,No,No,26,Yes,No,No,No internet service,No internet service,No internet service,No internet service,No internet service,No internet service,One year,Yes,Electronic check,30.02,764.31,No
CUST-00543,Female,1,Yes,Yes,54,Yes,No,Fiber optic,No,No,No,No,No,No,Month-to-month,Yes,Mailed check,73.79,3544.17,Yes
CUST-00544,Female,0,No,Yes,32,Yes,No,DSL,No,Yes,No,No,No,Yes,Month-to-month,Yes,Credit card (automatic),65.46,1934.57,No
CUST-00545,Male,0,No,No,29,Yes,No,Fiber optic,No,No,No,Yes,Yes,No,Month-to-month,No,Electronic check,84.83,2416.14,Yes
CUST-00546,Female,0,Yes,Yes,3,No,No phone service,No,No internet service,No internet service,No internet service,No internet service,No internet service,No internet service,Month-to-month,No,Credit card (automatic),18.77,53.07,Yes
CUST-00547,Female,0,No,No,29,Yes,Yes,No,No internet service,No internet service,No internet service,No internet service,No internet service,No internet service,Two year,Yes,Credit card (automatic),36.14,946.02,No
CUST-00548,Male,1,No,No,24,Yes,Yes,DSL,Yes,No,No,No,No,Yes,One year,No,Electronic check,78.85,1752.71,No
CUST-00549,Male,0,No,No,33,Yes,No,DSL,Yes,No,Yes,Yes,No,Yes,Month-to-month,Yes,Electronic check,71.0,2143.21,No
CUST-00550,Male,1,Yes,No,24,Yes,No,DSL,No,No,No,No,No,Yes,Month-to-month,Yes,Credit card (automatic),60.86,1289.2,Yes
CUST-00551,Male,1,No,Yes,24,Yes,Yes,DSL,No,No,No,Yes,No,No,One year,Yes,Electronic check,69.7,1480.99,Yes
CUST-00552,Female,0,Yes,Yes,22,Yes,Yes,Fiber optic,No,No,No,Yes,No,No,Month-to-month,Yes,Electronic check,91.27,1871.89,Yes
CUST-00553,Male,0,No,No,15,Yes,Yes,DSL,Yes,Yes,No,No,No,No,One year,Yes,Mailed check,76.35,994.91,No
CUST-00554,Female,0,Yes,No,39,Yes,No,No,No internet service,No internet service,No internet service,No internet service,No internet service,No internet service,Two year,No,Bank transfer (automatic),37.4,1321.86,No
CUST-00555,Male,0,Yes,No,72,Yes,Yes,DSL,Yes,No,No,No,No,Yes,One year,Yes,Electronic check,82.68,5300.17,No
CUST-00556,Male,0,Yes,No,8,Yes,Yes,Fiber optic,No,No,No,Yes,Yes,No,One year,Yes,Mailed check,98.06,727.97,Yes
CUST-00557,Male,0,Yes,No,12,Yes,No,DSL,Yes,No,Yes,No,No,No,Two year,Yes,Electronic check,70.56,809.37,No
CUST-00558,Male,1,No,Yes,39,Yes,Yes,DSL,Yes,Yes,No,No,No,No,Month-to-month,Yes,Electronic check,78.41,2810.7,Yes
CUST-00559,Male,0,No,No,20,No,No phone service,Fiber optic,Yes,Yes,No,Yes,Yes,Yes,One year,Yes,Electronic check,91.04,1700.61,No
CUST-00560,Male,0,No,No,17,Yes,Yes,DSL,Yes,No,No,No,Yes,Yes,Two year,Yes,Mailed check,86.9,1438.14,No
CUST-00561,Male,0,No,No,5,Yes,No,Fiber optic,Yes,Yes,No,No,Yes,No,Two year,Yes,Electronic check,95.31,430.43,No
CUST-00562,Female,0,Yes,No,12,Yes,No,DSL,No,Yes,Yes,No,Yes,No,Month-to-month,Yes,Bank transfer (automatic),74.64,840.76,No
CUST-00563,Female,1,Yes,No,10,Yes,Yes,Fiber optic,No,No,No,No,No,Yes,Month-to-month,Yes,Mailed check,92.73,908.51,Yes
CUST-00564,Female,0,No,No,5,Yes,Yes,Fiber optic,No,Yes,Yes,Yes,Yes,Yes,Month-to-month,No,Bank transfer (automatic),109.5,545.31,Yes
CUST-00565,Male,1,No,No,49,Yes,No,No,No internet service,No internet service,No internet service,No internet service,No internet service,No internet service,Two year,Yes,Electronic check,39.92,1918.07,No
CUST-00566,Female,0,No,No,28,Yes,No,Fiber optic,No,Yes,No,No,No,No,One year,Yes,Credit card (automatic),77.72,1981.65,Yes
CUST-00567,Female,1,Yes,No,72,Yes,Yes,Fiber optic,No,No,No,No,No,No,One year,Yes,Credit card (automatic),80.35,5278.43,No
CUST-00568,Female,0,No,No,30,Yes,No,Fiber optic,Yes,No,Yes,No,No,Yes,Month-to-month,No,Mailed check,100.44,2903.79,Yes
CUST-00569,Male,1,Yes,Yes,9,Yes,Yes,DSL,No,Yes,No,No,Yes,No,Month-to-month,Yes,Mailed check,83.34,728.45,No
CUST-00570,Male,0,No,No,32,Yes,No,No,No internet service,No internet service,No internet service,No internet service,No internet service,No internet service,Month-to-month,Yes,Mailed check,41.95,1300.75,No
CUST-00571,Male,0,Yes,Yes,37,Yes,No,DSL,No,No,No,No,No,Yes,Month-to-month,Yes,Mailed check,62.08,1993.65,No
CUST-00572,Female,0,No,No,16,Yes,Yes,No,No internet service,No internet service,No internet service,No internet service,No internet service,No internet service,Two year,No,Mailed check,38.63,544.86,No
CUST-00573,Female,0,Yes,Yes,36,Yes,No,Fiber optic,Yes,Yes,Yes,Yes,Yes,No,One year,Yes,Mailed check,107.95,3808.07,Yes
CUST-00574,Female,0,No,No,36,No,No phone service,Fiber optic,Yes,No,No,No,No,No,One year,No,Bank transfer (automatic),71.53,2443.36,No
CUST-00575,Female,0,Yes,No,13,Yes,No,No,No internet service,No internet service,No internet service,No internet service,No internet service,No internet service,One year,Yes,Mailed check,37.83,464.62,No
CUST-00576,Female,0,No,No,41,Yes,Yes,Fiber optic,No,Yes,No,No,Yes,Yes,One year,Yes,Electronic check,103.54,3923.82,No
CUST-00577,Male,0,Yes,No,31,Yes,No,DSL,No,Yes,Yes,No,Yes,No,Two year,Yes,Bank transfer (automatic),87.18,2455.54,No
CUST-00578,Male,0,No,No,26,Yes,No,DSL,No,No,No,Yes,Yes,No,Two year,No,Electronic check,75.07,1823.95,No
CUST-00579,Male,0,Yes,No,28,Yes,No,No,No internet service,No internet service,No internet service,No internet service,No internet service,No internet service,Month-to-month,No,Electronic check,38.48,982.81,Yes
CUST-00580,Female,0,Yes,No,9,Yes,Yes,Fiber optic,No,No,Yes,No,No,No,Month-to-month,No,Mailed check,86.6,725.26,Yes
CUST-00581,Female,0,No,No,64,Yes,Yes,No,No internet service,No internet service,No internet service,No internet service,No internet service,No internet service,Month-to-month,Yes,Bank transfer (automatic),43.13,,Yes
CUST-00582,Male,0,Yes,Yes,20,Yes,No,DSL,No,No,No,No,No,No,Two year,Yes,Electronic check,64.23,1217.44,Yes
CUST-00583,Female,0,Yes,No,19,Yes,Yes,Fiber optic,No,Yes,No,No,No,Yes,One year,Yes,Credit card (automatic),100.31,1745.29,No
CUST-00584,Female,0,No,No,33,Yes,No,Fiber optic,Yes,Yes,No,No,No,Yes,Two year,Yes,Credit card (automatic),87.96,2665.59,No
CUST-00585,Female,1,No,Yes,72,Yes,No,DSL,No,Yes,Yes,No,No,No,Month-to-month,No,Electronic check,66.67,4488.88,No
CUST-00586,Male,0,No,No,43,Yes,No,Fiber optic,No,Yes,No,No,Yes,No,One year,Yes,Credit card (automatic),86.72,3262.97,Yes
CUST-00587,Male,0,Yes,Yes,20,Yes,Yes,Fiber optic,No,No,No,No,Yes,No,Month-to-month,No,Electronic check,89.85,1723.28,Yes
CUST-00588,Female,0,No,Yes,33,Yes,Yes,DSL,Yes,No,No,No,Yes,No,Month-to-month,Yes,Credit card (automatic),74.79,2468.34,Yes
CUST-00589,Male,0,No,No,33,Yes,Yes,DSL,No,No,No,No,No,No,Two year,Yes,Electronic check,79.09,2496.46,No
CUST-00590,Male,0,Yes,No,26,Yes,No,Fiber optic,No,No,No,No,No,No,One year,No,Mailed check,76.94,1835.47,Yes
CUST-00591,Male,0,No,No,9,Yes,Yes,No,No internet service,No internet service,No internet service,No internet service,No internet service,No internet service,Month-to-month,Yes,Credit card (automatic),39.38,325.58,No
CUST-00592,Male,0,Yes,Yes,43,Yes,No,Fiber optic,Yes,Yes,No,Yes,No,Yes,Month-to-month,Yes,Mailed check,104.02,4174.13,Yes
CUST-00593,Female,0,No,Yes,18,Yes,No,No,No internet service,No internet service,No internet service,No internet service,No internet service,No internet service,Month-to-month,No,Electronic check,33.68,571.84,No
CUST-00594,Male,0,No,No,14,No,No phone service,DSL,Yes,No,Yes,No,Yes,No,Month-to-month,No,Credit card (automatic),69.4,910.63,Yes
CUST-00595,Female,0,No,No,19,Yes,No,DSL,Yes,No,Yes,No,No,Yes,Month-to-month,Yes,Mailed check,78.02,1409.28,Yes
CUST-00596,Male,1,Yes,Yes,52,Yes,No,DSL,No,No,Yes,No,No,Yes,Month-to-month,Yes,Bank transfer (automatic),69.06,3343.72,Yes
CUST-00597,Male,1,Yes,Yes,17,No,No phone service,Fiber optic,Yes,No,No,No,No,Yes,Month-to-month,Yes,Credit card (automatic),73.9,1225.49,No
CUST-00598,Male,1,Yes,Yes,24,Yes,No,DSL,Yes,No,No,No,No,Yes,One year,Yes,Mailed check,74.56,1555.13,No
CUST-00599,Male,1,No,No,72,Yes,No,DSL,No,No,Yes,Yes,Yes,Yes,One year,No,Electronic check,87.2,5627.17,No
CUST-00600,Male,0,No,No,18,Yes,No,DSL,No,No,No,No,No,No,Month-to-month,No,Credit card (automatic),61.93,1087.83,Yes
CUST-00601,Male,0,No,No,23,Yes,Yes,No,No internet service,No internet service,No internet service,No internet service,No internet service,No internet service,Month-to-month,Yes,Electronic check,36.95,786.78,Yes
CUST-00602,Male,0,Yes,Yes,25,No,No phone service,Fiber optic,Yes,Yes,No,No,Yes,No,Two year,Yes,Bank transfer (automatic),78.17,1837.85,No
CUST-00603,Male,0,No,No,18,No,No phone service,No,No internet service,No internet service,No internet service,No internet service,No internet service,No internet service,Month-to-month,Yes,Mailed check,21.02,349.51,Yes
CUST-00604,Female,0,Yes,Yes,23,Yes,No,No,No internet service,No internet service,No internet service,No internet service,No internet service,No internet service,Month-to-month,No,Electronic check,40.57,829.81,No
CUST-00605,Male,1,Yes,No,28,Yes,Yes,No,No internet service,No internet service,No internet service,No internet service,No internet service,No internet service,Month-to-month,Yes,Electronic check,42.78,1138.12,No
CUST-00606,Male,0,No,No,17,Yes,No,DSL,No,Yes,No,Yes,Yes,No,Month-to-month,Yes,Credit card (automatic),74.26,1191.09,Yes
CUST-00607,Female,0,No,No,5,Yes,Yes,DSL,No,Yes,Yes,No,Yes,Yes,Month-to-month,No,Bank transfer (automatic),86.53,449.31,Yes
CUST-00608,Male,0,No,No,7,Yes,Yes,DSL,Yes,Yes,No,No,Yes,Yes,Month-to-month,No,Mailed check,78.25,516.79,Yes
CUST-00609,Male,0,No,No,25,Yes,No,DSL,No,No,Yes,No,Yes,Yes,Month-to-month,Yes,Credit card (automatic),80.91,1994.36,Yes
CUST-00610,Male,0,Yes,No,70,Yes,No,No,No internet service,No internet service,No internet service,No internet service,No internet service,No internet service,Month-to-month,Yes,Mailed check,28.03,1838.94,No
CUST-00611,Male,0,No,Yes,20,Yes,Yes,Fiber optic,Yes,No,No,No,Yes,Yes,One year,No,Credit card (automatic),106.85,2108.11,No
CUST-00612,Female,0,No,No,31,Yes,No,No,No internet service,No internet service,No internet service,No internet service,No internet service,No internet service,One year,No,Electronic check,33.77,958.09,Yes
CUST-00613,Male,0,No,No,54,Yes,No,Fiber optic,No,Yes,Yes,No,No,No,Month-to-month,Yes,Credit card (automatic),99.62,4837.62,Yes
CUST-00614,Female,1,Yes,Yes,36,Yes,No,Fiber optic,Yes,No,No,No,Yes,No,Month-to-month,No,Credit card (automatic),95.06,3066.94,Yes
CUST-00615,Male,0,Yes,No,25,Yes,Yes,DSL,No,Yes,Yes,No,No,Yes,Month-to-month,No,Credit card (automatic),83.42,1911.9,Yes
CUST-00616,Male,0,Yes,No,23,Yes,No,DSL,No,Yes,No,No,No,Yes,Month-to-month,Yes,Electronic check,70.37,1495.11,Yes
CUST-00617,Female,0,Yes,No,15,Yes,Yes,Fiber optic,Yes,No,No,No,Yes,Yes,Two year,Yes,Mailed check,98.98,1338.05,Yes
CUST-00618,Female,0,Yes,Yes,43,No,No phone service,DSL,Yes,Yes,Yes,No,Yes,No,Month-to-month,Yes,Bank transfer (automatic),66.61,2776.2,Yes
CUST-00619,Female,0,No,No,52,Yes,No,Fiber optic,No,Yes,Yes,No,No,No,One year,Yes,Mailed check,89.75,3882.13,No
CUST-00620,Female,1,No,No,0,Yes,No,DSL,No,No,No,No,No,No,Month-to-month,Yes,Credit card (automatic),52.62,50.49,Yes
CUST-00621,Female,0,Yes,No,43,Yes,Yes,Fiber optic,No,No,Yes,No,No,Yes,Month-to-month,Yes,Mailed check,102.04,4075.61,Yes
CUST-00622,Female,0,No,Yes,38,Yes,Yes,Fiber optic,Yes,No,No,Yes,Yes,No,Month-to-month,No,Electronic check,100.51,3802.03,Yes
CUST-00623,Female,0,No,Yes,19,Yes,No,Fiber optic,No,No,Yes,Yes,Yes,Yes,Month-to-month,Yes,Electronic check,99.89,1773.32,Yes
CUST-00624,Female,1,No,No,15,Yes,No,Fiber optic,No,Yes,Yes,No,No,Yes,Month-to-month,No,Credit card (automatic),87.63,1227.88,No
CUST-00625,Male,0,No,No,34,Yes,No,DSL,No,Yes,No,No,Yes,No,One year,No,Mailed check,68.35,2271.22,Yes
CUST-00626,Female,0,No,No,7,Yes,No,DSL,No,No,Yes,Yes,Yes,No,Month-to-month,Yes,Mailed check,79.05,499.6,Yes
CUST-00627,Female,1,Yes,No,20,Yes,Yes,DSL,No,No,Yes,No,Yes,No,Month-to-month,Yes,Credit card (automatic),72.77,1364.64,Yes
CUST-00628,Female,0,Yes,No,31,Yes,No,DSL,No,No,Yes,Yes,No,No,Month-to-month,Yes,Credit card (automatic),65.73,1976.88,No
CUST-00629,Male,0,No,No,59,Yes,Yes,Fiber optic,Yes,Yes,Yes,No,Yes,Yes,One year,Yes,Mailed check,111.54,6219.67,Yes
CUST-00630,Female,0,No,Yes,72,Yes,Yes,No,No internet service,No internet service,No internet service,No internet service,No internet service,No internet service,Month-to-month,No,Electronic check,39.71,2798.97,Yes
CUST-00631,Male,0,No,Yes,10,Yes,Yes,DSL,No,Yes,No,No,Yes,Yes,One year,Yes,Electronic check,86.22,791.41,No
CUST-00632,Female,1,No,Yes,33,No,No phone service,Fiber optic,No,Yes,No,Yes,No,No,One year,Yes,Credit card (automatic),80.83,2448.38,No
CUST-00633,Female,0,Yes,Yes,25,Yes,Yes,DSL,No,Yes,No,Yes,No,Yes,Month-to-month,Yes,Mailed check,81.3,1962.63,No
CUST-00634,Female,0,Yes,No,39,Yes,Yes,Fiber optic,No,No,No,No,No,Yes,One year,Yes,Mailed check,84.73,3011.06,No
CUST-00635,Female,0,No,No,22,No,No phone service,DSL,Yes,No,Yes,No,Yes,Yes,Month-to-month,Yes,Mailed check,63.54,1278.38,Yes
CUST-00636,Male,0,Yes,No,41,Yes,No,Fiber optic,Yes,No,No,Yes,No,No,Month-to-month,Yes,Bank transfer (automatic),94.64,3644.07,Yes
CUST-00637,Female,0,No,Yes,30,Yes,Yes,DSL,Yes,Yes,No,Yes,No,No,Month-to-month,Yes,Electronic check,76.53,2195.26,Yes
CUST-00638,Female,0,No,No,16,Yes,Yes,Fiber optic,No,Yes,No,No,No,Yes,Two year,Yes,Bank transfer (automatic),99.01,1540.68,No
CUST-00639,Male,0,No,No,41,Yes,Yes,DSL,Yes,No,No,No,No,Yes,Month-to-month,No,Mailed check,86.62,3332.32,No
CUST-00640,Male,0,Yes,No,23,Yes,No,DSL,No,Yes,Yes,No,No,Yes,Two year,Yes,Mailed check,79.84,1761.64,No
CUST-00641,Male,0,No,No,27,Yes,Yes,DSL,No,No,No,No,Yes,No,Month-to-month,Yes,Mailed check,72.2,1935.8,Yes
CUST-00642,Male,0,Yes,No,12,Yes,No,Fiber optic,No,No,Yes,No,Yes,No,Two year,Yes,Bank transfer (automatic),96.14,1122.85,No
CUST-00643,Male,0,No,No,21,Yes,Yes,Fiber optic,No,No,Yes,No,No,Yes,Two year,No,Mailed check,97.97,1918.21,No
CUST-00644,Female,0,Yes,Yes,58,Yes,No,DSL,No,Yes,No,No,No,No,Month-to-month,Yes,Bank transfer (automatic),62.84,3484.28,No
CUST-00645,Male,0,No,Yes,17,Yes,No,DSL,No,Yes,Yes,No,Yes,Yes,Month-to-month,Yes,Mailed check,81.99,1399.72,Yes
CUST-00646,Female,0,No,No,72,Yes,Yes,DSL,Yes,Yes,Yes,Yes,No,Yes,Month-to-month,No,Electronic check,87.72,6090.4,No
CUST-00647,Female,0,Yes,No,27,Yes,No,DSL,No,No,Yes,No,Yes,No,Month-to-month,Yes,Mailed check,64.25,1619.88,Yes
CUST-00648,Male,0,No,Yes,31,Yes,No,Fiber optic,Yes,Yes,No,No,No,No,Two year,Yes,Mailed check,89.43,2805.69,Yes
CUST-00649,Male,0,Yes,No,14,No,No phone service,DSL,Yes,Yes,No,Yes,Yes,Yes,Month-to-month,Yes,Credit card (automatic),68.36,945.41,Yes
CUST-00650,Male,1,Yes,Yes,43,Yes,No,DSL,Yes,Yes,No,No,No,No,Month-to-month,Yes,Bank transfer (automatic),66.8,2823.26,No
CUST-00651,Female,0,No,No,6,Yes,Yes,DSL,Yes,Yes,No,No,No,Yes,Month-to-month,No,Mailed check,76.77,427.17,Yes
CUST-00652,Male,0,No,No,21,No,No phone service,DSL,No,No,No,No,No,Yes,One year,Yes,Credit card (automatic),48.28,924.67,Yes
CUST-00653,Female,0,Yes,No,14,Yes,Yes,DSL,No,No,Yes,No,Yes,No,Month-to-month,Yes,Credit card (automatic),72.79,1002.05,No
CUST-00654,Male,0,No,No,8,Yes,No,DSL,No,No,No,No,Yes,Yes,Month-to-month,Yes,Mailed check,70.14,512.09,Yes
CUST-00655,Male,0,No,Yes,39,Yes,No,DSL,No,No,Yes,No,No,No,Two year,Yes,Bank transfer (automatic),61.51,2124.97,No
CUST-00656,Male,0,No,No,22,Yes,No,DSL,No,Yes,Yes,No,No,Yes,Month-to-month,Yes,Mailed check,72.35,1531.75,No
CUST-00657,Male,0,Yes,Yes,27,Yes,Yes,No,No internet service,No internet service,No internet service,No internet service,No internet service,No internet service,Two year,No,Mailed check,38.09,1025.24,No
CUST-00658,Male,0,Yes,No,15,Yes,Yes,No,No internet service,No internet service,No internet service,No internet service,No internet service,No internet service,One year,Yes,Mailed check,31.58,422.12,No
CUST-00659,Female,1,No,No,45,Yes,No,Fiber optic,No,Yes,No,No,Yes,Yes,One year,No,Electronic check,91.53,4106.65,Yes
CUST-00660,Female,0,Yes,No,30,Yes,No,No,No internet service,No internet service,No internet service,No internet service,No internet service,No internet service,Two year,Yes,Credit card (automatic),38.56,1057.18,No
CUST-00661,Female,0,Yes,No,66,Yes,No,Fiber optic,Yes,No,No,No,No,Yes,One year,Yes,Electronic check,93.07,5870.55,No
CUST-00662,Male,1,No,No,15,Yes,No,No,No internet service,No internet service,No internet service,No internet service,No internet service,No internet service,Month-to-month,Yes,Credit card (automatic),33.06,486.62,Yes
CUST-00663,Female,1,Yes,No,15,Yes,No,No,No internet service,No internet service,No internet service,No internet service,No internet service,No internet service,Two year,Yes,Electronic check,26.2,368.87,Yes
CUST-00664,Female,0,No,No,36,Yes,No,Fiber optic,Yes,Yes,Yes,Yes,No,No,One year,No,Credit card (automatic),96.3,3343.58,No
CUST-00665,Male,0,Yes,Yes,70,Yes,No,Fiber optic,Yes,No,No,No,No,Yes,Month-to-month,Yes,Credit card (automatic),88.86,5780.12,No
CUST-00666,Male,0,No,No,17,No,No phone service,DSL,Yes,No,Yes,No,No,No,Month-to-month,No,Electronic check,56.75,941.15,Yes
CUST-00667,Male,0,No,No,2,Yes,No,Fiber optic,Yes,Yes,No,No,No,No,Month-to-month,No,Credit card (automatic),87.19,173.0,Yes
CUST-00668,Male,0,No,No,9,Yes,Yes,DSL,Yes,No,Yes,Yes,Yes,No,One year,Yes,Electronic check,89.53,751.17,No
CUST-00669,Male,0,No,No,58,Yes,No,Fiber optic,Yes,Yes,No,Yes,No,No,Month-to-month,No,Mailed check,94.78,5053.28,No
CUST-00670,Female,0,No,No,20,Yes,Yes,DSL,No,No,Yes,No,No,No,One year,No,Bank transfer (automatic),74.41,1374.68,Yes
CUST-00671,Male,0,Yes,No,72,No,No phone service,Fiber optic,No,Yes,Yes,Yes,No,No,Month-to-month,Yes,Credit card (automatic),82.4,5677.79,No
CUST-00672,Male,0,No,No,10,Yes,No,DSL,Yes,Yes,No,Yes,No,Yes,Month-to-month,No,Mailed check,84.98,765.46,Yes
CUST-00673,Male,0,No,No,37,Yes,No,DSL,Yes,Yes,No,No,No,No,One year,No,Electronic check,70.05,2489.29,No
CUST-00674,Female,0,No,Yes,37,No,No phone service,DSL,No,Yes,No,No,No,Yes,Two year,Yes,Credit card (automatic),52.64,1841.98,No
CUST-00675,Male,0,Yes,Yes,7,Yes,No,DSL,No,No,No,No,Yes,Yes,Month-to-month,No,Mailed check,73.83,493.17,Yes
CUST-00676,Male,1,Yes,Yes,7,Yes,Yes,DSL,No,No,No,No,No,No,One year,Yes,Credit card (automatic),65.71,432.68,No
CUST-00677,Male,0,No,No,21,No,No phone service,DSL,No,Yes,Yes,No,Yes,Yes,Month-to-month,Yes,Credit card (automatic),66.85,1354.67,Yes
CUST-00678,Female,0,No,Yes,39,Yes,No,Fiber optic,Yes,Yes,No,No,Yes,Yes,Month-to-month,Yes,Credit card (automatic),103.13,3657.75,Yes
CUST-00679,Male,0,Yes,No,33,Yes,Yes,Fiber optic,Yes,No,No,No,No,No,Month-to-month,Yes,Electronic check,95.73,2680.47,Yes
CUST-00680,Male,0,Yes,No,22,Yes,Yes,DSL,No,Yes,Yes,Yes,No,Yes,Month-to-month,No,Electronic check,88.91,1885.36,Yes
CUST-00681,Male,0,No,No,22,Yes,No,Fiber optic,No,No,Yes,Yes,Yes,No,Month-to-month,No,Credit card (automatic),100.26,1973.18,No
CUST-00682,Female,0,Yes,No,3,Yes,No,DSL,No,No,Yes,Yes,Yes,No,One year,No,Credit card (automatic),65.11,185.11,No
CUST-00683,Male,0,No,No,12,Yes,Yes,Fiber optic,Yes,No,No,Yes,No,No,Two year,Yes,Electronic check,98.31,1063.72,Yes
CUST-00684,Male,0,Yes,No,6,Yes,No,Fiber optic,Yes,Yes,Yes,No,Yes,Yes,Month-to-month,Yes,Bank transfer (automatic),112.9,658.31,Yes
CUST-00685,Female,0,Yes,Yes,33,No,No phone service,DSL,No,Yes,Yes,No,Yes,Yes,Month-to-month,No,Electronic check,70.77,2137.02,No
CUST-00686,Male,0,Yes,Yes,9,Yes,Yes,DSL,No,No,Yes,Yes,No,No,Month-to-month,No,Bank transfer (automatic),71.56,589.07,No
CUST-00687,Female,0,No,No,58,Yes,No,Fiber optic,Yes,Yes,No,No,Yes,Yes,Month-to-month,No,Bank transfer (automatic),98.05,5507.27,Yes
CUST-00688,Male,1,No,No,27,Yes,No,DSL,Yes,No,Yes,No,Yes,Yes,Month-to-month,No,Electronic check,88.83,2304.04,Yes
CUST-00689,Female,0,Yes,Yes,12,Yes,Yes,No,No internet service,No internet service,No internet service,No internet service,No internet service,No internet service,Two year,Yes,Electronic check,49.85,577.14,No
CUST-00690,Male,0,Yes,No,52,Yes,Yes,Fiber optic,Yes,No,No,No,No,No,Month-to-month,Yes,Mailed check,92.71,4360.53,Yes
CUST-00691,Male,0,Yes,Yes,8,Yes,Yes,No,No internet service,No internet service,No internet service,No internet service,No internet service,No internet service,Month-to-month,Yes,Credit card (automatic),54.92,396.67,No
CUST-00692,Male,0,Yes,Yes,8,Yes,No,DSL,Yes,No,No,Yes,No,No,Two year,No,Electronic check,69.1,,No
CUST-00693,Male,0,No,No,12,Yes,No,Fiber optic,Yes,No,No,No,Yes,Yes,One year,Yes,Electronic check,101.16,1128.52,Yes
CUST-00694,Male,0,Yes,No,52,Yes,Yes,DSL,No,No,Yes,Yes,No,Yes,One year,Yes,Electronic check,77.51,3618.27,No
CUST-00695,Female,0,No,No,72,Yes,Yes,DSL,No,No,Yes,No,No,No,One year,Yes,Mailed check,72.72,4947.7,No
CUST-00696,Female,0,Yes,No,6,Yes,No,DSL,No,Yes,Yes,Yes,No,Yes,Two year,Yes,Credit card (automatic),75.52,464.9,No
CUST-00697,Male,0,Yes,No,72,Yes,Yes,Fiber optic,No,No,No,No,No,No,Month-to-month,Yes,Credit card (automatic),87.9,5858.59,Yes
CUST-00698,Male,0,Yes,Yes,40,Yes,Yes,Fiber optic,Yes,No,No,No,Yes,No,Month-to-month,No,Bank transfer (automatic),93.29,3398.34,No
CUST-00699,Female,0,Yes,No,18,Yes,No,Fiber optic,No,No,Yes,No,Yes,Yes,Month-to-month,No,Electronic check,91.28,1514.02,Yes
CUST-00700,Female,0,Yes,Yes,37,Yes,Yes,DSL,Yes,No,No,Yes,Yes,Yes,Two year,Yes,Electronic check,93.77,3166.88,Yes
CUST-00701,Male,1,Yes,No,53,Yes,No,DSL,Yes,Yes,No,Yes,No,Yes,Two year,Yes,Electronic check,83.63,4328.18,No
CUST-00702,Male,0,Yes,No,12,Yes,Yes,No,No internet service,No internet service,No internet service,No internet service,No internet service,No internet service,One year,Yes,Credit card (automatic),35.49,426.05,No
CUST-00703,Female,0,No,No,53,Yes,Yes,DSL,Yes,Yes,Yes,Yes,Yes,Yes,Month-to-month,No,Mailed check,95.06,4824.16,No
CUST-00704,Female,0,Yes,No,25,Yes,Yes,DSL,No,No,No,Yes,No,No,One year,No,Bank transfer (automatic),63.68,1515.24,Yes
CUST-00705,Female,0,Yes,No,6,Yes,No,DSL,No,Yes,No,No,Yes,No,Month-to-month,Yes,Credit card (automatic),67.17,378.65,Yes
CUST-00706,Male,0,Yes,Yes,40,Yes,No,DSL,Yes,Yes,No,No,Yes,No,One year,Yes,Electronic check,72.46,2912.51,Yes
CUST-00707,Female,0,No,No,68,No,No phone service,No,No internet service,No internet service,No internet service,No internet service,No internet service,No internet service,One year,No,Mailed check,19.8,1312.92,No
CUST-00708,Male,0,No,No,34,Yes,No,DSL,Yes,Yes,Yes,No,Yes,Yes,One year,No,Mailed check,87.42,2966.9,No
CUST-00709,Female,0,No,No,10,Yes,No,Fiber optic,No,Yes,No,No,No,No,Month-to-month,No,Credit card (automatic),80.23,712.87,Yes
CUST-00710,Female,0,No,No,35,Yes,No,DSL,No,Yes,No,No,Yes,Yes,Month-to-month,Yes,Bank transfer (automatic),71.03,2463.43,Yes
CUST-00711,Male,1,No,No,31,Yes,No,No,No internet service,No internet service,No internet service,No internet service,No internet service,No internet service,Month-to-month,Yes,Credit card (automatic),41.13,1229.47,Yes
CUST-00712,Male,0,Yes,No,37,Yes,No,Fiber optic,No,No,No,No,No,No,One year,Yes,Mailed check,82.95,3021.74,No
CUST-00713,Male,1,No,No,5,Yes,Yes,DSL,No,Yes,Yes,Yes,No,Yes,Month-to-month,No,Mailed check,91.19,455.98,Yes
CUST-00714,Male,0,No,No,6,Yes,No,DSL,No,Yes,No,Yes,Yes,No,Two year,Yes,Electronic check,75.35,411.97,No
CUST-00715,Male,1,Yes,No,16,Yes,No,DSL,No,Yes,Yes,Yes,Yes,Yes,Two year,No,Mailed check,81.22,1237.35,No
CUST-00716,Male,1,Yes,Yes,46,Yes,No,No,No internet service,No internet service,No internet service,No internet service,No internet service,No internet service,Month-to-month,Yes,Mailed check,34.73,1442.82,Yes
CUST-00717,Male,0,Yes,Yes,41,Yes,No,DSL,No,Yes,No,No,No,No,Month-to-month,Yes,Mailed check,61.75,2516.7,Yes
CUST-00718,Female,0,Yes,No,50,Yes,No,Fiber optic,No,Yes,Yes,Yes,Yes,No,One year,Yes,Bank transfer (automatic),113.25,5145.46,Yes
CUST-00719,Female,1,No,No,38,Yes,No,Fiber optic,No,Yes,No,No,No,No,Month-to-month,No,Electronic check,81.07,2710.64,No
CUST-00720,Male,0,Yes,No,44,No,No phone service,Fiber optic,No,No,No,No,No,Yes,Month-to-month,No,Credit card (automatic),75.86,3017.48,Yes
CUST-00721,Female,0,No,No,31,Yes,No,No,No internet service,No internet service,No internet service,No internet service,No internet service,No internet service,Month-to-month,Yes,Electronic check,31.78,903.99,No
CUST-00722,Male,0,No,No,23,Yes,No,Fiber optic,No,Yes,Yes,No,No,No,Month-to-month,Yes,Credit card (automatic),89.99,1883.01,Yes
CUST-00723,Male,1,Yes,No,40,Yes,No,DSL,No,Yes,Yes,No,No,No,Two year,Yes,Electronic check,76.49,2892.2,No
CUST-00724,Female,0,Yes,No,9,Yes,Yes,DSL,No,No,No,No,No,No,One year,Yes,Electronic check,60.05,524.28,Yes
CUST-00725,Male,0,No,No,11,Yes,No,Fiber optic,No,No,Yes,Yes,No,Yes,Two year,Yes,Bank transfer (automatic),101.14,994.49,No
CUST-00726,Female,0,No,Yes,8,Yes,No,Fiber optic,Yes,No,No,No,Yes,Yes,Month-to-month,Yes,Electronic check,93.44,735.3,Yes
CUST-00727,Male,1,Yes,Yes,29,Yes,Yes,DSL,No,Yes,Yes,Yes,No,No,Month-to-month,No,Bank transfer (automatic),84.54,2333.01,No
CUST-00728,Female,0,Yes,No,9,Yes,No,Fiber optic,Yes,No,Yes,Yes,Yes,Yes,Month-to-month,Yes,Credit card (automatic),110.85,979.6,Yes
CUST-00729,Female,0,No,No,2,Yes,Yes,DSL,No,Yes,No,No,No,No,Month-to-month,No,Bank transfer (automatic),74.09,140.47,Yes
CUST-00730,Male,0,No,No,7,Yes,Yes,Fiber optic,Yes,Yes,Yes,No,No,Yes,Two year,Yes,Credit card (automatic),101.45,695.5,No
CUST-00731,Male,1,Yes,No,68,Yes,No,Fiber optic,Yes,No,No,No,Yes,Yes,Two year,Yes,Electronic check,93.38,5717.63,No
CUST-00732,Female,1,Yes,No,29,Yes,Yes,Fiber optic,No,Yes,No,No,Yes,Yes,Month-to-month,Yes,Bank transfer (automatic),102.25,2795.65,Yes
CUST-00733,Male,0,No,No,52,Yes,No,Fiber optic,No,No,No,No,No,Yes,Month-to-month,No,Mailed check,80.04,3807.7,Yes
CUST-00734,Male,0,Yes,No,6,Yes,No,Fiber optic,No,No,No,No,Yes,No,Month-to-month,No,Mailed check,86.27,498.22,Yes
CUST-00735,Female,0,Yes,No,36,Yes,Yes,Fiber optic,No,No,No,No,No,No,Month-to-month,No,Credit card (automatic),89.74,3100.44,No
CUST-00736,Male,1,No,No,8,Yes,Yes,DSL,No,Yes,Yes,No,Yes,Yes,One year,Yes,Mailed check,84.77,657.57,Yes
CUST-00737,Male,0,Yes,Yes,36,Yes,Yes,Fiber optic,Yes,Yes,No,No,No,No,One year,No,Electronic check,100.14,3475.67,No
CUST-00738,Female,0,Yes,No,50,Yes,No,Fiber optic,Yes,No,Yes,No,No,No,One year,Yes,Credit card (automatic),90.03,4363.45,No
CUST-00739,Male,0,No,Yes,40,Yes,No,DSL,No,No,No,Yes,Yes,No,Two year,Yes,Mailed check,71.21,2702.89,No
CUST-00740,Male,0,No,No,27,Yes,No,DSL,No,No,No,Yes,Yes,Yes,Two year,Yes,Credit card (automatic),78.57,1962.77,No
CUST-00741,Male,0,No,No,65,Yes,Yes,No,No internet service,No internet service,No internet service,No internet service,No internet service,No internet service,Month-to-month,No,Mailed check,44.36,2821.48,No
CUST-00742,Male,0,Yes,No,46,No,No phone service,DSL,No,Yes,Yes,No,No,No,Month-to-month,No,Mailed check,50.57,2124.24,No
CUST-00743,Male,1,No,Yes,13,Yes,No,Fiber optic,No,No,Yes,No,No,Yes,Two year,No,Credit card (automatic),94.2,1132.83,No
CUST-00744,Female,0,No,No,9,Yes,No,DSL,Yes,Yes,No,No,No,No,Month-to-month,No,Credit card (automatic),74.03,643.14,Yes
CUST-00745,Male,0,No,No,72,Yes,No,No,No internet service,No internet service,No internet service,No internet service,No internet service,No internet service,Month-to-month,No,Electronic check,33.75,2273.93,No
CUST-00746,Female,0,No,No,14,Yes,Yes,Fiber optic,No,Yes,No,Yes,Yes,Yes,Month-to-month,No,Electronic check,102.34,1329.31,Yes
CUST-00747,Male,0,No,No,23,Yes,Yes,Fiber optic,Yes,Yes,Yes,No,Yes,Yes,Month-to-month,Yes,Mailed check,114.88,2609.15,Yes
CUST-00748,Female,1,No,No,11,Yes,Yes,Fiber optic,No,No,Yes,No,Yes,Yes,Month-to-month,Yes,Bank transfer (automatic),103.48,964.33,Yes
CUST-00749,Female,0,No,No,44,Yes,Yes,No,No internet service,No internet service,No internet service,No internet service,No internet service,No internet service,Month-to-month,No,Bank transfer (automatic),38.14,1629.72,Yes
CUST-00750,Female,0,Yes,Yes,12,Yes,No,Fiber optic,No,Yes,No,No,No,No,One year,Yes,Bank transfer (automatic),87.99,914.62,No
CUST-00751,Male,0,No,No,26,Yes,Yes,No,No internet service,No internet service,No internet service,No internet service,No internet service,No internet service,Month-to-month,Yes,Bank transfer (automatic),36.01,879.55,Yes
CUST-00752,Female,0,No,No,35,Yes,No,DSL,Yes,No,No,No,Yes,Yes,Two year,Yes,Electronic check,78.4,2670.55,No
CUST-00753,Female,0,Yes,No,15,No,No phone service,DSL,No,Yes,No,No,Yes,Yes,One year,Yes,Bank transfer (automatic),60.78,874.75,Yes
CUST-00754,Male,0,Yes,No,34,Yes,No,Fiber optic,No,No,Yes,No,No,Yes,Month-to-month,No,Mailed check,93.6,2919.3,Yes
CUST-00755,Male,0,No,No,72,Yes,No,Fiber optic,Yes,No,No,No,Yes,No,One year,No,Credit card (automatic),84.11,5792.05,No
CUST-00756,Female,0,Yes,Yes,31,Yes,Yes,Fiber optic,Yes,Yes,No,No,Yes,No,Two year,Yes,Bank transfer (automatic),89.08,2520.6,No
CUST-00757,Male,0,No,No,42,Yes,No,DSL,No,Yes,No,Yes,Yes,Yes,Month-to-month,No,Electronic check,75.19,2824.59,Yes
CUST-00758,Female,0,No,No,19,Yes,No,DSL,No,Yes,No,No,No,Yes,Month-to-month,Yes,Credit card (automatic),70.33,1212.24,Yes
CUST-00759,Female,1,Yes,No,18,Yes,Yes,DSL,No,No,Yes,Yes,No,Yes,Two year,Yes,Electronic check,90.55,1478.48,Yes
CUST-00760,Male,0,Yes,Yes,8,Yes,Yes,Fiber optic,No,No,Yes,Yes,Yes,Yes,Month-to-month,Yes,Bank transfer (automatic),108.66,837.03,Yes
CUST-00761,Female,1,No,No,29,Yes,Yes,DSL,No,No,No,No,No,No,Two year,Yes,Bank transfer (automatic),71.67,2149.71,No
CUST-00762,Male,0,Yes,No,52,Yes,Yes,DSL,No,No,No,Yes,No,Yes,Month-to-month,Yes,Bank transfer (automatic),79.57,3941.54,No
CUST-00763,Male,0,No,No,40,Yes,No,DSL,Yes,Yes,No,No,No,Yes,Month-to-month,Yes,Credit card (automatic),66.36,2447.48,Yes
CUST-00764,Male,0,Yes,No,17,Yes,Yes,Fiber optic,No,Yes,No,No,Yes,No,One year,No,Mailed check,96.48,1467.31,No
CUST-00765,Female,0,Yes,No,20,Yes,Yes,No,No internet service,No internet service,No internet service,No internet service,No internet service,No internet service,Month-to-month,Yes,Credit card (automatic),36.16,662.75,Yes
CUST-00766,Male,0,No,No,72,Yes,No,DSL,Yes,No,No,No,No,Yes,One year,Yes,Mailed check,65.96,4273.88,No
CUST-00767,Male,0,Yes,Yes,37,No,No phone service,DSL,No,Yes,No,No,No,No,One year,Yes,Bank transfer (automatic),49.74,1661.36,No
CUST-00768,Female,0,No,No,45,Yes,Yes,Fiber optic,No,No,No,No,Yes,No,Two year,Yes,Mailed check,92.23,3805.02,No
CUST-00769,Female,0,No,No,49,Yes,No,DSL,No,No,No,No,Yes,No,Month-to-month,No,Electronic check,56.67,2596.27,Yes
CUST-00770,Female,0,Yes,No,18,Yes,No,Fiber optic,No,Yes,No,Yes,Yes,Yes,Month-to-month,No,Bank transfer (automatic),97.19,1586.96,Yes
CUST-00771,Male,1,Yes,No,16,Yes,Yes,DSL,No,No,Yes,No,No,No,Month-to-month,Yes,Bank transfer (automatic),67.86,1065.02,Yes
CUST-00772,Male,1,No,No,18,Yes,No,Fiber optic,No,Yes,No,No,No,No,One year,Yes,Electronic check,83.88,1485.96,Yes
CUST-00773,Female,0,No,No,16,No,No phone service,Fiber optic,No,No,Yes,Yes,No,Yes,Month-to-month,No,Bank transfer (automatic),83.83,1256.07,No
CUST-00774,Male,0,No,No,67,Yes,No,Fiber optic,No,No,Yes,No,Yes,Yes,Month-to-month,No,Bank transfer (automatic),92.3,5384.38,Yes
CUST-00775,Male,0,No,No,22,Yes,No,No,No internet service,No internet service,No internet service,No internet service,No internet service,No internet service,Month-to-month,No,Electronic check,35.16,735.59,Yes
CUST-00776,Male,0,Yes,No,60,Yes,Yes,No,No internet service,No internet service,No internet service,No internet service,No internet service,No internet service,Month-to-month,No,Bank transfer (automatic),48.18,2792.93,No
CUST-00777,Female,0,Yes,Yes,23,Yes,No,DSL,No,No,No,No,No,Yes,Month-to-month,No,Credit card (automatic),64.64,1345.42,Yes
CUST-00778,Female,0,No,No,24,Yes,Yes,Fiber optic,No,No,Yes,No,Yes,Yes,Month-to-month,No,Credit card (automatic),103.11,2207.03,Yes
CUST-00779,Female,0,No,No,4,Yes,No,DSL,No,No,Yes,No,Yes,Yes,Month-to-month,No,Electronic check,74.42,296.48,Yes
CUST-00780,Male,1,No,No,17,Yes,No,No,No internet service,No internet service,No internet service,No internet service,No internet service,No internet service,One year,No,Credit card (automatic),29.65,460.36,No
CUST-00781,Male,0,Yes,Yes,68,Yes,Yes,DSL,No,No,No,No,Yes,Yes,One year,No,Electronic check,73.61,4597.89,No
CUST-00782,Male,1,No,No,66,Yes,No,DSL,Yes,No,No,Yes,No,No,Month-to-month,No,Bank transfer (automatic),73.43,4406.28,Yes
CUST-00783,Female,1,No,No,17,Yes,No,DSL,No,No,No,No,No,Yes,Month-to-month,Yes,Mailed check,59.54,925.2,Yes
CUST-00784,Female,0,Yes,Yes,2,Yes,Yes,DSL,Yes,Yes,No,Yes,No,No,One year,Yes,Credit card (automatic),78.48,144.64,No
CUST-00785,Female,0,No,No,11,Yes,No,Fiber optic,No,No,No,Yes,No,No,Two year,No,Mailed check,81.76,840.87,Yes
CUST-00786,Male,1,No,No,17,Yes,Yes,Fiber optic,No,Yes,No,No,Yes,No,Month-to-month,No,Credit card (automatic),98.11,1498.15,Yes
CUST-00787,Female,1,Yes,No,17,Yes,No,DSL,No,Yes,Yes,No,No,Yes,Two year,No,Mailed check,74.08,1074.32,Yes
CUST-00788,Male,0,Yes,Yes,17,Yes,Yes,Fiber optic,No,Yes,Yes,No,No,Yes,Month-to-month,Yes,Mailed check,99.89,1613.18,Yes
CUST-00789,Male,0,Yes,No,26,Yes,No,Fiber optic,Yes,No,Yes,No,Yes,No,One year,No,Bank transfer (automatic),94.03,2240.73,No
CUST-00790,Female,0,No,No,10,Yes,No,DSL,No,Yes,No,Yes,No,No,Month-to-month,Yes,Mailed check,70.95,633.02,Yes
CUST-00791,Female,0,Yes,No,24,Yes,No,DSL,No,Yes,No,No,Yes,No,One year,Yes,Credit card (automatic),75.85,1711.42,No
CUST-00792,Female,0,Yes,No,32,Yes,No,Fiber optic,No,Yes,No,No,No,No,One year,Yes,Electronic check,90.8,2722.84,No
CUST-00793,Male,0,Yes,No,18,Yes,Yes,DSL,Yes,No,No,Yes,No,No,Month-to-month,Yes,Bank transfer (automatic),70.71,1241.43,No
CUST-00794,Male,0,Yes,Yes,27,Yes,No,Fiber optic,No,Yes,Yes,Yes,No,No,Two year,Yes,Mailed check,96.0,2203.19,Yes
CUST-00795,Female,0,Yes,No,72,Yes,Yes,Fiber optic,Yes,No,No,No,Yes,Yes,Two year,Yes,Mailed check,105.12,7084.08,No
CUST-00796,Female,0,No,No,41,No,No phone service,Fiber optic,Yes,No,No,No,No,Yes,Month-to-month,No,Bank transfer (automatic),83.37,3152.17,Yes
CUST-00797,Male,0,Yes,Yes,37,Yes,Yes,DSL,No,No,No,No,Yes,Yes,Month-to-month,Yes,Mailed check,70.97,2371.46,No
CUST-00798,Female,0,Yes,No,19,Yes,No,Fiber optic,Yes,Yes,Yes,No,Yes,No,Month-to-month,No,Mailed check,101.85,1873.71,Yes
CUST-00799,Female,0,Yes,Yes,16,Yes,No,DSL,No,No,No,Yes,Yes,Yes,Month-to-month,Yes,Credit card (automatic),79.81,1211.3,No
CUST-00800,Female,0,Yes,No,25,Yes,No,Fiber optic,Yes,No,No,No,Yes,No,One year,Yes,Bank transfer (automatic),87.4,2046.85,No
CUST-00801,Female,0,Yes,No,37,Yes,Yes,Fiber optic,No,No,Yes,No,No,Yes,Month-to-month,Yes,Bank transfer (automatic),93.66,3150.56,No
CUST-00802,Female,0,No,No,30,Yes,No,Fiber optic,No,Yes,No,No,No,Yes,One year,Yes,Electronic check,87.97,2561.35,Yes
CUST-00803,Male,0,No,No,28,Yes,No,DSL,No,No,Yes,No,Yes,No,One year,Yes,Credit card (automatic),71.66,1754.51,Yes
CUST-00804,Male,0,No,Yes,46,Yes,No,No,No internet service,No internet service,No internet service,No internet service,No internet service,No internet service,Month-to-month,Yes,Credit card (automatic),31.74,1422.22,Yes
CUST-00805,Male,0,Yes,No,35,Yes,Yes,Fiber optic,No,No,Yes,No,Yes,Yes,Month-to-month,Yes,Electronic check,103.62,3296.68,Yes
CUST-00806,Male,0,No,No,44,Yes,No,DSL,No,Yes,No,No,Yes,No,Month-to-month,Yes,Electronic check,67.29,2745.56,Yes
CUST-00807,Male,0,No,Yes,12,Yes,No,Fiber optic,No,No,Yes,Yes,Yes,Yes,Month-to-month,No,Electronic check,106.43,1258.87,Yes
CUST-00808,Female,0,Yes,Yes,9,Yes,No,Fiber optic,Yes,No,Yes,No,No,Yes,Month-to-month,No,Bank transfer (automatic),97.68,864.98,Yes
CUST-00809,Female,1,Yes,Yes,71,Yes,Yes,Fiber optic,No,No,No,No,No,Yes,Month-to-month,Yes,Electronic check,82.49,5568.56,Yes
CUST-00810,Male,0,No,No,2,Yes,Yes,Fiber optic,No,No,No,Yes,Yes,No,Month-to-month,Yes,Mailed check,98.8,187.96,Yes
CUST-00811,Female,0,Yes,No,10,Yes,No,No,No internet service,No internet service,No internet service,No internet service,No internet service,No internet service,Month-to-month,Yes,Credit card (automatic),26.21,243.74,Yes
CUST-00812,Male,0,Yes,No,19,Yes,Yes,DSL,No,Yes,No,No,No,No,Month-to-month,Yes,Electronic check,67.95,1255.8,Yes
CUST-00813,Male,0,No,No,60,Yes,No,No,No internet service,No internet service,No internet service,No internet service,No internet service,No internet service,One year,No,Mailed check,32.65,1877.41,No
CUST-00814,Female,0,Yes,No,8,Yes,Yes,DSL,No,No,Yes,No,Yes,No,One year,Yes,Bank transfer (automatic),73.74,568.32,Yes
CUST-00815,Male,0,No,No,4,Yes,No,DSL,Yes,No,Yes,No,Yes,Yes,Month-to-month,Yes,Electronic check,84.15,304.38,Yes
CUST-00816,Male,0,Yes,No,13,Yes,No,Fiber optic,No,No,Yes,No,No,No,Month-to-month,Yes,Electronic check,93.58,1150.61,Yes
CUST-00817,Female,0,Yes,No,17,Yes,Yes,Fiber optic,No,No,Yes,No,Yes,No,Month-to-month,No,Bank transfer (automatic),86.73,1378.8,Yes
CUST-00818,Female,0,Yes,No,27,Yes,No,Fiber optic,No,No,No,No,No,No,One year,No,Electronic check,76.4,1881.27,Yes
CUST-00819,Male,0,Yes,Yes,38,Yes,Yes,Fiber optic,No,Yes,Yes,Yes,Yes,No,Month-to-month,No,Electronic check,107.83,3849.39,Yes
CUST-00820,Male,1,No,No,47,Yes,Yes,Fiber optic,No,No,Yes,Yes,No,No,Month-to-month,Yes,Bank transfer (automatic),95.31,4439.42,Yes
CUST-00821,Female,0,No,Yes,7,Yes,No,Fiber optic,No,Yes,No,No,No,No,One year,No,Credit card (automatic),75.89,508.86,Yes
CUST-00822,Male,0,No,No,2,Yes,Yes,DSL,No,Yes,No,No,No,No,Month-to-month,Yes,Credit card (automatic),76.08,142.36,Yes
CUST-00823,Female,0,No,No,26,Yes,Yes,Fiber optic,Yes,Yes,No,Yes,Yes,Yes,Month-to-month,No,Electronic check,113.15,2724.93,No
CUST-00824,Male,0,Yes,No,8,Yes,No,DSL,No,No,Yes,No,No,Yes,Month-to-month,Yes,Electronic check,73.43,543.61,Yes
CUST-00825,Male,0,Yes,Yes,16,Yes,Yes,DSL,Yes,No,No,Yes,No,Yes,Two year,Yes,Electronic check,84.03,1271.33,No
CUST-00826,Female,0,Yes,No,20,Yes,No,Fiber optic,No,No,No,Yes,No,Yes,Month-to-month,No,Mailed check,88.7,1664.75,Yes
CUST-00827,Male,0,No,Yes,17,Yes,No,Fiber optic,No,Yes,No,Yes,No,No,Month-to-month,No,Electronic check,84.22,1401.02,No
CUST-00828,Male,0,No,Yes,4,Yes,No,DSL,No,Yes,Yes,No,Yes,Yes,Month-to-month,No,Bank transfer (automatic),81.4,301.1,Yes
CUST-00829,Male,1,Yes,No,29,Yes,No,No,No internet service,No internet service,No internet service,No internet service,No internet service,No internet service,Month-to-month,No,Bank transfer (automatic),26.94,762.64,Yes
CUST-00830,Female,0,No,No,72,Yes,No,DSL,Yes,No,Yes,No,Yes,Yes,One year,No,Credit card (automatic),85.81,5704.92,No
CUST-00831,Female,0,No,Yes,24,Yes,Yes,No,No internet service,No internet service,No internet service,No internet service,No internet service,No internet service,Month-to-month,Yes,Mailed check,44.31,1039.59,No
CUST-00832,Female,0,Yes,Yes,72,Yes,No,Fiber optic,No,No,Yes,Yes,Yes,Yes,Month-to-month,No,Mailed check,102.86,7536.27,Yes
CUST-00833,Female,0,No,No,2,Yes,No,DSL,Yes,Yes,No,Yes,No,Yes,Month-to-month,Yes,Electronic check,80.2,163.53,Yes
CUST-00834,Female,0,No,No,12,Yes,No,DSL,Yes,No,Yes,Yes,Yes,Yes,Month-to-month,Yes,Credit card (automatic),91.25,1076.37,No
CUST-00835,Male,0,No,No,72,Yes,No,No,No internet service,No internet service,No internet service,No internet service,No internet service,No internet service,Two year,Yes,Electronic check,38.64,2825.58,No
CUST-00836,Male,0,Yes,No,12,Yes,No,Fiber optic,No,No,No,Yes,No,Yes,Two year,No,Electronic check,92.72,1008.52,No
CUST-00837,Male,0,Yes,Yes,30,Yes,Yes,DSL,No,No,No,No,Yes,No,Month-to-month,Yes,Electronic check,76.42,2082.24,No
CUST-00838,Female,0,Yes,No,24,Yes,No,DSL,No,Yes,No,Yes,Yes,No,One year,No,Bank transfer (automatic),81.59,1851.38,No
CUST-00839,Female,0,No,No,19,Yes,Yes,Fiber optic,Yes,No,Yes,No,No,Yes,Month-to-month,No,Bank transfer (automatic),108.41,1981.41,Yes
CUST-00840,Male,0,No,No,48,Yes,No,DSL,No,No,No,No,No,No,One year,No,Electronic check,64.91,2922.91,No
CUST-00841,Female,0,No,No,25,No,No phone service,Fiber optic,No,No,Yes,No,No,Yes,Two year,Yes,Electronic check,63.22,1493.42,Yes
CUST-00842,Male,0,Yes,No,42,No,No phone service,No,No internet service,No internet service,No internet service,No internet service,No internet service,No internet service,Month-to-month,No,Credit card (automatic),20.19,825.68,No
CUST-00843,Male,0,Yes,No,72,Yes,Yes,No,No internet service,No internet service,No internet service,No internet service,No internet service,No internet service,Month-to-month,Yes,Bank transfer (automatic),39.66,2667.04,No
CUST-00844,Female,0,No,No,49,Yes,Yes,DSL,No,Yes,Yes,Yes,No,No,Month-to-month,Yes,Mailed check,85.19,3842.47,No
CUST-00845,Female,1,Yes,No,10,Yes,Yes,Fiber optic,Yes,Yes,Yes,No,Yes,Yes,Month-to-month,Yes,Electronic check,105.74,1013.21,Yes
CUST-00846,Female,0,No,No,72,Yes,No,Fiber optic,Yes,Yes,No,No,No,Yes,Month-to-month,Yes,Electronic check,90.24,6185.19,Yes
CUST-00847,Female,0,No,Yes,37,Yes,No,Fiber optic,No,Yes,Yes,Yes,Yes,Yes,Month-to-month,Yes,Electronic check,114.76,3927.76,Yes
CUST-00848,Female,0,Yes,Yes,21,Yes,Yes,DSL,Yes,No,No,Yes,No,Yes,Month-to-month,No,Credit card (automatic),84.44,1639.99,No
CUST-00849,Male,0,Yes,No,8,No,No phone service,Fiber optic,No,Yes,Yes,No,No,No,One year,Yes,Bank transfer (automatic),76.47,588.3,Yes
CUST-00850,Male,0,Yes,No,26,Yes,No,DSL,Yes,No,Yes,No,Yes,No,Month-to-month,No,Electronic check,73.07,1741.07,No
CUST-00851,Male,0,Yes,Yes,13,Yes,No,DSL,Yes,No,No,No,Yes,No,One year,Yes,Bank transfer (automatic),65.44,757.39,Yes
CUST-00852,Male,0,No,No,6,Yes,Yes,Fiber optic,No,Yes,Yes,No,Yes,No,One year,No,Electronic check,98.29,526.69,No
CUST-00853,Male,0,Yes,No,9,Yes,Yes,Fiber optic,No,Yes,No,Yes,No,Yes,Month-to-month,Yes,Electronic check,98.32,794.13,Yes
CUST-00854,Female,0,Yes,No,5,Yes,Yes,Fiber optic,No,No,No,No,No,Yes,Month-to-month,Yes,Credit card (automatic),93.62,420.42,Yes
CUST-00855,Female,0,Yes,No,18,Yes,Yes,No,No internet service,No internet service,No internet service,No internet service,No internet service,No internet service,Month-to-month,Yes,Bank transfer (automatic),40.45,695.01,Yes
CUST-00856,Male,0,Yes,No,22,Yes,Yes,DSL,Yes,No,No,No,No,No,Month-to-month,Yes,Electronic check,66.52,1358.9,Yes
CUST-00857,Female,0,No,No,33,Yes,No,DSL,Yes,No,Yes,No,No,Yes,Month-to-month,Yes,Mailed check,79.68,2528.28,Yes
CUST-00858,Female,0,No,No,36,Yes,No,Fiber optic,Yes,No,No,No,Yes,Yes,Two year,No,Credit card (automatic),82.85,2819.27,Yes
CUST-00859,Male,0,No,No,16,Yes,Yes,DSL,Yes,No,No,No,Yes,No,Month-to-month,Yes,Mailed check,63.36,951.51,Yes
CUST-00860,Male,0,No,No,18,Yes,No,Fiber optic,No,No,No,No,No,Yes,Month-to-month,Yes,Electronic check,87.96,1498.78,Yes
CUST-00861,Male,0,Yes,Yes,29,Yes,No,Fiber optic,No,No,Yes,Yes,No,No,Month-to-month,No,Mailed check,97.74,2738.61,Yes
CUST-00862,Male,0,No,No,9,Yes,Yes,DSL,Yes,Yes,No,Yes,Yes,No,One year,Yes,Credit card (automatic),74.51,613.7,No
CUST-00863,Female,0,Yes,No,41,No,No phone service,Fiber optic,No,Yes,No,Yes,Yes,No,Month-to-month,No,Electronic check,78.29,3075.71,Yes
CUST-00864,Male,0,No,No,19,Yes,Yes,DSL,No,Yes,Yes,No,Yes,Yes,Month-to-month,Yes,Mailed check,95.07,1720.84,Yes
CUST-00865,Male,1,Yes,No,46,Yes,No,DSL,Yes,Yes,No,No,Yes,No,Month-to-month,No,Electronic check,68.29,3064.98,No
CUST-00866,Male,0,Yes,Yes,27,Yes,No,DSL,No,Yes,Yes,No,No,Yes,Month-to-month,Yes,Credit card (automatic),79.75,1871.43,Yes
CUST-00867,Male,0,Yes,No,21,Yes,Yes,Fiber optic,No,Yes,Yes,No,No,No,One year,Yes,Credit card (automatic),94.49,1907.47,No
CUST-00868,Male,0,No,No,55,Yes,Yes,Fiber optic,No,No,Yes,Yes,Yes,Yes,One year,No,Mailed check,111.4,5866.23,Yes
CUST-00869,Female,0,Yes,No,6,Yes,Yes,DSL,No,Yes,Yes,Yes,Yes,No,Month-to-month,No,Electronic check,92.48,507.77,Yes
CUST-00870,Female,0,No,No,32,Yes,Yes,Fiber optic,No,No,Yes,Yes,Yes,Yes,One year,Yes,Bank transfer (automatic),108.69,3205.91,Yes
CUST-00871,Female,0,Yes,Yes,71,Yes,No,DSL,No,Yes,Yes,No,No,No,One year,No,Mailed check,66.13,4292.31,No
CUST-00872,Female,0,No,No,28,Yes,No,DSL,No,No,No,No,No,No,Month-to-month,No,Mailed check,54.57,1416.89,No
CUST-00873,Female,0,No,No,24,Yes,No,Fiber optic,Yes,Yes,Yes,No,No,Yes,Month-to-month,No,Mailed check,98.76,2288.06,No
CUST-00874,Female,0,Yes,No,47,Yes,No,Fiber optic,No,No,Yes,Yes,No,Yes,One year,No,Electronic check,87.95,3810.2,No
CUST-00875,Male,1,Yes,No,16,Yes,Yes,Fiber optic,Yes,Yes,No,No,No,Yes,Two year,No,Electronic check,104.86,1669.8,No
CUST-00876,Male,0,Yes,No,20,Yes,Yes,Fiber optic,No,No,No,Yes,No,No,Two year,No,Mailed check,81.89,1480.55,No
CUST-00877,Male,0,No,No,8,Yes,No,No,No internet service,No internet service,No internet service,No internet service,No internet service,No internet service,One year,Yes,Electronic check,39.71,277.25,No
CUST-00878,Male,1,No,Yes,15,Yes,No,DSL,Yes,No,No,No,No,Yes,Month-to-month,Yes,Bank transfer (automatic),66.4,899.35,No
CUST-00879,Male,0,Yes,No,39,Yes,No,DSL,No,Yes,Yes,No,No,Yes,Month-to-month,Yes,Electronic check,74.35,2706.22,No
CUST-00880,Male,0,Yes,No,20,Yes,No,Fiber optic,Yes,No,No,No,No,No,Two year,No,Credit card (automatic),81.83,1552.01,No
CUST-00881,Female,0,Yes,Yes,11,Yes,No,Fiber optic,Yes,Yes,No,Yes,Yes,No,One year,No,Electronic check,108.63,1137.94,No
CUST-00882,Male,1,Yes,No,57,Yes,No,DSL,No,No,No,Yes,No,No,Month-to-month,Yes,Electronic check,66.89,3428.92,No
CUST-00883,Female,0,No,No,51,Yes,No,No,No internet service,No internet service,No internet service,No internet service,No internet service,No internet service,Month-to-month,No,Bank transfer (automatic),37.75,1802.89,Yes
CUST-00884,Female,0,Yes,No,12,Yes,No,DSL,Yes,No,No,No,No,Yes,Month-to-month,No,Bank transfer (automatic),67.63,752.0,No
CUST-00885,Male,1,Yes,No,51,Yes,Yes,Fiber optic,No,No,Yes,No,Yes,Yes,Two year,Yes,Electronic check,104.72,,No
CUST-00886,Male,0,No,No,38,Yes,Yes,No,No internet service,No internet service,No internet service,No internet service,No internet service,No internet service,Month-to-month,Yes,Electronic check,42.46,1488.1,Yes
CUST-00887,Female,1,No,No,29,Yes,No,Fiber optic,No,Yes,No,No,No,No,Two year,Yes,Electronic check,84.79,2348.17,No
CUST-00888,Female,1,No,No,72,Yes,Yes,DSL,No,No,No,No,No,Yes,One year,Yes,Bank transfer (automatic),71.55,4876.04,No
CUST-00889,Female,1,Yes,No,32,Yes,Yes,No,No internet service,No internet service,No internet service,No internet service,No internet service,No internet service,Month-to-month,No,Electronic check,40.37,1276.47,Yes
CUST-00890,Female,0,No,No,13,Yes,No,DSL,No,Yes,Yes,No,No,No,Two year,No,Electronic check,71.16,885.68,No
CUST-00891,Female,0,No,Yes,18,Yes,No,No,No internet service,No internet service,No internet service,No internet service,No internet service,No internet service,Month-to-month,Yes,Credit card (automatic),36.62,595.06,No
CUST-00892,Male,0,No,No,5,Yes,No,DSL,No,No,Yes,No,No,No,Month-to-month,No,Mailed check,60.62,306.67,Yes
CUST-00893,Male,0,Yes,Yes,37,Yes,Yes,Fiber optic,No,No,Yes,No,No,Yes,One year,No,Electronic check,82.64,2896.69,Yes
CUST-00894,Male,0,No,Yes,72,No,No phone service,DSL,No,Yes,No,No,No,No,Two year,No,Bank transfer (automatic),46.35,3303.02,No
CUST-00895,Male,1,No,No,32,Yes,No,DSL,No,No,Yes,No,No,Yes,Month-to-month,No,Electronic check,67.02,2043.55,Yes
CUST-00896,Male,0,No,No,29,Yes,Yes,Fiber optic,No,No,No,Yes,Yes,No,Month-to-month,Yes,Electronic check,97.11,2653.11,Yes
CUST-00897,Male,0,No,No,46,No,No phone service,No,No internet service,No internet service,No internet service,No internet service,No internet service,No internet service,Month-to-month,Yes,Mailed check,18.4,801.71,Yes
CUST-00898,Female,0,No,No,41,Yes,No,DSL,No,Yes,No,Yes,No,Yes,Two year,Yes,Electronic check,72.83,2616.12,No
CUST-00899,Female,0,No,No,58,Yes,No,Fiber optic,Yes,Yes,Yes,No,Yes,No,Two year,No,Mailed check,92.48,4842.04,No
CUST-00900,Male,0,No,No,25,Yes,Yes,Fiber optic,No,Yes,Yes,No,No,No,Two year,No,Bank transfer (automatic),93.18,2219.44,No
CUST-00901,Female,0,Yes,Yes,35,Yes,Yes,Fiber optic,No,No,No,Yes,No,Yes,One year,Yes,Bank transfer (automatic),97.52,3415.08,No
CUST-00902,Female,0,Yes,Yes,24,Yes,Yes,Fiber optic,No,Yes,No,No,No,No,Month-to-month,No,Credit card (automatic),96.03,2087.87,Yes
CUST-00903,Female,0,No,No,8,Yes,Yes,DSL,No,No,No,No,Yes,No,Month-to-month,Yes,Electronic check,67.28,518.17,Yes
CUST-00904,Male,0,No,No,10,Yes,No,DSL,No,No,Yes,No,No,Yes,One year,Yes,Mailed check,69.55,678.52,Yes
CUST-00905,Female,0,No,No,14,Yes,Yes,Fiber optic,No,Yes,No,Yes,No,No,Two year,No,Bank transfer (automatic),94.68,1273.66,No
CUST-00906,Male,0,No,No,8,No,No phone service,DSL,Yes,No,Yes,Yes,Yes,Yes,Month-to-month,Yes,Mailed check,66.6,491.19,Yes
CUST-00907,Female,0,No,Yes,28,Yes,No,Fiber optic,Yes,Yes,No,Yes,Yes,No,Month-to-month,Yes,Electronic check,104.69,2784.01,Yes
CUST-00908,Female,1,No,No,48,No,No phone service,No,No internet service,No internet service,No internet service,No internet service,No internet service,No internet service,One year,Yes,Electronic check,19.67,825.9,Yes
CUST-00909,Female,0,Yes,Yes,16,Yes,No,No,No internet service,No internet service,No internet service,No internet service,No internet service,No internet service,Month-to-month,Yes,Electronic check,44.64,722.29,No
CUST-00910,Female,0,No,Yes,4,Yes,No,Fiber optic,No,No,Yes,No,No,No,One year,No,Electronic check,79.2,323.47,Yes
CUST-00911,Male,0,Yes,No,13,Yes,No,Fiber optic,No,No,Yes,No,Yes,No,Month-to-month,No,Credit card (automatic),89.26,1099.01,No
CUST-00912,Female,0,No,No,20,Yes,Yes,No,No internet service,No internet service,No internet service,No internet service,No internet service,No internet service,One year,Yes,Bank transfer (automatic),39.28,734.8,No
CUST-00913,Female,1,No,No,45,Yes,Yes,Fiber optic,No,Yes,No,No,No,Yes,One year,No,Electronic check,92.31,3952.42,Yes
CUST-00914,Male,0,Yes,No,26,Yes,No,DSL,No,No,No,Yes,Yes,No,Month-to-month,Yes,Bank transfer (automatic),75.21,1947.6,No
CUST-00915,Male,0,Yes,No,26,Yes,No,Fiber optic,Yes,No,No,No,No,Yes,Month-to-month,Yes,Mailed check,88.28,2170.97,No
CUST-00916,Female,0,Yes,Yes,36,No,No phone service,Fiber optic,Yes,No,No,Yes,Yes,Yes,One year,No,Bank transfer (automatic),82.86,2729.16,No
CUST-00917,Male,0,No,No,50,Yes,No,DSL,No,No,No,No,Yes,Yes,Two year,No,Electronic check,73.96,3551.66,No
CUST-00918,Male,0,Yes,Yes,72,No,No phone service,Fiber optic,No,No,No,No,Yes,No,Month-to-month,Yes,Bank transfer (automatic),64.99,4438.83,Yes
CUST-00919,Female,0,Yes,Yes,16,Yes,Yes,DSL,Yes,No,Yes,No,Yes,Yes,Month-to-month,Yes,Credit card (automatic),88.16,1334.54,Yes
CUST-00920,Male,0,No,No,25,Yes,No,No,No internet service,No internet service,No internet service,No internet service,No internet service,No internet service,Two year,Yes,Bank transfer (automatic),29.04,692.88,Yes
CUST-00921,Male,0,Yes,Yes,16,Yes,Yes,DSL,No,No,No,No,No,No,Month-to-month,No,Electronic check,63.43,929.22,Yes
CUST-00922,Male,1,No,No,34,Yes,Yes,DSL,No,No,No,No,No,Yes,Month-to-month,Yes,Credit card (automatic),70.43,2188.38,Yes
CUST-00923,Female,0,No,No,4,Yes,No,DSL,No,No,No,No,Yes,Yes,Month-to-month,No,Electronic check,72.69,253.85,Yes
CUST-00924,Female,1,Yes,No,72,Yes,No,DSL,No,No,No,No,Yes,No,One year,No,Electronic check,64.55,4315.15,No
CUST-00925,Female,0,Yes,No,37,Yes,No,Fiber optic,No,No,No,Yes,Yes,Yes,Month-to-month,No,Electronic check,92.97,3180.36,Yes
CUST-00926,Male,0,No,Yes,33,Yes,No,Fiber optic,No,No,Yes,No,Yes,Yes,Month-to-month,No,Credit card (automatic),97.22,2954.77,Yes
CUST-00927,Male,0,No,No,13,Yes,No,DSL,No,No,Yes,Yes,Yes,No,Month-to-month,Yes,Electronic check,71.42,902.24,No
CUST-00928,Female,0,Yes,No,18,Yes,No,Fiber optic,No,Yes,No,No,Yes,Yes,Month-to-month,Yes,Bank transfer (automatic),100.31,1805.07,No
CUST-00929,Female,0,No,No,8,Yes,No,DSL,No,No,No,No,Yes,Yes,Month-to-month,Yes,Bank transfer (automatic),82.83,593.76,Yes
CUST-00930,Male,1,No,No,13,Yes,No,No,No internet service,No internet service,No internet service,No internet service,No internet service,No internet service,Month-to-month,Yes,Electronic check,33.32,424.66,Yes
CUST-00931,Male,0,Yes,No,50,Yes,No,DSL,No,No,Yes,No,No,Yes,One year,Yes,Mailed check,72.36,3323.14,No
CUST-00932,Male,0,No,No,5,Yes,No,DSL,Yes,No,No,Yes,Yes,No,Month-to-month,Yes,Electronic check,70.03,326.35,Yes
CUST-00933,Female,0,No,No,72,Yes,Yes,DSL,No,Yes,No,No,No,Yes,Two year,No,Mailed check,75.67,5004.49,Yes
CUST-00934,Male,0,Yes,No,57,Yes,No,Fiber optic,No,Yes,Yes,No,Yes,Yes,Two year,Yes,Electronic check,104.03,5407.29,No
CUST-00935,Female,0,No,No,33,Yes,No,Fiber optic,Yes,No,No,No,No,No,Month-to-month,No,Electronic check,86.33,2803.48,Yes
CUST-00936,Male,0,Yes,Yes,12,Yes,No,DSL,No,Yes,No,Yes,Yes,No,Month-to-month,Yes,Electronic check,72.31,791.38,Yes
CUST-00937,Female,0,Yes,No,42,Yes,Yes,Fiber optic,No,Yes,Yes,No,Yes,Yes,Month-to-month,No,Electronic check,104.69,4345.58,No
CUST-00938,Female,0,Yes,No,39,No,No phone service,No,No internet service,No internet service,No internet service,No internet service,No internet service,No internet service,Two year,No,Electronic check,18.0,674.07,No
CUST-00939,Female,0,No,Yes,16,Yes,No,DSL,No,Yes,No,Yes,No,No,Month-to-month,No,Electronic check,68.7,1053.42,Yes
CUST-00940,Male,0,No,No,37,Yes,No,Fiber optic,No,Yes,No,No,No,No,Month-to-month,Yes,Bank transfer (automatic),80.9,2730.91,Yes
CUST-00941,Male,0,No,No,20,Yes,Yes,Fiber optic,Yes,Yes,No,No,Yes,Yes,Two year,Yes,Electronic check,112.19,2282.53,Yes
CUST-00942,Female,0,Yes,No,4,Yes,Yes,Fiber optic,No,Yes,No,No,No,No,Month-to-month,Yes,Electronic check,94.56,355.83,Yes
CUST-00943,Male,0,No,No,8,Yes,Yes,Fiber optic,No,Yes,Yes,Yes,No,Yes,Month-to-month,Yes,Bank transfer (automatic),101.33,737.02,No
CUST-00944,Female,0,No,No,56,Yes,Yes,DSL,No,Yes,No,No,No,No,Two year,No,Electronic check,79.71,4152.98,No
CUST-00945,Female,0,Yes,Yes,17,Yes,Yes,No,No internet service,No internet service,No internet service,No internet service,No internet service,No internet service,Month-to-month,Yes,Credit card (automatic),42.69,674.83,No
CUST-00946,Female,1,Yes,Yes,14,Yes,No,Fiber optic,No,No,No,No,Yes,No,Month-to-month,No,Electronic check,82.01,1074.61,Yes
CUST-00947,Male,0,No,No,28,Yes,Yes,DSL,No,No,No,No,No,Yes,Month-to-month,Yes,Credit card (automatic),69.48,1844.1,Yes
CUST-00948,Female,0,Yes,Yes,3,Yes,Yes,DSL,Yes,Yes,No,No,No,Yes,One year,No,Mailed check,80.81,225.62,Yes
CUST-00949,Male,1,No,No,26,Yes,No,Fiber optic,No,No,No,Yes,No,Yes,One year,No,Bank transfer (automatic),84.74,1989.73,No
CUST-00950,Female,0,No,No,30,No,No phone service,Fiber optic,Yes,No,Yes,Yes,No,No,Month-to-month,Yes,Electronic check,72.63,1954.45,Yes
CUST-00951,Female,0,Yes,No,41,Yes,No,Fiber optic,Yes,Yes,Yes,No,Yes,Yes,One year,No,Electronic check,103.73,4009.03,Yes
CUST-00952,Female,1,No,No,10,Yes,Yes,DSL,Yes,Yes,No,No,Yes,No,Month-to-month,No,Credit card (automatic),85.69,736.52,No
CUST-00953,Male,1,No,No,15,Yes,No,DSL,No,Yes,Yes,No,Yes,Yes,Month-to-month,Yes,Electronic check,73.64,1109.87,Yes
CUST-00954,Female,0,Yes,Yes,29,Yes,Yes,DSL,No,No,No,Yes,No,Yes,Two year,No,Bank transfer (automatic),75.29,2031.71,No
CUST-00955,Male,0,No,Yes,11,Yes,No,DSL,No,No,No,No,Yes,Yes,Month-to-month,Yes,Bank transfer (automatic),68.36,728.13,No
CUST-00956,Male,0,Yes,No,31,No,No phone service,DSL,No,No,No,No,Yes,No,Month-to-month,Yes,Electronic check,47.18,1362.54,Yes
CUST-00957,Female,1,No,No,28,No,No phone service,Fiber optic,Yes,No,No,No,No,No,Month-to-month,No,Electronic check,67.89,1876.3,Yes
CUST-00958,Male,1,Yes,No,2,Yes,No,Fiber optic,No,Yes,Yes,Yes,Yes,No,One year,Yes,Mailed check,104.15,189.97,Yes
CUST-00959,Male,0,Yes,Yes,50,Yes,No,DSL,No,Yes,No,Yes,No,No,Month-to-month,No,Mailed check,66.0,3329.33,No
CUST-00960,Female,0,Yes,Yes,11,Yes,Yes,DSL,No,No,Yes,No,No,Yes,Month-to-month,No,Credit card (automatic),74.1,766.88,Yes
CUST-00961,Female,0,Yes,No,26,Yes,Yes,No,No internet service,No internet service,No internet service,No internet service,No internet service,No internet service,Month-to-month,No,Mailed check,41.08,948.7,No
CUST-00962,Female,0,Yes,No,72,Yes,Yes,Fiber optic,No,Yes,Yes,No,No,Yes,Two year,No,Credit card (automatic),97.54,6421.84,No
CUST-00963,Male,0,Yes,No,12,Yes,No,Fiber optic,No,Yes,No,Yes,No,Yes,Month-to-month,No,Electronic check,98.79,1122.67,Yes
CUST-00964,Female,0,No,Yes,36,Yes,No,DSL,No,No,No,No,Yes,Yes,One year,Yes,Mailed check,75.69,2511.16,No
CUST-00965,Male,0,Yes,Yes,72,Yes,No,DSL,Yes,No,No,Yes,No,Yes,Month-to-month,No,Mailed check,72.93,5143.0,No
CUST-00966,Male,0,Yes,No,40,Yes,Yes,DSL,No,Yes,No,No,No,No,One year,Yes,Credit card (automatic),75.64,2723.39,No
CUST-00967,Male,0,Yes,No,57,Yes,Yes,Fiber optic,No,Yes,Yes,No,No,No,Month-to-month,Yes,Mailed check,92.49,4765.55,Yes
CUST-00968,Female,0,No,No,9,Yes,No,Fiber optic,No,No,No,No,No,No,One year,Yes,Bank transfer (automatic),71.92,587.56,Yes
CUST-00969,Male,0,Yes,Yes,71,Yes,Yes,DSL,Yes,No,No,Yes,Yes,No,One year,No,Credit card (automatic),88.98,5976.41,No
CUST-00970,Female,0,No,No,4,Yes,Yes,DSL,Yes,No,No,No,No,No,Two year,Yes,Credit card (automatic),70.65,270.68,No
CUST-00971,Female,1,No,No,38,Yes,No,Fiber optic,No,No,No,No,Yes,No,One year,Yes,Bank transfer (automatic),85.41,2913.85,Yes
CUST-00972,Female,0,Yes,No,25,Yes,Yes,Fiber optic,No,No,Yes,No,No,No,Two year,Yes,Mailed check,87.79,2120.56,No
CUST-00973,Female,0,No,No,20,Yes,No,DSL,No,Yes,No,Yes,No,Yes,Two year,Yes,Credit card (automatic),71.19,1373.89,No
CUST-00974,Female,0,Yes,No,17,Yes,Yes,DSL,No,No,No,No,No,No,Month-to-month,Yes,Credit card (automatic),64.91,1037.31,Yes
CUST-00975,Female,0,No,No,41,Yes,No,Fiber optic,Yes,Yes,Yes,No,Yes,No,Month-to-month,Yes,Mailed check,110.53,4108.2,Yes
CUST-00976,Female,0,Yes,No,13,No,No phone service,No,No internet service,No internet service,No internet service,No internet service,No internet service,No internet service,Month-to-month,Yes,Bank transfer (automatic),18.0,222.36,No
CUST-00977,Female,0,No,No,18,Yes,No,Fiber optic,Yes,No,Yes,Yes,No,No,Month-to-month,Yes,Electronic check,100.26,1653.29,Yes
CUST-00978,Male,0,No,Yes,38,Yes,No,Fiber optic,No,Yes,No,No,Yes,No,One year,Yes,Mailed check,99.45,3596.1,No
CUST-00979,Female,0,Yes,Yes,56,Yes,Yes,Fiber optic,Yes,Yes,Yes,No,Yes,Yes,Month-to-month,Yes,Bank transfer (automatic),111.85,5738.12,No
CUST-00980,Male,0,Yes,No,23,Yes,Yes,Fiber optic,No,No,Yes,Yes,Yes,Yes,Two year,No,Mailed check,107.35,2267.03,No
CUST-00981,Male,0,Yes,Yes,72,Yes,Yes,DSL,No,No,Yes,No,Yes,No,Month-to-month,Yes,Electronic check,74.62,4791.23,Yes
CUST-00982,Male,0,Yes,Yes,29,Yes,No,Fiber optic,No,Yes,No,No,Yes,Yes,Month-to-month,Yes,Mailed check,92.96,2570.52,Yes
CUST-00983,Male,0,No,No,27,Yes,Yes,Fiber optic,Yes,Yes,No,Yes,Yes,No,Two year,Yes,Electronic check,104.57,2629.68,No
CUST-00984,Male,0,No,No,72,Yes,No,Fiber optic,No,Yes,Yes,No,Yes,No,One year,Yes,Bank transfer (automatic),84.73,5902.07,No
CUST-00985,Male,0,No,Yes,34,Yes,Yes,Fiber optic,Yes,Yes,Yes,No,No,Yes,Month-to-month,Yes,Bank transfer (automatic),104.93,3550.68,No
CUST-00986,Male,0,No,Yes,72,Yes,No,Fiber optic,No,No,No,Yes,No,No,Two year,No,Mailed check,81.1,5370.82,No
CUST-00987,Male,0,No,Yes,72,Yes,Yes,Fiber optic,No,No,No,No,Yes,Yes,Month-to-month,Yes,Mailed check,96.32,6213.34,Yes
CUST-00988,Female,0,No,Yes,9,Yes,No,Fiber optic,Yes,No,Yes,No,No,Yes,Month-to-month,No,Bank transfer (automatic),106.55,916.38,No
CUST-00989,Female,1,Yes,Yes,13,Yes,No,DSL,No,No,No,No,No,Yes,Two year,Yes,Mailed check,66.54,853.85,Yes
CUST-00990,Male,1,Yes,No,5,Yes,Yes,Fiber optic,Yes,Yes,No,Yes,Yes,Yes,One year,Yes,Credit card (automatic),113.75,515.76,Yes
CUST-00991,Female,1,Yes,Yes,43,Yes,No,Fiber optic,No,No,No,No,No,No,Month-to-month,No,Credit card (automatic),77.09,3015.51,Yes
CUST-00992,Male,0,Yes,No,43,Yes,No,DSL,No,No,Yes,Yes,No,No,Month-to-month,Yes,Mailed check,72.76,2902.97,No
CUST-00993,Female,0,Yes,Yes,16,Yes,Yes,Fiber optic,No,Yes,Yes,Yes,Yes,Yes,Two year,No,Mailed check,112.58,1793.01,No
CUST-00994,Female,0,Yes,No,2,Yes,No,Fiber optic,No,No,No,No,Yes,No,Month-to-month,Yes,Mailed check,80.74,147.76,Yes
CUST-00995,Male,0,Yes,No,35,Yes,Yes,Fiber optic,No,No,No,Yes,No,Yes,Month-to-month,No,Mailed check,97.99,3291.6,No
CUST-00996,Male,0,Yes,No,6,Yes,No,Fiber optic,Yes,Yes,No,No,Yes,No,Month-to-month,No,Electronic check,91.2,511.34,Yes
CUST-00997,Male,0,Yes,No,22,Yes,No,Fiber optic,No,Yes,Yes,Yes,No,No,Two year,Yes,Mailed check,93.89,2033.13,No
CUST-00998,Female,0,Yes,Yes,45,Yes,No,Fiber optic,No,Yes,Yes,Yes,Yes,No,Month-to-month,Yes,Electronic check,100.18,4299.59,No
CUST-00999,Male,0,Yes,No,29,Yes,No,DSL,Yes,No,No,No,No,No,One year,No,Mailed check,63.27,1771.1,No
CUST-01000,Male,0,Yes,No,55,Yes,No,Fiber optic,Yes,Yes,Yes,No,No,No,Two year,No,Electronic check,102.76,5276.61,No
CUST-01001,Male,0,No,No,21,Yes,No,Fiber optic,Yes,Yes,Yes,Yes,No,Yes,One year,Yes,Credit card (automatic),110.92,2115.61,No
CUST-01002,Male,0,No,No,14,Yes,No,No,No internet service,No internet service,No internet service,No internet service,No internet service,No internet service,Month-to-month,No,Electronic check,27.75,372.92,No
CUST-01003,Male,1,Yes,Yes,11,Yes,No,DSL,No,No,No,Yes,No,Yes,Month-to-month,Yes,Credit card (automatic),65.74,696.27,Yes
CUST-01004,Male,0,Yes,Yes,44,Yes,No,DSL,No,Yes,No,No,No,No,Two year,No,Mailed check,65.59,2650.42,No
CUST-01005,Female,0,Yes,Yes,24,Yes,No,Fiber optic,No,Yes,No,Yes,Yes,No,One year,Yes,Bank transfer (automatic),101.98,2281.94,No
CUST-01006,Male,0,Yes,No,13,Yes,Yes,DSL,No,No,No,No,No,Yes,Two year,Yes,Credit card (automatic),68.97,859.03,No
CUST-01007,Male,0,Yes,No,34,Yes,Yes,DSL,No,No,No,No,No,No,Month-to-month,Yes,Electronic check,59.0,1758.9,Yes
CUST-01008,Male,0,No,No,5,Yes,Yes,Fiber optic,No,No,Yes,No,No,Yes,Two year,No,Electronic check,97.1,449.42,Yes
CUST-01009,Male,0,Yes,No,27,Yes,No,DSL,Yes,Yes,Yes,No,No,No,Month-to-month,No,Credit card (automatic),74.06,1884.53,Yes
CUST-01010,Male,0,Yes,No,32,Yes,Yes,DSL,No,Yes,No,Yes,No,Yes,Month-to-month,No,Electronic check,90.6,2712.13,No
CUST-01011,Female,0,No,No,35,Yes,Yes,Fiber optic,No,No,Yes,No,Yes,Yes,One year,Yes,Electronic check,97.8,3273.47,No
CUST-01012,Male,0,No,No,72,Yes,No,Fiber optic,No,Yes,Yes,No,Yes,No,Two year,No,Mailed check,90.97,5705.73,Yes
CUST-01013,Female,1,Yes,No,20,Yes,No,Fiber optic,No,Yes,Yes,No,No,No,One year,Yes,Electronic check,87.98,1655.64,No
CUST-01014,Female,0,Yes,Yes,32,No,No phone service,DSL,No,Yes,Yes,No,Yes,Yes,Month-to-month,Yes,Mailed check,61.54,1749.77,No
CUST-01015,Male,0,No,No,36,Yes,No,DSL,No,Yes,Yes,No,No,No,Month-to-month,Yes,Mailed check,71.66,2492.98,Yes
CUST-01016,Male,0,Yes,Yes,24,Yes,Yes,DSL,No,Yes,No,No,Yes,No,Two year,No,Credit card (automatic),74.85,1669.39,No
CUST-01017,Female,0,No,Yes,8,No,No phone service,Fiber optic,Yes,No,Yes,Yes,Yes,Yes,Month-to-month,Yes,Electronic check,96.03,696.07,Yes
CUST-01018,Female,0,No,No,47,Yes,Yes,Fiber optic,Yes,Yes,No,Yes,Yes,Yes,One year,No,Credit card (automatic),124.06,5219.86,No
CUST-01019,Female,0,Yes,No,2,Yes,No,DSL,No,No,Yes,No,Yes,No,One year,Yes,Mailed check,68.7,132.03,No
CUST-01020,Female,0,No,No,9,Yes,No,DSL,No,Yes,Yes,No,Yes,Yes,One year,Yes,Credit card (automatic),74.96,633.72,No
CUST-01021,Female,0,Yes,Yes,19,Yes,Yes,DSL,No,Yes,No,Yes,No,Yes,Month-to-month,Yes,Credit card (automatic),79.35,1446.65,No
CUST-01022,Female,0,Yes,No,9,Yes,No,DSL,No,No,Yes,No,No,No,One year,No,Mailed check,61.09,511.24,Yes
CUST-01023,Male,0,Yes,No,27,Yes,Yes,DSL,No,No,No,Yes,Yes,Yes,Two year,No,Credit card (automatic),84.57,1992.48,No
CUST-01024,Male,1,No,No,59,Yes,Yes,DSL,Yes,Yes,No,No,Yes,Yes,One year,No,Electronic check,89.53,5219.76,Yes
CUST-01025,Male,0,Yes,No,72,Yes,No,DSL,No,Yes,No,No,Yes,No,Month-to-month,Yes,Credit card (automatic),72.57,5004.59,No
CUST-01026,Female,1,Yes,No,25,Yes,Yes,DSL,No,Yes,Yes,No,No,Yes,Month-to-month,Yes,Credit card (automatic),81.04,1968.4,No
CUST-01027,Female,0,No,No,34,Yes,Yes,No,No internet service,No internet service,No internet service,No internet service,No internet service,No internet service,One year,Yes,Bank transfer (automatic),37.56,1129.69,Yes
CUST-01028,Female,0,Yes,No,27,Yes,No,DSL,No,No,No,No,Yes,No,One year,No,Bank transfer (automatic),68.76,1920.68,No
CUST-01029,Male,0,No,No,24,Yes,Yes,DSL,No,No,Yes,Yes,No,No,Month-to-month,Yes,Bank transfer (automatic),80.99,1881.21,Yes
CUST-01030,Female,1,No,No,24,No,No phone service,No,No internet service,No internet service,No internet service,No internet service,No internet service,No internet service,One year,No,Credit card (automatic),26.28,646.82,No
CUST-01031,Female,0,No,No,72,Yes,Yes,No,No internet service,No internet service,No internet service,No internet service,No internet service,No internet service,Two year,Yes,Mailed check,43.87,2974.87,No
CUST-01032,Female,0,No,No,3,Yes,No,Fiber optic,No,No,Yes,No,No,Yes,Month-to-month,No,Mailed check,90.99,259.96,Yes
CUST-01033,Male,0,No,No,50,Yes,Yes,DSL,No,No,No,Yes,Yes,Yes,Month-to-month,No,Mailed check,77.53,3701.3,No
CUST-01034,Female,0,Yes,Yes,12,Yes,Yes,No,No internet service,No internet service,No internet service,No internet service,No internet service,No internet service,One year,Yes,Electronic check,43.52,466.82,No
CUST-01035,Female,0,No,No,21,Yes,No,Fiber optic,No,Yes,No,No,Yes,Yes,One year,Yes,Electronic check,95.58,1916.19,Yes
CUST-01036,Male,0,No,No,8,Yes,Yes,Fiber optic,Yes,No,Yes,No,No,Yes,One year,No,Bank transfer (automatic),102.8,779.78,Yes
CUST-01037,Male,0,No,No,8,Yes,Yes,Fiber optic,Yes,No,No,No,No,Yes,Month-to-month,No,Electronic check,96.1,725.23,Yes
CUST-01038,Female,1,No,No,55,Yes,Yes,DSL,Yes,No,No,Yes,No,Yes,One year,Yes,Bank transfer (automatic),71.94,3694.73,No
CUST-01039,Female,0,No,No,14,No,No phone service,No,No internet service,No internet service,No internet service,No internet service,No internet service,No internet service,Two year,Yes,Credit card (automatic),22.03,289.25,No
CUST-01040,Male,0,No,No,26,Yes,No,Fiber optic,Yes,No,No,No,No,Yes,Two year,Yes,Electronic check,86.97,2249.74,Yes
CUST-01041,Male,0,Yes,No,37,Yes,No,DSL,Yes,Yes,No,No,No,Yes,Month-to-month,No,Electronic check,76.96,2633.11,Yes
CUST-01042,Male,0,No,No,72,Yes,Yes,DSL,Yes,Yes,No,No,Yes,Yes,One year,No,Credit card (automatic),88.98,5969.59,No
CUST-01043,Female,0,No,No,8,Yes,No,DSL,No,Yes,Yes,No,No,Yes,Month-to-month,Yes,Credit card (automatic),73.71,567.95,No
CUST-01044,Female,1,No,Yes,72,No,No phone service,DSL,Yes,Yes,Yes,No,Yes,No,Two year,Yes,Bank transfer (automatic),70.11,4816.54,No
CUST-01045,Male,0,Yes,No,31,Yes,Yes,DSL,No,No,Yes,Yes,No,No,Two year,Yes,Electronic check,84.98,2510.0,No
CUST-01046,Female,0,Yes,No,30,Yes,No,Fiber optic,Yes,Yes,Yes,No,Yes,Yes,One year,Yes,Mailed check,105.49,2964.9,No
CUST-01047,Female,0,No,No,20,Yes,No,Fiber optic,No,Yes,Yes,No,No,No,Month-to-month,Yes,Credit card (automatic),88.37,1592.23,Yes
CUST-01048,Male,0,Yes,Yes,17,Yes,Yes,Fiber optic,Yes,Yes,Yes,Yes,No,No,Month-to-month,Yes,Bank transfer (automatic),106.9,1630.7,Yes
CUST-01049,Male,0,No,No,5,Yes,Yes,Fiber optic,No,No,Yes,No,Yes,No,Two year,No,Electronic check,98.51,467.94,No
CUST-01050,Female,0,No,No,62,Yes,Yes,DSL,Yes,No,No,No,No,No,Month-to-month,Yes,Electronic check,67.62,3856.56,No
CUST-01051,Male,1,Yes,No,7,Yes,No,No,No internet service,No internet service,No internet service,No internet service,No internet service,No internet service,One year,Yes,Mailed check,30.68,203.94,No
CUST-01052,Female,0,Yes,No,15,Yes,No,Fiber optic,Yes,No,No,No,Yes,Yes,Month-to-month,No,Credit card (automatic),95.24,1345.66,Yes
CUST-01053,Male,0,No,No,56,No,No phone service,DSL,Yes,No,No,No,No,Yes,One year,No,Electronic check,51.86,2880.08,No
CUST-01054,Male,0,Yes,No,23,Yes,Yes,Fiber optic,No,No,No,No,Yes,Yes,Month-to-month,Yes,Mailed check,93.16,1986.37,Yes
CUST-01055,Female,0,No,No,9,Yes,Yes,Fiber optic,No,Yes,Yes,No,Yes,Yes,One year,No,Credit card (automatic),109.36,948.36,Yes
CUST-01056,Male,1,Yes,No,47,Yes,No,Fiber optic,No,Yes,Yes,No,Yes,Yes,Month-to-month,Yes,Bank transfer (automatic),97.72,4125.84,Yes
CUST-01057,Female,0,Yes,No,17,Yes,No,Fiber optic,No,No,No,Yes,Yes,Yes,Two year,Yes,Electronic check,96.74,1578.17,No
CUST-01058,Male,1,Yes,No,15,Yes,Yes,No,No internet service,No internet service,No internet service,No internet service,No internet service,No internet service,One year,No,Bank transfer (automatic),34.52,500.88,No
CUST-01059,Female,0,No,No,7,Yes,Yes,Fiber optic,No,Yes,Yes,No,No,Yes,Month-to-month,No,Electronic check,102.15,698.86,Yes
CUST-01060,Female,0,No,No,16,Yes,Yes,Fiber optic,No,Yes,No,No,No,Yes,One year,No,Credit card (automatic),92.41,1367.81,No
CUST-01061,Male,1,No,No,19,Yes,No,Fiber optic,Yes,Yes,No,Yes,Yes,No,One year,Yes,Electronic check,100.58,1854.5,No
CUST-01062,Male,0,Yes,Yes,37,Yes,No,DSL,Yes,Yes,No,Yes,Yes,Yes,Month-to-month,Yes,Electronic check,92.73,3404.75,No
CUST-01063,Female,0,No,No,13,Yes,Yes,Fiber optic,Yes,Yes,No,Yes,No,No,Month-to-month,Yes,Mailed check,98.03,1177.27,Yes
CUST-01064,Male,0,Yes,Yes,64,No,No phone service,No,No internet service,No internet service,No internet service,No internet service,No internet service,No internet service,Month-to-month,Yes,Electronic check,18.0,1092.83,No
CUST-01065,Male,0,No,No,57,Yes,No,DSL,No,No,Yes,Yes,No,No,Month-to-month,Yes,Bank transfer (automatic),71.17,3880.84,No
CUST-01066,Female,0,No,No,57,Yes,Yes,DSL,Yes,No,Yes,No,Yes,Yes,Month-to-month,No,Bank transfer (automatic),85.58,4499.28,No
CUST-01067,Male,0,Yes,Yes,29,Yes,Yes,DSL,No,Yes,Yes,Yes,Yes,No,Month-to-month,Yes,Electronic check,100.08,2702.73,No
CUST-01068,Male,0,No,No,45,Yes,No,DSL,No,No,Yes,No,Yes,No,Two year,No,Mailed check,63.06,2614.79,No
CUST-01069,Female,1,Yes,Yes,42,Yes,Yes,DSL,No,Yes,No,No,No,No,One year,Yes,Electronic check,70.51,2809.38,No
CUST-01070,Female,0,Yes,Yes,52,Yes,Yes,Fiber optic,Yes,No,Yes,Yes,No,Yes,Month-to-month,No,Bank transfer (automatic),118.63,5656.06,No
CUST-01071,Male,0,No,No,56,Yes,Yes,Fiber optic,No,Yes,No,Yes,No,No,Two year,Yes,Electronic check,97.35,4937.82,No
CUST-01072,Female,0,No,Yes,44,Yes,No,Fiber optic,Yes,No,No,Yes,Yes,Yes,Month-to-month,Yes,Credit card (automatic),102.32,4532.44,No
CUST-01073,Male,0,Yes,No,44,Yes,Yes,No,No internet service,No internet service,No internet service,No internet service,No internet service,No internet service,One year,Yes,Bank transfer (automatic),32.06,1352.11,Yes
CUST-01074,Male,0,No,No,41,Yes,Yes,DSL,No,Yes,Yes,No,Yes,No,Month-to-month,No,Credit card (automatic),79.91,2960.4,Yes
CUST-01075,Female,0,Yes,No,44,Yes,No,Fiber optic,Yes,No,No,Yes,Yes,Yes,Month-to-month,No,Electronic check,101.37,4007.12,No
CUST-01076,Female,0,No,No,27,Yes,No,Fiber optic,No,No,No,No,Yes,No,Two year,No,Electronic check,75.06,1740.32,Yes
CUST-01077,Male,0,No,No,15,Yes,Yes,Fiber optic,Yes,No,No,No,No,No,One year,Yes,Electronic check,94.67,1286.77,No
CUST-01078,Female,0,Yes,Yes,10,Yes,Yes,No,No internet service,No internet service,No internet service,No internet service,No internet service,No internet service,Month-to-month,No,Credit card (automatic),34.35,307.82,Yes
CUST-01079,Female,0,No,No,7,No,No phone service,DSL,No,No,Yes,No,No,Yes,Month-to-month,Yes,Bank transfer (automatic),60.6,398.28,Yes
CUST-01080,Male,0,No,No,10,Yes,Yes,Fiber optic,No,No,No,Yes,Yes,No,One year,Yes,Electronic check,87.43,814.78,Yes
CUST-01081,Male,0,No,No,54,Yes,No,DSL,Yes,No,Yes,No,No,No,Two year,Yes,Credit card (automatic),72.72,3504.45,No
CUST-01082,Male,0,Yes,No,70,Yes,Yes,Fiber optic,Yes,Yes,No,No,No,No,Two year,Yes,Bank transfer (automatic),100.2,6792.31,Yes
CUST-01083,Male,0,Yes,No,43,Yes,No,DSL,Yes,No,Yes,Yes,No,No,Month-to-month,No,Electronic check,70.5,2706.97,No
CUST-01084,Male,0,No,No,32,Yes,Yes,DSL,Yes,No,No,No,No,Yes,Month-to-month,Yes,Mailed check,79.71,2466.09,No
CUST-01085,Female,0,No,No,5,Yes,Yes,DSL,Yes,No,No,Yes,No,Yes,Month-to-month,No,Bank transfer (automatic),80.66,365.66,Yes
CUST-01086,Male,1,No,No,24,No,No phone service,DSL,No,Yes,Yes,No,Yes,Yes,Month-to-month,No,Bank transfer (automatic),60.98,1423.06,No
CUST-01087,Male,0,No,No,15,Yes,Yes,Fiber optic,No,Yes,Yes,No,Yes,No,Month-to-month,Yes,Electronic check,96.69,1326.19,Yes
CUST-01088,Male,0,No,Yes,15,Yes,No,No,No internet service,No internet service,No internet service,No internet service,No internet service,No internet service,Month-to-month,No,Electronic check,32.44,444.87,No
CUST-01089,Male,0,Yes,No,29,Yes,No,No,No internet service,No internet service,No internet service,No internet service,No internet service,No internet service,One year,No,Electronic check,33.64,960.15,No
CUST-01090,Female,0,No,No,43,Yes,No,Fiber optic,No,Yes,Yes,No,Yes,No,One year,No,Bank transfer (automatic),98.55,3810.23,Yes
CUST-01091,Male,0,No,No,27,Yes,No,DSL,No,No,Yes,Yes,Yes,Yes,Month-to-month,Yes,Electronic check,80.43,2129.6,Yes
CUST-01092,Female,0,Yes,No,72,Yes,Yes,DSL,No,Yes,Yes,Yes,No,No,Two year,No,Electronic check,84.58,5655.45,No
CUST-01093,Male,1,Yes,Yes,31,Yes,No,DSL,Yes,No,Yes,Yes,No,No,One year,Yes,Credit card (automatic),76.46,2158.86,No
CUST-01094,Female,0,No,No,4,Yes,Yes,Fiber optic,Yes,Yes,No,No,No,Yes,Month-to-month,No,Credit card (automatic),101.59,383.55,Yes
CUST-01095,Female,0,No,No,72,Yes,No,DSL,Yes,No,No,Yes,Yes,Yes,Month-to-month,Yes,Electronic check,75.18,5170.22,No
CUST-01096,Female,0,No,No,25,Yes,No,Fiber optic,No,No,Yes,No,No,No,One year,Yes,Credit card (automatic),80.04,1803.3,No
CUST-01097,Male,0,Yes,No,70,Yes,Yes,DSL,Yes,No,Yes,No,No,Yes,One year,No,Mailed check,81.96,5385.2,No
CUST-01098,Male,0,No,No,7,Yes,No,DSL,No,Yes,Yes,No,Yes,No,Month-to-month,No,Mailed check,78.16,519.76,Yes
CUST-01099,Female,0,Yes,No,13,Yes,No,Fiber optic,Yes,Yes,Yes,Yes,Yes,No,Month-to-month,Yes,Electronic check,112.05,1313.07,Yes
CUST-01100,Female,1,Yes,No,10,Yes,Yes,DSL,No,No,No,Yes,No,Yes,Month-to-month,Yes,Credit card (automatic),78.61,760.14,No
CUST-01101,Female,0,No,No,53,Yes,No,Fiber optic,No,No,No,No,Yes,No,One year,No,Electronic check,87.8,4495.21,Yes
CUST-01102,Female,0,No,Yes,62,Yes,Yes,Fiber optic,Yes,No,Yes,No,No,No,Two year,Yes,Credit card (automatic),100.43,5915.1,No
CUST-01103,Male,0,No,No,39,Yes,Yes,Fiber optic,Yes,Yes,No,Yes,Yes,Yes,Month-to-month,No,Bank transfer (automatic),111.59,4134.34,Yes
CUST-01104,Female,0,No,No,33,Yes,Yes,DSL,No,No,Yes,No,No,No,Two year,No,Credit card (automatic),74.86,2332.1,No
CUST-01105,Female,1,No,No,4,Yes,Yes,DSL,No,No,No,No,No,No,One year,Yes,Mailed check,68.19,250.54,Yes
CUST-01106,Female,0,Yes,Yes,14,Yes,Yes,Fiber optic,No,No,Yes,Yes,Yes,No,Two year,Yes,Mailed check,104.97,1388.14,Yes
CUST-01107,Female,0,Yes,Yes,16,No,No phone service,No,No internet service,No internet service,No internet service,No internet service,No internet service,No internet service,One year,Yes,Credit card (automatic),19.06,304.46,No
CUST-01108,Male,0,No,Yes,6,Yes,Yes,Fiber optic,No,No,Yes,No,No,Yes,Two year,Yes,Credit card (automatic),98.33,494.09,No
CUST-01109,Male,1,No,No,24,Yes,No,Fiber optic,Yes,No,Yes,No,No,No,Two year,Yes,Electronic check,90.9,1973.9,No
CUST-01110,Female,0,Yes,No,39,Yes,Yes,DSL,No,No,Yes,No,Yes,Yes,Month-to-month,Yes,Mailed check,74.66,2656.73,Yes
CUST-01111,Male,0,Yes,No,49,Yes,Yes,DSL,No,No,Yes,Yes,No,Yes,Month-to-month,Yes,Electronic check,88.03,3907.55,Yes
CUST-01112,Female,0,Yes,No,41,Yes,No,DSL,Yes,Yes,No,No,No,Yes,Month-to-month,Yes,Bank transfer (automatic),80.09,2954.02,Yes
CUST-01113,Female,0,Yes,No,21,Yes,No,Fiber optic,No,No,No,Yes,No,No,Two year,Yes,Bank transfer (automatic),85.48,1695.54,No
CUST-01114,Female,0,No,No,17,Yes,No,Fiber optic,Yes,No,No,No,No,Yes,Month-to-month,Yes,Bank transfer (automatic),93.52,1561.71,No
CUST-01115,Female,0,Yes,Yes,22,Yes,No,DSL,Yes,No,Yes,Yes,No,Yes,Two year,No,Electronic check,78.7,1605.31,No
CUST-01116,Female,0,Yes,No,24,No,No phone service,Fiber optic,No,Yes,Yes,No,No,No,Two year,Yes,Electronic check,71.92,1719.59,No
CUST-01117,Male,0,No,No,10,Yes,Yes,No,No internet service,No internet service,No internet service,No internet service,No internet service,No internet service,Month-to-month,No,Bank transfer (automatic),37.25,374.4,No
CUST-01118,Male,1,No,No,18,No,No phone service,Fiber optic,No,Yes,No,Yes,Yes,No,One year,Yes,Electronic check,79.79,1391.52,Yes
CUST-01119,Male,0,Yes,No,15,Yes,Yes,Fiber optic,No,Yes,Yes,No,No,No,Month-to-month,No,Mailed check,96.21,1335.46,Yes
CUST-01120,Female,0,Yes,No,72,Yes,Yes,No,No internet service,No internet service,No internet service,No internet service,No internet service,No internet service,Month-to-month,Yes,Mailed check,33.04,2122.77,No
CUST-01121,Female,1,Yes,Yes,52,No,No phone service,Fiber optic,Yes,No,No,No,No,No,One year,No,Mailed check,60.74,2990.7,No
CUST-01122,Female,0,Yes,No,39,Yes,No,Fiber optic,Yes,Yes,Yes,Yes,No,Yes,Month-to-month,No,Bank transfer (automatic),100.82,3790.85,Yes
CUST-01123,Female,1,Yes,Yes,11,Yes,Yes,DSL,No,No,No,No,No,Yes,Month-to-month,Yes,Credit card (automatic),66.87,703.23,Yes
CUST-01124,Female,0,Yes,Yes,45,Yes,No,Fiber optic,No,No,No,Yes,Yes,No,Two year,No,Bank transfer (automatic),95.67,4292.7,No
CUST-01125,Male,1,Yes,No,14,Yes,Yes,Fiber optic,No,No,Yes,No,No,No,One year,Yes,Bank transfer (automatic),81.89,1171.09,Yes
CUST-01126,Male,0,Yes,No,45,Yes,No,DSL,No,No,No,No,Yes,Yes,One year,No,Credit card (automatic),73.06,3215.96,No
CUST-01127,Male,0,Yes,No,21,No,No phone service,DSL,No,Yes,No,Yes,No,No,Two year,No,Mailed check,50.34,995.93,No
CUST-01128,Male,0,No,No,58,Yes,No,DSL,No,Yes,Yes,Yes,Yes,No,Month-to-month,No,Bank transfer (automatic),79.25,4220.71,No
CUST-01129,Male,0,Yes,No,7,Yes,No,DSL,No,Yes,Yes,Yes,No,Yes,One year,No,Bank transfer (automatic),81.91,521.97,No
CUST-01130,Male,1,Yes,No,44,Yes,No,No,No internet service,No internet service,No internet service,No internet service,No internet service,No internet service,Month-to-month,Yes,Electronic check,33.27,1432.82,No
CUST-01131,Female,0,No,No,62,Yes,Yes,DSL,No,No,Yes,Yes,No,No,Month-to-month,No,Electronic check,79.0,4516.42,Yes
CUST-01132,Male,0,Yes,No,22,Yes,No,Fiber optic,Yes,Yes,No,No,Yes,No,Month-to-month,Yes,Mailed check,82.99,1686.45,Yes
CUST-01133,Male,0,Yes,Yes,21,Yes,No,DSL,No,No,No,No,Yes,No,One year,Yes,Mailed check,73.65,1427.17,No
CUST-01134,Male,0,No,Yes,26,Yes,No,DSL,No,No,No,No,Yes,No,One year,Yes,Electronic check,68.6,1697.27,Yes
CUST-01135,Male,0,No,No,39,Yes,Yes,Fiber optic,No,No,No,No,Yes,No,Month-to-month,Yes,Credit card (automatic),87.42,3124.51,No
CUST-01136,Female,0,Yes,No,16,Yes,No,DSL,Yes,Yes,No,No,Yes,Yes,One year,Yes,Electronic check,84.27,1336.63,Yes
CUST-01137,Male,0,No,No,14,Yes,No,DSL,Yes,No,Yes,Yes,Yes,No,Month-to-month,Yes,Electronic check,86.81,1086.65,Yes
CUST-01138,Female,1,No,Yes,72,Yes,No,Fiber optic,No,No,No,Yes,No,No,One year,Yes,Mailed check,99.03,7056.65,No
CUST-01139,Male,0,Yes,Yes,20,Yes,Yes,DSL,No,Yes,No,No,No,Yes,Month-to-month,No,Electronic check,80.01,1455.36,No
CUST-01140,Male,0,Yes,No,25,Yes,Yes,Fiber optic,No,Yes,No,No,Yes,Yes,Two year,No,Electronic check,100.75,2252.82,No
CUST-01141,Male,0,Yes,No,18,Yes,Yes,Fiber optic,No,No,Yes,No,Yes,No,Month-to-month,Yes,Bank transfer (automatic),94.99,1629.48,Yes
CUST-01142,Female,0,No,No,41,Yes,No,DSL,Yes,No,No,No,Yes,Yes,Month-to-month,No,Mailed check,70.32,2773.22,Yes
CUST-01143,Male,0,Yes,Yes,15,Yes,No,DSL,Yes,Yes,No,Yes,No,Yes,Month-to-month,Yes,Bank transfer (automatic),86.25,1226.64,No
CUST-01144,Male,0,Yes,No,23,Yes,Yes,DSL,No,Yes,No,Yes,Yes,No,Month-to-month,Yes,Mailed check,83.81,1827.41,No
CUST-01145,Female,0,No,No,54,Yes,No,No,No internet service,No internet service,No internet service,No internet service,No internet service,No internet service,Month-to-month,Yes,Bank transfer (automatic),35.74,1843.59,Yes
CUST-01146,Female,0,No,No,49,Yes,Yes,DSL,No,Yes,Yes,Yes,No,No,Month-to-month,Yes,Bank transfer (automatic),83.1,3819.99,Yes
CUST-01147,Male,0,Yes,Yes,20,Yes,No,No,No internet service,No internet service,No internet service,No internet service,No internet service,No internet service,One year,Yes,Electronic check,21.61,393.98,No
CUST-01148,Male,0,Yes,Yes,27,Yes,No,Fiber optic,No,No,Yes,No,No,Yes,Month-to-month,Yes,Bank transfer (automatic),85.66,2087.36,No
CUST-01149,Male,0,Yes,Yes,12,Yes,No,Fiber optic,No,Yes,No,No,Yes,Yes,Two year,No,Credit card (automatic),82.9,948.47,Yes
CUST-01150,Male,0,No,No,27,No,No phone service,DSL,No,No,No,No,No,No,Month-to-month,No,Bank transfer (automatic),46.0,1189.81,Yes
CUST-01151,Female,0,Yes,Yes,72,Yes,No,DSL,No,No,Yes,No,Yes,Yes,Month-to-month,Yes,Mailed check,72.39,5056.49,Yes
CUST-01152,Male,0,No,No,47,Yes,Yes,No,No internet service,No internet service,No internet service,No internet service,No internet service,No internet service,One year,No,Electronic check,38.63,1664.36,No
CUST-01153,Female,0,Yes,Yes,12,Yes,Yes,DSL,No,No,Yes,No,No,No,Two year,No,Credit card (automatic),69.51,815.98,No
CUST-01154,Male,0,Yes,No,6,Yes,No,Fiber optic,Yes,Yes,No,Yes,Yes,No,One year,No,Mailed check,109.44,660.3,No
CUST-01155,Female,0,Yes,No,12,Yes,No,DSL,Yes,Yes,No,Yes,No,No,Month-to-month,Yes,Bank transfer (automatic),73.04,822.31,Yes
CUST-01156,Male,0,Yes,No,9,Yes,Yes,Fiber optic,No,No,No,Yes,No,No,One year,No,Credit card (automatic),88.53,707.12,No
CUST-01157,Female,1,Yes,Yes,24,Yes,No,Fiber optic,No,No,No,Yes,No,Yes,Month-to-month,Yes,Electronic check,85.59,1847.71,Yes
CUST-01158,Male,0,No,No,57,Yes,No,DSL,No,Yes,Yes,Yes,Yes,No,One year,Yes,Electronic check,76.34,4003.35,Yes
CUST-01159,Female,0,Yes,No,24,Yes,Yes,DSL,No,No,Yes,No,Yes,Yes,Month-to-month,No,Electronic check,79.84,1666.13,Yes
CUST-01160,Female,0,No,No,15,Yes,Yes,Fiber optic,Yes,No,No,No,No,Yes,Month-to-month,Yes,Credit card (automatic),93.82,1328.05,Yes
CUST-01161,Male,0,Yes,Yes,20,Yes,No,DSL,Yes,No,Yes,No,Yes,No,One year,No,Bank transfer (automatic),76.74,1464.11,No
CUST-01162,Female,0,No,No,38,Yes,No,No,No internet service,No internet service,No internet service,No internet service,No internet service,No internet service,Two year,No,Credit card (automatic),25.59,925.37,Yes
CUST-01163,Male,1,Yes,No,30,Yes,No,Fiber optic,Yes,Yes,No,No,No,No,Month-to-month,No,Bank transfer (automatic),84.61,2259.45,Yes
CUST-01164,Male,0,No,No,12,Yes,No,Fiber optic,No,Yes,No,No,Yes,Yes,Month-to-month,Yes,Bank transfer (automatic),96.76,1011.64,No
CUST-01165,Male,0,Yes,Yes,47,Yes,Yes,Fiber optic,No,Yes,Yes,No,Yes,No,Month-to-month,No,Bank transfer (automatic),95.71,4336.56,Yes
CUST-01166,Female,0,No,No,10,Yes,Yes,DSL,No,No,No,Yes,Yes,Yes,Two year,Yes,Electronic check,80.98,822.86,No
CUST-01167,Female,0,No,No,28,Yes,Yes,Fiber optic,No,Yes,Yes,No,Yes,Yes,Month-to-month,Yes,Electronic check,108.01,2993.06,Yes
CUST-01168,Female,0,No,No,18,Yes,Yes,DSL,No,No,No,No,No,No,One year,Yes,Electronic check,64.03,1082.24,Yes
CUST-01169,Male,0,No,No,22,Yes,No,Fiber optic,No,Yes,No,No,No,No,Month-to-month,Yes,Electronic check,83.14,1663.33,Yes
CUST-01170,Male,0,Yes,No,11,Yes,Yes,Fiber optic,Yes,Yes,Yes,No,Yes,Yes,One year,Yes,Electronic check,113.17,1145.35,No
CUST-01171,Male,1,No,No,27,Yes,No,Fiber optic,No,Yes,No,No,No,No,Two year,Yes,Credit card (automatic),80.5,2081.33,Yes
CUST-01172,Male,0,Yes,Yes,10,Yes,No,No,No internet service,No internet service,No internet service,No internet service,No internet service,No internet service,Month-to-month,No,Mailed check,41.43,381.14,No
CUST-01173,Female,1,No,No,17,Yes,No,Fiber optic,No,Yes,Yes,Yes,Yes,No,One year,Yes,Electronic check,97.73,1541.21,Yes
CUST-01174,Female,0,Yes,Yes,21,Yes,Yes,Fiber optic,No,No,Yes,Yes,Yes,No,One year,No,Credit card (automatic),105.82,2084.07,No
CUST-01175,Female,0,Yes,No,13,Yes,Yes,Fiber optic,No,Yes,Yes,No,No,No,Month-to-month,No,Mailed check,99.31,1266.6,No
CUST-01176,Female,0,No,Yes,64,Yes,Yes,No,No internet service,No internet service,No internet service,No internet service,No internet service,No internet service,Two year,Yes,Credit card (automatic),29.73,1876.35,Yes
CUST-01177,Female,0,Yes,No,17,Yes,No,Fiber optic,No,Yes,Yes,No,Yes,No,One year,Yes,Electronic check,90.1,1517.72,No
CUST-01178,Female,1,No,Yes,20,Yes,No,DSL,No,No,No,No,Yes,No,Month-to-month,No,Electronic check,66.1,1183.26,Yes
CUST-01179,Female,0,Yes,Yes,26,Yes,No,Fiber optic,Yes,No,No,No,No,Yes,Month-to-month,No,Credit card (automatic),99.78,2413.58,Yes
CUST-01180,Female,1,No,No,7,Yes,Yes,Fiber optic,No,No,No,No,No,Yes,Two year,No,Electronic check,93.98,627.64,No
CUST-01181,Male,0,No,No,5,Yes,No,DSL,No,No,Yes,Yes,No,Yes,Month-to-month,Yes,Mailed check,81.43,374.84,Yes
CUST-01182,Male,0,No,No,21,Yes,Yes,DSL,Yes,Yes,Yes,Yes,No,Yes,Two year,Yes,Mailed check,91.37,1763.97,No
CUST-01183,Male,0,Yes,No,6,Yes,No,DSL,No,Yes,Yes,No,Yes,Yes,Month-to-month,Yes,Credit card (automatic),88.21,526.21,Yes
CUST-01184,Female,0,Yes,Yes,33,Yes,Yes,Fiber optic,Yes,Yes,Yes,No,Yes,No,Two year,Yes,Electronic check,112.42,3795.42,Yes
CUST-01185,Female,1,Yes,Yes,34,Yes,Yes,No,No internet service,No internet service,No internet service,No internet service,No internet service,No internet service,Month-to-month,Yes,Mailed check,24.39,753.3,No
CUST-01186,Female,0,Yes,Yes,33,Yes,Yes,DSL,Yes,No,No,Yes,Yes,No,Two year,No,Mailed check,79.44,2387.21,No
CUST-01187,Female,0,No,No,44,Yes,No,DSL,No,Yes,Yes,No,Yes,Yes,Two year,No,Credit card (automatic),78.05,3094.48,Yes
CUST-01188,Male,0,Yes,No,21,Yes,Yes,No,No internet service,No internet service,No internet service,No internet service,No internet service,No internet service,Month-to-month,Yes,Electronic check,34.11,665.62,Yes
CUST-01189,Male,0,Yes,No,65,Yes,Yes,Fiber optic,No,Yes,No,No,Yes,Yes,Two year,No,Electronic check,102.46,6660.99,No
CUST-01190,Female,0,Yes,Yes,31,Yes,No,DSL,Yes,No,Yes,Yes,No,No,One year,No,Bank transfer (automatic),82.56,2344.68,No
CUST-01191,Female,0,No,No,62,Yes,Yes,DSL,No,Yes,No,No,Yes,No,One year,No,Electronic check,75.2,4415.03,No
CUST-01192,Female,0,Yes,Yes,43,Yes,Yes,Fiber optic,Yes,No,No,No,Yes,Yes,Month-to-month,No,Mailed check,98.32,4334.96,Yes
CUST-01193,Female,0,Yes,No,22,Yes,Yes,Fiber optic,Yes,No,No,Yes,No,No,Two year,Yes,Credit card (automatic),97.22,2041.0,No
CUST-01194,Male,1,Yes,No,31,Yes,Yes,No,No internet service,No internet service,No internet service,No internet service,No internet service,No internet service,Two year,Yes,Mailed check,40.77,1230.52,No
CUST-01195,Male,0,Yes,No,38,Yes,No,No,No internet service,No internet service,No internet service,No internet service,No internet service,No internet service,Month-to-month,No,Bank transfer (automatic),34.5,1207.6,No
CUST-01196,Male,0,No,No,4,Yes,Yes,No,No internet service,No internet service,No internet service,No internet service,No internet service,No internet service,Two year,Yes,Electronic check,33.15,123.47,No
CUST-01197,Male,0,Yes,No,7,Yes,Yes,DSL,Yes,No,Yes,No,No,No,Month-to-month,Yes,Bank transfer (automatic),81.72,550.49,Yes
CUST-01198,Male,1,No,Yes,72,Yes,No,DSL,Yes,No,No,No,No,No,Month-to-month,No,Bank transfer (automatic),57.35,4034.74,No
CUST-01199,Male,0,No,Yes,38,Yes,Yes,Fiber optic,No,No,Yes,No,No,Yes,Month-to-month,No,Bank transfer (automatic),91.02,3072.26,No
CUST-01200,Male,0,No,No,53,Yes,No,DSL,No,No,No,No,Yes,Yes,Two year,Yes,Bank transfer (automatic),73.48,3699.06,No
CUST-01201,Male,0,No,No,21,Yes,No,DSL,Yes,No,No,No,Yes,Yes,One year,No,Mailed check,81.28,1581.76,No
CUST-01202,Female,0,No,No,63,Yes,Yes,Fiber optic,Yes,No,Yes,No,No,No,Two year,Yes,Electronic check,93.82,5218.54,No
CUST-01203,Male,0,Yes,Yes,22,Yes,No,DSL,Yes,No,No,No,No,No,Month-to-month,No,Mailed check,61.71,1253.01,No
CUST-01204,Male,0,Yes,No,37,Yes,No,Fiber optic,No,Yes,Yes,No,Yes,No,One year,Yes,Electronic check,92.68,3272.14,Yes
CUST-01205,Male,0,No,Yes,69,No,No phone service,DSL,No,No,No,No,No,Yes,One year,Yes,Credit card (automatic),44.43,2898.03,No
CUST-01206,Male,0,No,No,41,Yes,Yes,DSL,No,Yes,No,No,No,Yes,Month-to-month,Yes,Credit card (automatic),73.33,2929.03,Yes
CUST-01207,Male,0,No,No,10,Yes,Yes,DSL,No,Yes,Yes,No,Yes,No,Month-to-month,No,Electronic check,77.32,741.56,No
CUST-01208,Male,0,Yes,Yes,23,Yes,Yes,DSL,No,No,Yes,No,No,Yes,Month-to-month,Yes,Bank transfer (automatic),71.82,1499.77,Yes
CUST-01209,Female,0,Yes,No,32,No,No phone service,Fiber optic,Yes,No,Yes,Yes,No,No,Month-to-month,Yes,Electronic check,78.99,2311.99,Yes
CUST-01210,Male,0,Yes,Yes,39,Yes,Yes,DSL,No,No,No,No,Yes,Yes,One year,No,Mailed check,76.44,2908.48,No
CUST-01211,Male,0,Yes,No,58,Yes,No,Fiber optic,No,Yes,Yes,Yes,No,No,Month-to-month,Yes,Electronic check,98.85,5527.48,Yes
CUST-01212,Male,0,Yes,No,39,Yes,Yes,Fiber optic,No,No,Yes,No,Yes,Yes,Month-to-month,No,Mailed check,101.2,3832.18,Yes
CUST-01213,Female,0,Yes,Yes,24,Yes,No,DSL,No,No,Yes,Yes,No,No,One year,No,Credit card (automatic),69.91,1559.6,Yes
CUST-01214,Male,0,No,No,20,Yes,Yes,Fiber optic,No,No,Yes,No,Yes,No,Month-to-month,No,Bank transfer (automatic),94.74,1889.02,Yes
CUST-01215,Female,0,No,Yes,21,Yes,No,Fiber optic,Yes,No,Yes,Yes,No,Yes,One year,No,Credit card (automatic),96.92,1913.76,Yes
CUST-01216,Female,0,No,No,17,Yes,No,Fiber optic,No,No,No,Yes,Yes,Yes,Month-to-month,Yes,Mailed check,94.91,1670.81,Yes
CUST-01217,Male,0,No,No,16,Yes,Yes,No,No internet service,No internet service,No internet service,No internet service,No internet service,No internet service,Month-to-month,Yes,Bank transfer (automatic),41.28,624.72,Yes
CUST-01218,Male,0,Yes,No,52,Yes,Yes,DSL,Yes,Yes,Yes,No,Yes,No,One year,Yes,Electronic check,89.1,4418.7,No
CUST-01219,Male,1,Yes,No,28,Yes,Yes,DSL,No,Yes,No,Yes,Yes,No,Two year,No,Mailed check,78.42,2173.79,No
CUST-01220,Female,0,No,No,17,Yes,Yes,DSL,No,Yes,No,No,No,No,Month-to-month,No,Bank transfer (automatic),69.92,1081.19,Yes
CUST-01221,Male,0,No,No,26,Yes,Yes,Fiber optic,Yes,Yes,Yes,Yes,No,No,Month-to-month,Yes,Bank transfer (automatic),110.54,2706.63,Yes
CUST-01222,Male,0,No,No,18,Yes,No,Fiber optic,No,No,Yes,No,No,Yes,Month-to-month,Yes,Mailed check,91.43,1496.91,No
CUST-01223,Male,0,No,Yes,5,Yes,No,Fiber optic,No,No,No,Yes,No,No,Two year,No,Credit card (automatic),81.28,383.92,No
CUST-01224,Male,0,No,Yes,40,Yes,Yes,DSL,Yes,No,Yes,Yes,Yes,No,Two year,Yes,Mailed check,81.15,2885.71,No
CUST-01225,Female,0,No,No,54,Yes,No,Fiber optic,No,Yes,Yes,No,No,Yes,Two year,No,Credit card (automatic),84.21,4496.09,No
CUST-01226,Male,1,No,No,48,Yes,No,No,No internet service,No internet service,No internet service,No internet service,No internet service,No internet service,One year,Yes,Electronic check,38.94,1811.66,No
CUST-01227,Female,0,No,No,46,Yes,Yes,Fiber optic,No,No,Yes,No,No,Yes,One year,Yes,Credit card (automatic),106.33,4554.51,No
CUST-01228,Male,0,Yes,No,10,Yes,No,Fiber optic,Yes,No,No,Yes,No,No,Two year,No,Electronic check,93.32,894.73,No
CUST-01229,Female,0,Yes,Yes,62,Yes,Yes,DSL,No,No,Yes,No,No,No,Two year,No,Bank transfer (automatic),66.63,3954.25,No
CUST-01230,Female,0,Yes,No,16,Yes,No,Fiber optic,Yes,No,Yes,Yes,No,Yes,Two year,Yes,Bank transfer (automatic),99.57,1538.69,No
CUST-01231,Male,1,No,No,8,Yes,No,Fiber optic,No,Yes,No,No,Yes,Yes,Month-to-month,Yes,Credit card (automatic),92.64,673.02,Yes
CUST-01232,Male,0,No,No,2,Yes,Yes,No,No internet service,No internet service,No internet service,No internet service,No internet service,No internet service,One year,No,Electronic check,37.55,,No
CUST-01233,Male,0,Yes,Yes,31,Yes,Yes,Fiber optic,Yes,Yes,No,No,No,No,Month-to-month,Yes,Electronic check,97.41,2740.19,Yes
CUST-01234,Male,0,Yes,No,64,Yes,No,DSL,No,Yes,Yes,Yes,Yes,Yes,Two year,Yes,Credit card (automatic),88.55,5533.69,No
CUST-01235,Male,0,No,No,58,Yes,Yes,DSL,Yes,No,No,Yes,No,No,Month-to-month,Yes,Mailed check,71.7,3979.23,No
CUST-01236,Female,0,Yes,Yes,26,Yes,No,Fiber optic,No,No,No,No,Yes,Yes,Month-to-month,No,Bank transfer (automatic),91.45,2196.12,Yes
CUST-01237,Female,0,No,No,51,Yes,No,Fiber optic,No,No,Yes,No,Yes,No,Two year,No,Electronic check,77.94,3939.13,Yes
CUST-01238,Female,1,Yes,No,72,Yes,Yes,DSL,No,Yes,No,Yes,No,Yes,One year,No,Electronic check,88.02,6272.53,No
CUST-01239,Female,0,Yes,Yes,19,Yes,Yes,No,No internet service,No internet service,No internet service,No internet service,No internet service,No internet service,Month-to-month,No,Credit card (automatic),32.82,572.25,No
CUST-01240,Female,0,Yes,No,36,Yes,No,DSL,No,Yes,No,Yes,No,No,Two year,Yes,Electronic check,70.27,2288.06,No
CUST-01241,Male,0,Yes,No,64,Yes,No,Fiber optic,Yes,No,Yes,Yes,No,Yes,Month-to-month,Yes,Mailed check,103.27,6005.48,Yes
CUST-01242,Male,0,Yes,No,9,Yes,No,Fiber optic,No,No,Yes,No,No,No,Two year,Yes,Electronic check,85.47,727.8,No
CUST-01243,Male,0,Yes,No,9,Yes,Yes,DSL,No,Yes,No,No,No,No,Month-to-month,Yes,Bank transfer (automatic),72.81,602.99,Yes
CUST-01244,Female,0,Yes,Yes,71,Yes,No,DSL,No,No,No,No,No,No,Month-to-month,Yes,Electronic check,64.87,4362.13,No
CUST-01245,Male,0,Yes,Yes,52,Yes,Yes,Fiber optic,No,Yes,No,No,Yes,Yes,Month-to-month,Yes,Electronic check,98.74,5022.7,Yes
CUST-01246,Male,0,No,No,15,Yes,Yes,DSL,Yes,No,Yes,No,No,Yes,Two year,No,Credit card (automatic),82.52,1239.47,Yes
CUST-01247,Male,1,Yes,No,11,Yes,Yes,No,No internet service,No internet service,No internet service,No internet service,No internet service,No internet service,One year,Yes,Electronic check,36.14,352.93,No
CUST-01248,Female,0,Yes,Yes,10,No,No phone service,No,No internet service,No internet service,No internet service,No internet service,No internet service,No internet service,Month-to-month,Yes,Electronic check,23.11,198.02,Yes
CUST-01249,Female,0,Yes,No,30,Yes,No,DSL,No,No,No,No,No,Yes,Two year,No,Bank transfer (automatic),63.82,1781.38,No
CUST-01250,Male,0,No,No,15,Yes,No,No,No internet service,No internet service,No internet service,No internet service,No internet service,No internet service,Two year,No,Electronic check,32.42,436.69,No
CUST-01251,Female,0,No,No,15,Yes,No,Fiber optic,Yes,No,No,No,Yes,No,Two year,Yes,Bank transfer (automatic),88.99,1224.34,No
CUST-01252,Female,0,No,No,10,No,No phone service,Fiber optic,No,No,No,No,No,No,Month-to-month,Yes,Credit card (automatic),65.52,611.93,Yes
CUST-01253,Female,0,No,No,27,No,No phone service,DSL,No,No,No,Yes,Yes,Yes,One year,No,Credit card (automatic),60.08,1571.03,No
CUST-01254,Male,0,Yes,Yes,9,No,No phone service,DSL,No,No,Yes,No,Yes,No,Two year,Yes,Credit card (automatic),54.56,462.97,No
CUST-01255,Male,1,No,No,40,Yes,No,DSL,No,No,Yes,Yes,No,Yes,Two year,Yes,Credit card (automatic),73.73,2711.24,No
CUST-01256,Female,0,Yes,Yes,59,No,No phone service,No,No internet service,No internet service,No internet service,No internet service,No internet service,No internet service,Two year,Yes,Electronic check,18.0,1006.92,No
CUST-01257,Female,0,No,No,31,Yes,Yes,DSL,Yes,No,No,No,Yes,No,Two year,Yes,Electronic check,76.41,2222.2,Yes
CUST-01258,Male,0,Yes,Yes,52,Yes,Yes,Fiber optic,No,Yes,Yes,No,No,No,Two year,Yes,Mailed check,100.53,4854.79,Yes
CUST-01259,Male,1,Yes,No,23,Yes,No,Fiber optic,No,No,No,No,No,No,Month-to-month,Yes,Bank transfer (automatic),80.56,1677.32,Yes
CUST-01260,Male,0,No,Yes,13,Yes,Yes,DSL,Yes,Yes,Yes,No,Yes,Yes,Two year,No,Electronic check,90.32,1087.5,Yes
CUST-01261,Female,1,No,No,19,Yes,Yes,DSL,No,No,Yes,Yes,No,Yes,One year,No,Credit card (automatic),79.69,1453.45,No
CUST-01262,Male,1,No,No,6,Yes,No,DSL,No,Yes,Yes,Yes,Yes,No,Month-to-month,No,Bank transfer (automatic),88.13,507.92,No
CUST-01263,Female,0,Yes,No,16,Yes,No,Fiber optic,Yes,No,Yes,No,No,Yes,Month-to-month,Yes,Electronic check,88.59,1279.97,Yes
CUST-01264,Male,0,Yes,Yes,22,Yes,Yes,Fiber optic,No,Yes,Yes,No,No,No,Month-to-month,Yes,Credit card (automatic),89.91,1835.65,No
CUST-01265,Female,0,Yes,No,26,Yes,Yes,Fiber optic,No,No,Yes,Yes,No,No,One year,No,Electronic check,92.58,2183.44,No
CUST-01266,Female,0,Yes,Yes,53,Yes,Yes,DSL,No,Yes,No,No,Yes,Yes,Month-to-month,No,Electronic check,84.35,4334.22,Yes
CUST-01267,Female,0,Yes,No,66,Yes,Yes,Fiber optic,No,No,Yes,No,Yes,Yes,Month-to-month,No,Electronic check,97.48,6062.54,Yes
CUST-01268,Female,0,Yes,Yes,30,Yes,Yes,No,No internet service,No internet service,No internet service,No internet service,No internet service,No internet service,One year,Yes,Bank transfer (automatic),34.85,950.94,No
CUST-01269,Male,0,No,No,10,Yes,Yes,DSL,No,Yes,Yes,No,Yes,No,One year,No,Bank transfer (automatic),85.79,793.23,Yes
CUST-01270,Female,0,Yes,No,10,Yes,No,DSL,Yes,Yes,Yes,Yes,Yes,Yes,Month-to-month,Yes,Electronic check,85.43,734.28,No
CUST-01271,Female,1,No,No,16,No,No phone service,Fiber optic,No,No,Yes,No,Yes,No,One year,Yes,Electronic check,78.1,1156.23,Yes
CUST-01272,Female,0,No,No,14,Yes,Yes,Fiber optic,Yes,No,No,No,No,Yes,One year,No,Bank transfer (automatic),101.55,1356.15,No
CUST-01273,Male,0,No,No,31,Yes,No,Fiber optic,No,No,Yes,Yes,Yes,No,Month-to-month,Yes,Mailed check,98.77,2925.78,Yes
CUST-01274,Male,1,Yes,No,11,Yes,Yes,Fiber optic,No,No,No,No,Yes,Yes,One year,Yes,Mailed check,96.96,980.76,Yes
CUST-01275,Male,0,Yes,Yes,67,Yes,No,Fiber optic,No,No,Yes,No,No,Yes,Month-to-month,No,Bank transfer (automatic),93.2,5853.23,Yes
CUST-01276,Male,0,Yes,Yes,47,Yes,Yes,Fiber optic,Yes,No,Yes,No,No,Yes,Two year,No,Mailed check,113.3,5095.43,Yes
CUST-01277,Male,0,No,No,54,Yes,Yes,No,No internet service,No internet service,No internet service,No internet service,No internet service,No internet service,Month-to-month,Yes,Credit card (automatic),39.16,2058.04,No
CUST-01278,Male,1,Yes,No,15,No,No phone service,No,No internet service,No internet service,No internet service,No internet service,No internet service,No internet service,Month-to-month,Yes,Credit card (automatic),18.18,254.01,Yes
CUST-01279,Female,0,Yes,No,11,Yes,Yes,No,No internet service,No internet service,No internet service,No internet service,No internet service,No internet service,Two year,Yes,Bank transfer (automatic),48.59,516.24,No
CUST-01280,Male,0,No,No,15,No,No phone service,Fiber optic,Yes,No,No,No,No,Yes,Month-to-month,Yes,Electronic check,72.43,983.34,Yes
CUST-01281,Male,0,No,No,28,Yes,No,DSL,No,No,Yes,No,No,Yes,Month-to-month,Yes,Electronic check,68.87,1844.49,Yes
CUST-01282,Male,0,No,No,26,Yes,No,Fiber optic,Yes,Yes,No,No,Yes,Yes,Two year,Yes,Mailed check,109.25,2695.75,No
CUST-01283,Female,0,Yes,Yes,63,Yes,No,DSL,Yes,No,Yes,No,No,No,Month-to-month,Yes,Bank transfer (automatic),74.31,4108.18,Yes
CUST-01284,Male,0,No,No,70,Yes,No,DSL,No,Yes,No,No,Yes,Yes,Two year,Yes,Mailed check,69.88,4578.94,No
CUST-01285,Female,1,Yes,No,29,Yes,Yes,Fiber optic,No,No,No,No,Yes,Yes,Month-to-month,Yes,Credit card (automatic),96.53,2757.49,No
CUST-01286,Female,0,Yes,No,7,Yes,No,Fiber optic,No,Yes,Yes,Yes,Yes,Yes,Month-to-month,No,Electronic check,109.79,691.87,Yes
CUST-01287,Male,1,No,No,20,Yes,No,Fiber optic,No,No,Yes,No,No,No,Month-to-month,No,Electronic check,84.17,1597.17,Yes
CUST-01288,Female,0,No,Yes,72,Yes,Yes,Fiber optic,No,Yes,No,No,Yes,No,Month-to-month,Yes,Bank transfer (automatic),95.48,6636.87,No
CUST-01289,Female,1,No,Yes,8,Yes,No,Fiber optic,No,No,No,Yes,No,Yes,Month-to-month,Yes,Mailed check,84.11,655.0,Yes
CUST-01290,Male,0,Yes,No,32,Yes,No,Fiber optic,Yes,No,No,No,No,No,Two year,No,Mailed check,87.43,2657.28,No
CUST-01291,Female,0,Yes,Yes,15,Yes,No,No,No internet service,No internet service,No internet service,No internet service,No internet service,No internet service,Two year,No,Credit card (automatic),42.44,588.54,No
CUST-01292,Male,0,No,No,72,Yes,No,Fiber optic,No,No,No,No,No,Yes,Month-to-month,No,Electronic check,86.33,6030.43,Yes
CUST-01293,Female,0,No,No,34,Yes,No,Fiber optic,No,No,Yes,No,Yes,No,Month-to-month,Yes,Bank transfer (automatic),94.34,3010.96,Yes
CUST-01294,Female,0,Yes,No,15,Yes,No,No,No internet service,No internet service,No internet service,No internet service,No internet service,No internet service,Month-to-month,Yes,Credit card (automatic),29.07,390.87,Yes
CUST-01295,Male,0,Yes,No,18,No,No phone service,No,No internet service,No internet service,No internet service,No internet service,No internet service,No internet service,One year,No,Electronic check,18.0,302.77,No
CUST-01296,Male,0,No,No,4,Yes,No,Fiber optic,No,No,Yes,No,No,No,Two year,Yes,Bank transfer (automatic),80.97,284.44,Yes
CUST-01297,Female,0,No,No,31,Yes,Yes,DSL,Yes,Yes,No,Yes,No,No,Month-to-month,Yes,Mailed check,82.86,2426.13,Yes
CUST-01298,Male,0,Yes,No,32,Yes,No,Fiber optic,No,No,No,No,No,Yes,Month-to-month,Yes,Mailed check,85.05,2548.47,Yes
CUST-01299,Male,0,No,No,8,Yes,No,DSL,No,No,No,Yes,No,No,Two year,Yes,Electronic check,57.23,411.7,No
CUST-01300,Female,0,No,No,40,Yes,Yes,No,No internet service,No internet service,No internet service,No internet service,No internet service,No internet service,Month-to-month,No,Electronic check,37.44,1531.02,No
CUST-01301,Male,0,Yes,Yes,70,Yes,No,DSL,No,Yes,No,No,Yes,Yes,One year,Yes,Bank transfer (automatic),75.72,4773.73,No
CUST-01302,Female,0,No,Yes,9,Yes,Yes,Fiber optic,No,No,Yes,Yes,No,No,Month-to-month,Yes,Bank transfer (automatic),97.56,835.71,Yes
CUST-01303,Male,1,No,Yes,39,Yes,Yes,DSL,No,Yes,No,Yes,Yes,Yes,Month-to-month,Yes,Electronic check,87.32,3190.74,Yes
CUST-01304,Male,0,No,No,40,Yes,No,DSL,Yes,Yes,Yes,No,No,Yes,Month-to-month,Yes,Bank transfer (automatic),84.98,3127.32,Yes
CUST-01305,Male,0,No,No,29,Yes,No,No,No internet service,No internet service,No internet service,No internet service,No internet service,No internet service,One year,No,Bank transfer (automatic),26.86,722.14,No
CUST-01306,Male,0,No,No,30,Yes,Yes,Fiber optic,Yes,Yes,Yes,No,Yes,No,One year,Yes,Bank transfer (automatic),115.26,3161.88,No
CUST-01307,Female,0,No,Yes,18,Yes,No,Fiber optic,Yes,Yes,Yes,No,Yes,Yes,Month-to-month,No,Mailed check,97.43,1671.33,No
CUST-01308,Female,0,Yes,No,4,Yes,Yes,DSL,Yes,Yes,No,No,No,No,Two year,Yes,Electronic check,80.89,321.62,No
CUST-01309,Female,1,No,No,33,Yes,No,Fiber optic,No,Yes,No,No,Yes,Yes,Two year,No,Mailed check,101.58,3368.05,Yes
CUST-01310,Male,0,Yes,No,47,Yes,No,Fiber optic,No,No,Yes,Yes,No,No,Month-to-month,Yes,Electronic check,85.62,3871.06,Yes
CUST-01311,Male,0,Yes,No,12,No,No phone service,Fiber optic,No,No,Yes,No,No,No,Month-to-month,No,Electronic check,78.15,857.91,Yes
CUST-01312,Female,0,Yes,No,15,Yes,Yes,Fiber optic,No,Yes,No,No,No,No,Month-to-month,No,Bank transfer (automatic),89.88,1288.76,No
CUST-01313,Male,0,No,No,13,Yes,No,Fiber optic,Yes,No,No,Yes,No,No,Month-to-month,No,Electronic check,89.24,1096.02,Yes
CUST-01314,Male,0,No,No,35,No,No phone service,DSL,No,No,Yes,No,Yes,Yes,Month-to-month,Yes,Mailed check,64.58,2156.98,Yes
CUST-01315,Male,0,No,No,32,No,No phone service,Fiber optic,No,No,Yes,Yes,Yes,No,One year,Yes,Bank transfer (automatic),81.11,2315.5,Yes
CUST-01316,Female,0,No,No,12,Yes,Yes,Fiber optic,Yes,No,No,No,No,Yes,Month-to-month,No,Bank transfer (automatic),93.91,994.09,Yes
CUST-01317,Male,1,Yes,No,25,Yes,No,DSL,Yes,No,No,No,Yes,Yes,Month-to-month,Yes,Credit card (automatic),74.01,1819.12,No
CUST-01318,Male,0,No,No,26,Yes,Yes,DSL,No,No,Yes,No,No,No,One year,Yes,Credit card (automatic),71.45,1739.85,Yes
CUST-01319,Female,1,No,No,34,Yes,No,DSL,No,Yes,No,Yes,Yes,No,Two year,Yes,Electronic check,72.86,2295.36,No
CUST-01320,Female,0,Yes,Yes,19,Yes,Yes,No,No internet service,No internet service,No internet service,No internet service,No internet service,No internet service,Month-to-month,No,Electronic check,41.46,745.78,No
CUST-01321,Female,0,No,No,56,No,No phone service,Fiber optic,Yes,No,No,Yes,No,Yes,Two year,No,Mailed check,78.27,3895.92,No
CUST-01322,Female,0,No,No,34,Yes,Yes,No,No internet service,No internet service,No internet service,No internet service,No internet service,No internet service,One year,Yes,Credit card (automatic),37.02,1251.14,Yes
CUST-01323,Male,0,Yes,Yes,55,Yes,Yes,No,No internet service,No internet service,No internet service,No internet service,No internet service,No internet service,Month-to-month,No,Electronic check,37.1,1827.63,No
CUST-01324,Male,0,No,Yes,33,Yes,Yes,Fiber optic,No,No,No,No,Yes,Yes,One year,No,Bank transfer (automatic),87.1,2535.17,Yes
CUST-01325,Male,0,Yes,Yes,36,Yes,No,DSL,Yes,No,No,Yes,Yes,No,Month-to-month,Yes,Credit card (automatic),74.24,2632.86,Yes
CUST-01326,Female,0,Yes,No,6,Yes,No,DSL,No,Yes,Yes,No,No,No,One year,No,Bank transfer (automatic),71.89,448.07,Yes
CUST-01327,Male,0,Yes,No,32,Yes,No,DSL,No,Yes,No,No,No,Yes,Month-to-month,Yes,Electronic check,77.54,2236.48,Yes
CUST-01328,Female,0,Yes,No,25,Yes,No,DSL,Yes,Yes,No,No,No,No,Month-to-month,No,Bank transfer (automatic),76.84,1835.41,No
CUST-01329,Male,1,Yes,Yes,59,Yes,Yes,No,No internet service,No internet service,No internet service,No internet service,No internet service,No internet service,Month-to-month,No,Electronic check,39.07,2413.76,No
CUST-01330,Female,1,No,No,54,Yes,Yes,Fiber optic,Yes,Yes,Yes,Yes,No,No,Month-to-month,Yes,Electronic check,106.95,5086.13,No
CUST-01331,Female,0,Yes,Yes,63,Yes,No,DSL,Yes,No,Yes,No,No,Yes,Month-to-month,Yes,Mailed check,72.44,4307.33,Yes
CUST-01332,Male,1,No,No,15,Yes,Yes,Fiber optic,Yes,No,Yes,No,Yes,Yes,Month-to-month,No,Electronic check,110.44,1618.39,Yes
CUST-01333,Female,0,No,No,26,Yes,Yes,No,No internet service,No internet service,No internet service,No internet service,No internet service,No internet service,Month-to-month,No,Electronic check,33.36,,No
CUST-01334,Male,0,Yes,No,67,Yes,No,Fiber optic,Yes,No,No,No,No,Yes,Two year,No,Mailed check,86.04,5685.51,Yes
CUST-01335,Male,1,Yes,No,15,Yes,No,Fiber optic,No,No,Yes,No,No,Yes,Month-to-month,No,Mailed check,83.24,1200.96,Yes
CUST-01336,Male,0,No,No,59,Yes,Yes,DSL,No,Yes,No,No,No,Yes,Month-to-month,No,Credit card (automatic),75.52,4020.44,No
CUST-01337,Male,0,No,No,55,Yes,Yes,DSL,No,Yes,No,Yes,No,Yes,Two year,No,Credit card (automatic),82.39,4056.53,No
CUST-01338,Female,0,No,No,25,No,No phone service,DSL,Yes,Yes,No,No,Yes,No,Month-to-month,No,Electronic check,55.34,1268.91,Yes
CUST-01339,Male,0,Yes,No,72,Yes,No,Fiber optic,No,No,No,No,No,Yes,Two year,Yes,Credit card (automatic),80.21,5334.32,No
CUST-01340,Female,0,No,No,57,Yes,Yes,DSL,No,No,Yes,Yes,Yes,No,Month-to-month,No,Credit card (automatic),84.07,4512.91,Yes
CUST-01341,Male,0,No,Yes,9,Yes,No,DSL,No,No,No,No,No,No,Month-to-month,Yes,Mailed check,57.9,525.23,Yes
CUST-01342,Female,0,No,No,71,Yes,No,No,No internet service,No internet service,No internet service,No internet service,No internet service,No internet service,Month-to-month,Yes,Mailed check,28.76,1880.94,Yes
CUST-01343,Female,0,Yes,Yes,25,Yes,Yes,DSL,No,No,Yes,No,Yes,Yes,Month-to-month,Yes,Bank transfer (automatic),78.72,1858.24,Yes
CUST-01344,Male,0,No,No,35,Yes,Yes,DSL,Yes,No,No,No,Yes,No,One year,Yes,Mailed check,79.14,2778.51,Yes
CUST-01345,Female,0,Yes,No,35,No,No phone service,DSL,Yes,Yes,Yes,No,Yes,No,One year,Yes,Credit card (automatic),68.64,2340.9,No
CUST-01346,Male,1,No,No,41,Yes,Yes,No,No internet service,No internet service,No internet service,No internet service,No internet service,No internet service,Month-to-month,Yes,Bank transfer (automatic),38.39,1482.04,No
CUST-01347,Male,0,No,No,68,Yes,Yes,DSL,Yes,No,Yes,No,Yes,No,Month-to-month,Yes,Electronic check,76.72,4859.07,Yes
CUST-01348,Male,1,No,No,35,Yes,No,Fiber optic,No,No,Yes,Yes,Yes,No,Two year,Yes,Mailed check,89.78,2777.78,Yes
CUST-01349,Male,0,Yes,No,24,Yes,No,DSL,Yes,No,No,No,Yes,No,Month-to-month,Yes,Electronic check,61.96,1385.18,Yes
CUST-01350,Male,1,No,No,12,Yes,No,Fiber optic,Yes,No,Yes,No,No,Yes,Month-to-month,No,Bank transfer (automatic),91.47,1120.72,Yes
CUST-01351,Female,0,Yes,Yes,18,Yes,No,No,No internet service,No internet service,No internet service,No internet service,No internet service,No internet service,Month-to-month,Yes,Bank transfer (automatic),35.82,590.29,Yes
CUST-01352,Female,0,No,No,54,Yes,No,Fiber optic,No,No,Yes,Yes,Yes,No,Month-to-month,No,Mailed check,92.0,4854.18,Yes
CUST-01353,Female,0,No,No,62,Yes,No,Fiber optic,Yes,Yes,No,No,Yes,Yes,Month-to-month,Yes,Electronic check,96.4,5474.14,Yes
CUST-01354,Male,0,No,No,20,Yes,No,DSL,No,Yes,Yes,No,No,Yes,Month-to-month,Yes,Mailed check,71.31,1381.93,No
CUST-01355,Female,1,Yes,No,47,Yes,No,DSL,No,Yes,Yes,Yes,No,Yes,Two year,No,Electronic check,78.99,3623.64,No
CUST-01356,Female,0,No,No,17,Yes,No,DSL,No,No,No,No,Yes,No,Month-to-month,No,Electronic check,69.2,1083.8,No
CUST-01357,Female,1,Yes,No,5,Yes,No,Fiber optic,Yes,No,No,No,No,No,Month-to-month,Yes,Electronic check,80.36,368.65,Yes
CUST-01358,Female,0,No,No,7,No,No phone service,Fiber optic,Yes,No,Yes,No,No,Yes,Month-to-month,Yes,Electronic check,77.79,523.9,Yes
CUST-01359,Female,0,No,No,57,Yes,Yes,Fiber optic,Yes,No,Yes,No,Yes,Yes,Two year,No,Credit card (automatic),101.66,5593.8,Yes
CUST-01360,Female,0,No,No,5,Yes,Yes,DSL,Yes,Yes,Yes,Yes,Yes,No,One year,Yes,Bank transfer (automatic),96.67,469.08,No
CUST-01361,Female,0,No,No,44,Yes,Yes,No,No internet service,No internet service,No internet service,No internet service,No internet service,No internet service,Two year,No,Electronic check,38.8,1606.43,No
CUST-01362,Female,0,No,No,33,Yes,No,No,No internet service,No internet service,No internet service,No internet service,No internet service,No internet service,Month-to-month,No,Bank transfer (automatic),26.67,794.24,Yes
CUST-01363,Female,0,Yes,No,60,No,No phone service,DSL,Yes,Yes,Yes,Yes,No,Yes,One year,Yes,Electronic check,66.73,3749.96,No
CUST-01364,Female,1,No,No,30,Yes,Yes,Fiber optic,No,No,Yes,No,Yes,Yes,Month-to-month,Yes,Bank transfer (automatic),103.29,2794.12,Yes
CUST-01365,Male,0,Yes,Yes,38,Yes,Yes,Fiber optic,No,No,No,No,Yes,Yes,One year,No,Credit card (automatic),100.83,3677.32,No
CUST-01366,Female,0,Yes,Yes,32,Yes,Yes,DSL,No,No,Yes,No,Yes,No,Month-to-month,Yes,Bank transfer (automatic),73.16,2112.39,No
CUST-01367,Female,0,No,No,35,Yes,No,DSL,No,No,No,No,Yes,Yes,Month-to-month,No,Electronic check,72.98,2329.41,Yes
CUST-01368,Female,0,Yes,No,27,Yes,No,Fiber optic,No,Yes,No,Yes,No,Yes,Month-to-month,Yes,Credit card (automatic),97.17,2450.07,Yes
CUST-01369,Male,0,No,No,39,Yes,No,Fiber optic,No,No,No,No,Yes,Yes,Month-to-month,Yes,Bank transfer (automatic),98.46,3792.38,Yes
CUST-01370,Male,0,No,No,22,Yes,No,DSL,Yes,No,Yes,Yes,No,No,Month-to-month,Yes,Credit card (automatic),71.03,1402.43,Yes
CUST-01371,Male,0,Yes,Yes,52,Yes,Yes,DSL,No,Yes,Yes,No,No,No,Month-to-month,Yes,Mailed check,84.06,4005.02,Yes
CUST-01372,Female,0,Yes,No,30,No,No phone service,No,No internet service,No internet service,No internet service,No internet service,No internet service,No internet service,Two year,Yes,Mailed check,21.49,594.61,No
CUST-01373,Female,0,Yes,No,49,Yes,No,Fiber optic,Yes,Yes,Yes,No,No,No,Month-to-month,Yes,Mailed check,91.41,4278.29,No
CUST-01374,Female,0,Yes,No,15,Yes,No,DSL,No,No,No,No,No,No,Month-to-month,No,Electronic check,61.99,844.16,Yes
CUST-01375,Male,0,No,No,20,Yes,No,No,No internet service,No internet service,No internet service,No internet service,No internet service,No internet service,One year,Yes,Bank transfer (automatic),29.54,529.7,No
CUST-01376,Male,0,No,No,8,Yes,Yes,Fiber optic,No,No,No,Yes,No,No,One year,Yes,Bank transfer (automatic),91.53,667.91,No
CUST-01377,Male,0,No,No,36,Yes,No,Fiber optic,No,Yes,No,Yes,No,No,Month-to-month,Yes,Mailed check,92.65,3176.08,Yes
CUST-01378,Male,0,Yes,Yes,35,Yes,No,Fiber optic,Yes,Yes,Yes,No,No,Yes,Month-to-month,Yes,Mailed check,98.19,3035.13,No
CUST-01379,Male,1,No,No,18,Yes,Yes,DSL,No,No,Yes,No,Yes,No,Month-to-month,Yes,Bank transfer (automatic),84.19,1479.87,No
CUST-01380,Male,0,Yes,Yes,28,Yes,Yes,Fiber optic,Yes,Yes,No,Yes,Yes,Yes,Month-to-month,No,Credit card (automatic),112.44,3039.06,Yes
CUST-01381,Male,0,No,No,12,Yes,No,No,No internet service,No internet service,No internet service,No internet service,No internet service,No internet service,Month-to-month,No,Electronic check,33.22,384.01,Yes
CUST-01382,Female,0,No,No,55,Yes,Yes,DSL,No,No,No,No,Yes,Yes,One year,No,Credit card (automatic),79.65,4181.99,No
CUST-01383,Female,0,Yes,No,54,Yes,No,DSL,No,No,Yes,No,Yes,No,Month-to-month,No,Mailed check,73.33,3734.03,Yes
CUST-01384,Male,0,No,No,27,Yes,No,DSL,Yes,Yes,No,No,No,Yes,Month-to-month,Yes,Electronic check,79.52,1956.81,No
CUST-01385,Female,1,No,No,23,Yes,Yes,Fiber optic,No,No,Yes,No,Yes,Yes,Month-to-month,No,Bank transfer (automatic),104.7,2225.11,Yes
CUST-01386,Female,1,Yes,Yes,6,No,No phone service,DSL,No,No,No,No,Yes,No,Two year,Yes,Mailed check,59.19,327.73,No
CUST-01387,Male,0,No,No,48,Yes,No,DSL,No,No,Yes,Yes,Yes,No,Month-to-month,Yes,Credit card (automatic),76.61,3267.78,No
CUST-01388,Female,0,No,No,14,Yes,No,Fiber optic,No,No,No,No,No,No,Month-to-month,Yes,Credit card (automatic),79.89,1107.62,Yes
CUST-01389,Male,0,Yes,No,51,Yes,No,Fiber optic,No,No,No,Yes,Yes,No,One year,No,Credit card (automatic),96.03,4390.81,No
CUST-01390,Male,0,Yes,No,7,Yes,Yes,Fiber optic,No,No,No,No,No,No,Month-to-month,No,Electronic check,85.04,549.37,Yes
CUST-01391,Female,0,No,No,11,Yes,No,DSL,Yes,Yes,No,Yes,Yes,Yes,One year,Yes,Electronic check,81.28,830.07,No
CUST-01392,Male,0,No,No,9,Yes,Yes,Fiber optic,Yes,No,No,No,No,No,Month-to-month,No,Credit card (automatic),88.28,755.59,No
CUST-01393,Male,0,No,No,13,Yes,Yes,DSL,Yes,Yes,No,No,Yes,No,Month-to-month,Yes,Credit card (automatic),79.3,952.88,Yes
CUST-01394,Male,0,No,Yes,72,Yes,Yes,No,No internet service,No internet service,No internet service,No internet service,No internet service,No internet service,Month-to-month,Yes,Credit card (automatic),46.64,3071.6,No
CUST-01395,Female,0,No,No,24,Yes,No,Fiber optic,No,No,Yes,Yes,Yes,No,Month-to-month,Yes,Electronic check,92.03,2150.59,Yes
CUST-01396,Male,0,Yes,Yes,43,Yes,No,Fiber optic,Yes,No,No,No,Yes,Yes,Month-to-month,No,Electronic check,90.14,4087.46,No
CUST-01397,Male,0,Yes,No,11,Yes,Yes,DSL,Yes,No,No,No,Yes,Yes,Month-to-month,Yes,Electronic check,85.41,952.86,No
CUST-01398,Male,0,Yes,No,15,Yes,No,DSL,Yes,Yes,No,No,No,Yes,Month-to-month,No,Mailed check,84.73,1198.16,No
CUST-01399,Female,0,No,No,72,Yes,No,No,No internet service,No internet service,No internet service,No internet service,No internet service,No internet service,Month-to-month,Yes,Electronic check,26.58,1686.05,No
CUST-01400,Female,0,No,No,25,Yes,No,DSL,Yes,No,No,No,Yes,No,Two year,Yes,Credit card (automatic),79.46,1746.34,No
CUST-01401,Male,0,No,No,31,Yes,Yes,Fiber optic,Yes,No,No,No,No,Yes,Month-to-month,Yes,Mailed check,91.71,2768.13,Yes
CUST-01402,Female,0,Yes,Yes,37,Yes,Yes,Fiber optic,No,Yes,No,Yes,No,Yes,Month-to-month,Yes,Mailed check,93.28,3249.87,No
CUST-01403,Female,0,No,No,72,Yes,Yes,Fiber optic,Yes,No,No,No,No,No,Month-to-month,Yes,Bank transfer (automatic),83.79,5704.16,Yes
CUST-01404,Female,0,No,No,2,Yes,No,DSL,Yes,Yes,Yes,Yes,Yes,Yes,Month-to-month,No,Credit card (automatic),92.27,175.38,No
CUST-01405,Female,0,Yes,No,57,Yes,Yes,Fiber optic,No,Yes,Yes,No,No,No,Month-to-month,No,Electronic check,94.08,4910.1,Yes
CUST-01406,Female,0,Yes,Yes,65,Yes,Yes,DSL,No,No,Yes,No,No,No,Month-to-month,Yes,Bank transfer (automatic),70.1,4280.84,No
CUST-01407,Female,1,No,No,40,Yes,Yes,DSL,Yes,No,Yes,Yes,No,No,One year,Yes,Mailed check,79.02,3030.32,No
CUST-01408,Male,0,No,No,22,Yes,Yes,DSL,No,Yes,Yes,No,No,No,Month-to-month,No,Electronic check,70.04,1535.65,Yes
CUST-01409,Female,1,No,No,34,Yes,Yes,Fiber optic,Yes,Yes,Yes,No,Yes,No,Two year,No,Electronic check,110.02,3733.5,No
CUST-01410,Female,0,Yes,No,10,Yes,No,Fiber optic,No,No,Yes,No,Yes,Yes,Month-to-month,No,Credit card (automatic),93.05,898.2,Yes
CUST-01411,Female,0,No,No,4,Yes,Yes,Fiber optic,No,No,Yes,Yes,No,No,One year,Yes,Credit card (automatic),101.06,373.37,No
CUST-01412,Male,0,Yes,No,31,Yes,Yes,Fiber optic,No,No,No,Yes,No,No,Month-to-month,Yes,Bank transfer (automatic),93.55,2746.52,Yes
CUST-01413,Female,0,Yes,No,1,Yes,Yes,DSL,No,No,Yes,Yes,No,Yes,Month-to-month,No,Credit card (automatic),79.87,78.51,Yes
CUST-01414,Male,0,No,No,18,Yes,No,DSL,No,Yes,No,No,No,No,Month-to-month,Yes,Mailed check,62.12,1124.51,Yes
CUST-01415,Male,0,Yes,No,12,Yes,No,No,No internet service,No internet service,No internet service,No internet service,No internet service,No internet service,Month-to-month,Yes,Electronic check,23.38,276.57,Yes
CUST-01416,Male,0,No,No,22,Yes,No,DSL,Yes,No,No,No,No,Yes,Two year,Yes,Credit card (automatic),73.74,1495.36,No
CUST-01417,Male,0,Yes,No,23,Yes,Yes,Fiber optic,No,No,Yes,No,Yes,Yes,Month-to-month,No,Credit card (automatic),102.3,2308.58,Yes
CUST-01418,Female,0,Yes,No,9,Yes,No,Fiber optic,No,No,No,Yes,Yes,Yes,Two year,Yes,Mailed check,97.62,807.84,No
CUST-01419,Male,0,Yes,No,39,Yes,No,No,No internet service,No internet service,No internet service,No internet service,No internet service,No internet service,Month-to-month,No,Electronic check,28.85,1100.35,No
CUST-01420,Female,0,No,Yes,63,Yes,Yes,Fiber optic,Yes,Yes,Yes,No,No,Yes,Two year,No,Electronic check,107.02,6643.36,Yes
CUST-01421,Male,0,Yes,No,10,Yes,No,Fiber optic,Yes,Yes,Yes,No,Yes,No,Two year,No,Mailed check,95.38,924.22,No
CUST-01422,Male,0,Yes,No,10,Yes,No,No,No internet service,No internet service,No internet service,No internet service,No internet service,No internet service,Month-to-month,No,Credit card (automatic),28.32,260.63,No
CUST-01423,Male,0,Yes,No,26,Yes,No,Fiber optic,No,No,No,No,Yes,Yes,Month-to-month,Yes,Electronic check,95.91,2251.76,Yes
CUST-01424,Male,0,Yes,No,4,Yes,Yes,DSL,Yes,No,No,Yes,Yes,No,Two year,Yes,Credit card (automatic),79.88,296.89,No
CUST-01425,Female,0,No,No,26,Yes,Yes,Fiber optic,Yes,Yes,No,No,No,No,Month-to-month,Yes,Credit card (automatic),95.31,2381.95,Yes
CUST-01426,Male,0,Yes,Yes,57,Yes,No,DSL,No,Yes,Yes,Yes,Yes,Yes,Month-to-month,Yes,Credit card (automatic),79.8,4146.45,Yes
CUST-01427,Male,0,Yes,Yes,10,Yes,Yes,Fiber optic,No,No,No,No,No,Yes,Month-to-month,No,Credit card (automatic),86.08,755.54,No
CUST-01428,Male,0,No,No,72,Yes,Yes,No,No internet service,No internet service,No internet service,No internet service,No internet service,No internet service,Two year,Yes,Mailed check,33.83,2413.15,Yes
CUST-01429,Female,0,Yes,Yes,19,Yes,No,Fiber optic,No,No,Yes,No,No,Yes,Month-to-month,No,Bank transfer (automatic),88.6,1507.47,No
CUST-01430,Male,0,No,No,21,No,No phone service,Fiber optic,Yes,Yes,Yes,No,Yes,Yes,One year,No,Electronic check,88.61,1762.87,No
CUST-01431,Female,0,Yes,No,16,Yes,Yes,DSL,No,Yes,No,Yes,Yes,No,Month-to-month,Yes,Electronic check,79.92,1218.82,No
CUST-01432,Female,1,No,No,47,Yes,Yes,DSL,No,Yes,No,No,Yes,Yes,One year,Yes,Bank transfer (automatic),83.86,3596.21,No
CUST-01433,Female,1,Yes,No,29,Yes,Yes,Fiber optic,No,No,No,No,Yes,Yes,One year,No,Mailed check,102.43,2773.82,No
CUST-01434,Male,0,No,No,20,Yes,Yes,Fiber optic,Yes,No,No,No,Yes,Yes,Month-to-month,Yes,Credit card (automatic),103.55,2060.28,Yes
CUST-01435,Female,0,Yes,Yes,14,Yes,No,DSL,No,No,No,No,No,Yes,Month-to-month,No,Electronic check,59.76,735.97,Yes
CUST-01436,Female,0,No,No,33,Yes,No,No,No internet service,No internet service,No internet service,No internet service,No internet service,No internet service,Month-to-month,Yes,Electronic check,27.06,873.62,No
CUST-01437,Female,0,Yes,No,66,Yes,Yes,DSL,Yes,Yes,No,No,Yes,Yes,One year,Yes,Bank transfer (automatic),82.42,5120.59,No
CUST-01438,Male,0,No,Yes,21,Yes,No,DSL,No,No,No,Yes,Yes,No,Month-to-month,No,Electronic check,70.65,1352.58,Yes
CUST-01439,Female,0,No,Yes,28,Yes,Yes,Fiber optic,Yes,No,Yes,Yes,Yes,Yes,One year,No,Electronic check,117.01,3123.36,No
CUST-01440,Male,0,Yes,Yes,6,Yes,Yes,DSL,No,No,Yes,No,Yes,Yes,Month-to-month,No,Bank transfer (automatic),85.8,476.14,Yes
CUST-01441,Male,0,Yes,Yes,28,No,No phone service,No,No internet service,No internet service,No internet service,No internet service,No internet service,No internet service,Month-to-month,No,Electronic check,27.32,722.85,No
CUST-01442,Male,0,Yes,No,72,Yes,No,Fiber optic,No,No,No,Yes,No,No,Month-to-month,Yes,Mailed check,83.99,5850.39,No
CUST-01443,Male,1,No,No,9,Yes,Yes,Fiber optic,No,Yes,No,No,No,No,Month-to-month,Yes,Mailed check,88.06,769.03,No
CUST-01444,Female,1,No,No,35,Yes,No,Fiber optic,Yes,Yes,Yes,Yes,Yes,Yes,Two year,Yes,Bank transfer (automatic),111.71,3617.25,No
CUST-01445,Female,0,No,No,17,Yes,Yes,DSL,Yes,No,No,No,No,No,Two year,No,Credit card (automatic),62.28,1024.53,No
CUST-01446,Female,0,Yes,No,6,Yes,No,DSL,No,No,No,Yes,No,Yes,One year,No,Electronic check,69.91,423.81,No
CUST-01447,Male,0,No,No,19,Yes,No,DSL,No,Yes,Yes,Yes,No,No,Month-to-month,Yes,Bank transfer (automatic),73.85,1260.08,Yes
CUST-01448,Male,0,Yes,Yes,72,Yes,No,DSL,No,Yes,No,Yes,No,No,One year,Yes,Credit card (automatic),64.55,4235.52,No
CUST-01449,Male,0,Yes,Yes,34,No,No phone service,DSL,No,Yes,No,No,No,No,Month-to-month,Yes,Electronic check,55.26,1668.86,Yes
CUST-01450,Female,0,Yes,Yes,32,Yes,No,No,No internet service,No internet service,No internet service,No internet service,No internet service,No internet service,Two year,Yes,Electronic check,29.64,950.13,No
CUST-01451,Female,1,Yes,No,9,Yes,No,DSL,No,Yes,No,No,No,No,Month-to-month,No,Bank transfer (automatic),62.25,526.99,Yes
CUST-01452,Female,1,No,No,54,Yes,Yes,Fiber optic,Yes,No,No,Yes,No,No,Month-to-month,Yes,Bank transfer (automatic),88.98,4484.59,Yes
CUST-01453,Female,0,No,Yes,69,Yes,No,DSL,No,Yes,No,Yes,No,No,One year,No,Credit card (automatic),70.67,4682.72,No
CUST-01454,Female,0,Yes,No,67,Yes,No,DSL,No,No,No,Yes,No,No,Month-to-month,Yes,Credit card (automatic),73.25,4770.09,No
CUST-01455,Male,0,Yes,Yes,52,Yes,No,Fiber optic,No,No,Yes,Yes,Yes,Yes,Month-to-month,Yes,Credit card (automatic),101.9,5018.63,Yes
CUST-01456,Female,0,No,No,12,Yes,No,Fiber optic,No,No,Yes,No,Yes,No,One year,No,Mailed check,94.91,1125.81,No
CUST-01457,Male,0,No,Yes,10,Yes,No,DSL,Yes,No,No,No,No,Yes,Month-to-month,Yes,Credit card (automatic),67.01,627.1,Yes
CUST-01458,Female,0,Yes,No,4,No,No phone service,Fiber optic,No,No,No,Yes,No,Yes,Month-to-month,Yes,Electronic check,77.95,280.01,No
CUST-01459,Female,0,Yes,No,11,Yes,Yes,DSL,Yes,No,No,No,No,Yes,Two year,Yes,Mailed check,72.58,792.17,No
CUST-01460,Male,0,No,No,33,Yes,Yes,DSL,No,Yes,No,No,No,No,Month-to-month,Yes,Electronic check,65.72,2023.84,Yes
CUST-01461,Male,0,No,No,11,Yes,Yes,No,No internet service,No internet service,No internet service,No internet service,No internet service,No internet service,Month-to-month,Yes,Electronic check,40.91,396.66,Yes
CUST-01462,Female,0,No,No,56,Yes,Yes,DSL,Yes,Yes,No,No,No,Yes,Two year,Yes,Credit card (automatic),87.81,4108.4,No
CUST-01463,Female,0,Yes,Yes,62,Yes,Yes,Fiber optic,No,No,No,Yes,Yes,Yes,One year,Yes,Electronic check,97.58,5367.83,Yes
CUST-01464,Female,1,No,No,60,No,No phone service,DSL,Yes,Yes,Yes,Yes,No,Yes,Month-to-month,No,Bank transfer (automatic),72.9,4010.45,No
CUST-01465,Male,0,Yes,Yes,5,Yes,Yes,Fiber optic,No,Yes,Yes,Yes,No,Yes,Month-to-month,No,Electronic check,98.11,461.18,Yes
CUST-01466,Female,0,No,No,32,Yes,Yes,Fiber optic,No,Yes,No,No,Yes,No,Month-to-month,Yes,Credit card (automatic),91.1,2769.79,Yes
CUST-01467,Male,0,Yes,No,29,Yes,Yes,DSL,No,Yes,Yes,No,Yes,No,One year,No,Credit card (automatic),93.19,2395.24,No
CUST-01468,Female,0,Yes,No,58,Yes,Yes,DSL,No,Yes,No,Yes,No,Yes,Month-to-month,No,Credit card (automatic),79.34,4269.94,Yes
CUST-01469,Male,1,Yes,Yes,6,Yes,No,DSL,No,No,No,No,No,No,One year,Yes,Bank transfer (automatic),56.16,308.82,No
CUST-01470,Female,0,Yes,Yes,29,Yes,Yes,DSL,No,Yes,No,No,Yes,No,Month-to-month,Yes,Electronic check,78.81,2179.4,Yes
CUST-01471,Male,1,Yes,Yes,6,Yes,No,DSL,Yes,Yes,Yes,Yes,No,Yes,Month-to-month,No,Mailed check,81.67,474.64,No
CUST-01472,Male,0,No,No,53,Yes,No,DSL,Yes,No,Yes,Yes,Yes,No,Two year,Yes,Mailed check,83.75,4416.78,No
CUST-01473,Female,0,No,No,2,No,No phone service,Fiber optic,No,No,Yes,No,Yes,No,Two year,Yes,Electronic check,77.8,153.66,Yes
CUST-01474,Female,0,No,Yes,72,Yes,Yes,Fiber optic,No,No,Yes,No,No,No,Two year,Yes,Mailed check,88.96,5712.02,Yes
CUST-01475,Male,0,Yes,No,39,Yes,No,Fiber optic,Yes,No,No,No,No,Yes,One year,No,Credit card (automatic),96.51,3559.12,No
CUST-01476,Female,0,Yes,No,26,Yes,No,DSL,Yes,Yes,No,No,Yes,Yes,One year,Yes,Bank transfer (automatic),73.84,1786.19,No
CUST-01477,Female,0,Yes,No,15,Yes,No,No,No internet service,No internet service,No internet service,No internet service,No internet service,No internet service,Month-to-month,Yes,Mailed check,31.31,438.6,Yes
CUST-01478,Female,0,Yes,No,60,Yes,No,No,No internet service,No internet service,No internet service,No internet service,No internet service,No internet service,Month-to-month,Yes,Mailed check,38.94,2188.52,No
CUST-01479,Female,0,Yes,No,6,Yes,No,Fiber optic,Yes,Yes,No,No,No,Yes,Month-to-month,Yes,Mailed check,99.7,595.62,Yes
CUST-01480,Female,1,No,No,2,Yes,No,No,No internet service,No internet service,No internet service,No internet service,No internet service,No internet service,Month-to-month,No,Credit card (automatic),30.9,59.6,Yes
CUST-01481,Female,0,No,No,38,Yes,No,No,No internet service,No internet service,No internet service,No internet service,No internet service,No internet service,Month-to-month,No,Electronic check,29.95,1071.56,No
CUST-01482,Female,0,Yes,No,24,Yes,No,Fiber optic,No,Yes,Yes,No,No,Yes,Month-to-month,No,Electronic check,96.53,2189.07,Yes
CUST-01483,Female,0,No,No,33,No,No phone service,DSL,Yes,Yes,No,Yes,No,No,Month-to-month,Yes,Credit card (automatic),51.58,1526.93,No
CUST-01484,Female,0,No,No,30,Yes,No,No,No internet service,No internet service,No internet service,No internet service,No internet service,No internet service,One year,Yes,Mailed check,33.07,954.53,No
CUST-01485,Female,1,Yes,No,42,Yes,No,DSL,No,Yes,Yes,No,No,Yes,Two year,Yes,Bank transfer (automatic),76.75,3000.33,Yes
CUST-01486,Male,0,No,No,26,Yes,No,No,No internet service,No internet service,No internet service,No internet service,No internet service,No internet service,Two year,Yes,Mailed check,29.54,700.46,No
CUST-01487,Female,0,Yes,No,19,Yes,No,DSL,No,No,No,No,No,No,One year,No,Electronic check,58.95,1001.59,Yes
CUST-01488,Female,0,Yes,No,26,Yes,Yes,Fiber optic,Yes,Yes,Yes,No,No,No,Two year,Yes,Electronic check,101.51,2657.26,No
CUST-01489,Female,0,No,No,47,Yes,No,Fiber optic,No,No,Yes,Yes,No,No,Month-to-month,No,Bank transfer (automatic),83.28,3611.69,No
CUST-01490,Male,0,No,No,49,Yes,No,Fiber optic,Yes,Yes,Yes,No,Yes,Yes,Month-to-month,Yes,Mailed check,106.19,5050.81,Yes
CUST-01491,Female,0,Yes,No,34,Yes,No,DSL,No,Yes,No,No,Yes,Yes,Two year,No,Electronic check,69.12,2235.73,No
CUST-01492,Female,1,Yes,Yes,3,Yes,Yes,Fiber optic,Yes,No,No,Yes,Yes,No,Two year,Yes,Credit card (automatic),98.52,290.67,No
CUST-01493,Female,1,No,No,32,Yes,Yes,Fiber optic,Yes,Yes,Yes,No,No,No,Two year,No,Bank transfer (automatic),99.16,2803.25,Yes
CUST-01494,Female,0,Yes,No,5,Yes,Yes,No,No internet service,No internet service,No internet service,No internet service,No internet service,No internet service,Two year,Yes,Credit card (automatic),45.81,225.78,No
CUST-01495,Female,0,No,No,51,Yes,Yes,Fiber optic,No,No,Yes,No,No,No,Month-to-month,Yes,Bank transfer (automatic),94.36,4778.16,Yes
CUST-01496,Female,0,No,No,46,Yes,Yes,Fiber optic,No,Yes,No,No,No,No,One year,Yes,Bank transfer (automatic),97.39,4058.31,Yes
CUST-01497,Male,0,Yes,No,12,Yes,No,No,No internet service,No internet service,No internet service,No internet service,No internet service,No internet service,Month-to-month,Yes,Bank transfer (automatic),30.27,351.41,No
CUST-01498,Male,0,No,No,41,Yes,Yes,No,No internet service,No internet service,No internet service,No internet service,No internet service,No internet service,Two year,No,Electronic check,37.7,1401.2,No
CUST-01499,Female,1,No,No,28,Yes,No,DSL,No,No,No,No,No,No,Month-to-month,No,Electronic check,60.18,1563.95,Yes
CUST-01500,Male,0,No,No,14,Yes,Yes,Fiber optic,No,No,No,No,Yes,No,One year,No,Electronic check,90.93,1151.39,No
CUST-01501,Male,0,Yes,No,40,Yes,Yes,Fiber optic,No,Yes,No,No,Yes,Yes,Two year,No,Bank transfer (automatic),106.52,4084.86,No
CUST-01502,Female,0,Yes,Yes,72,Yes,Yes,DSL,No,No,No,Yes,Yes,No,Month-to-month,Yes,Mailed check,79.04,5284.9,No
CUST-01503,Female,0,Yes,Yes,18,Yes,Yes,DSL,No,Yes,No,No,No,Yes,Month-to-month,No,Electronic check,80.13,1354.51,Yes
CUST-01504,Female,0,No,No,35,Yes,No,DSL,No,No,No,Yes,No,Yes,One year,Yes,Mailed check,68.72,2173.86,No
CUST-01505,Male,0,No,No,11,Yes,No,Fiber optic,Yes,Yes,No,No,Yes,Yes,One year,Yes,Mailed check,104.42,1115.71,Yes
CUST-01506,Female,0,No,No,15,Yes,No,DSL,No,Yes,Yes,No,No,Yes,Month-to-month,No,Credit card (automatic),73.31,1023.88,Yes
CUST-01507,Male,0,No,No,27,Yes,No,DSL,No,Yes,Yes,No,Yes,Yes,Month-to-month,Yes,Credit card (automatic),91.77,2337.97,No
CUST-01508,Female,0,Yes,Yes,13,No,No phone service,No,No internet service,No internet service,No internet service,No internet service,No internet service,No internet service,Month-to-month,No,Credit card (automatic),18.0,215.37,No
CUST-01509,Male,0,Yes,No,13,Yes,No,Fiber optic,No,Yes,Yes,No,No,No,One year,No,Credit card (automatic),90.65,1036.21,No
CUST-01510,Male,0,No,No,10,Yes,No,Fiber optic,No,No,No,No,No,No,Two year,No,Credit card (automatic),82.46,747.94,No
CUST-01511,Female,0,No,No,62,No,No phone service,Fiber optic,No,No,Yes,No,No,Yes,Month-to-month,No,Electronic check,85.82,4955.73,No
CUST-01512,Female,0,No,No,47,Yes,No,DSL,No,No,No,No,No,No,Month-to-month,Yes,Credit card (automatic),63.84,2801.14,Yes
CUST-01513,Male,1,Yes,Yes,26,Yes,No,No,No internet service,No internet service,No internet service,No internet service,No internet service,No internet service,One year,Yes,Bank transfer (automatic),29.17,752.55,No
CUST-01514,Female,0,Yes,No,50,Yes,No,Fiber optic,No,Yes,Yes,Yes,No,No,Month-to-month,Yes,Mailed check,100.31,4984.47,No
CUST-01515,Female,0,No,No,52,Yes,No,DSL,Yes,No,No,No,Yes,No,Two year,No,Bank transfer (automatic),62.84,3148.79,No
CUST-01516,Male,0,Yes,No,23,Yes,Yes,DSL,No,No,Yes,No,No,Yes,Month-to-month,Yes,Bank transfer (automatic),73.65,1709.17,Yes
CUST-01517,Female,0,Yes,No,11,Yes,No,Fiber optic,No,Yes,Yes,Yes,No,Yes,Two year,No,Bank transfer (automatic),97.53,989.99,No
CUST-01518,Female,0,No,No,35,Yes,Yes,DSL,No,Yes,No,Yes,No,Yes,Month-to-month,Yes,Bank transfer (automatic),79.6,2685.0,No
CUST-01519,Female,0,No,No,62,Yes,No,DSL,Yes,No,Yes,No,Yes,Yes,Month-to-month,Yes,Bank transfer (automatic),84.49,4987.53,No
CUST-01520,Female,0,No,No,44,Yes,No,No,No internet service,No internet service,No internet service,No internet service,No internet service,No internet service,Month-to-month,No,Bank transfer (automatic),37.94,1593.98,Yes
CUST-01521,Male,0,No,Yes,70,Yes,No,DSL,No,Yes,No,Yes,Yes,No,Month-to-month,Yes,Bank transfer (automatic),81.14,5153.03,No
CUST-01522,Male,0,No,No,52,Yes,No,DSL,Yes,No,No,No,Yes,Yes,One year,No,Bank transfer (automatic),73.23,3589.94,No
CUST-01523,Female,0,Yes,No,72,Yes,Yes,Fiber optic,No,No,Yes,Yes,No,No,One year,No,Electronic check,89.49,5961.72,No
CUST-01524,Female,1,Yes,Yes,37,Yes,Yes,Fiber optic,No,No,Yes,No,Yes,No,Month-to-month,No,Bank transfer (automatic),98.19,3276.27,Yes
CUST-01525,Male,0,No,No,21,Yes,No,Fiber optic,No,Yes,No,Yes,Yes,Yes,Month-to-month,No,Credit card (automatic),102.0,2051.8,Yes
CUST-01526,Female,0,Yes,No,47,Yes,Yes,Fiber optic,No,No,No,No,Yes,No,Month-to-month,Yes,Electronic check,82.36,3405.44,Yes
CUST-01527,Female,0,No,No,64,Yes,Yes,DSL,No,No,No,Yes,Yes,Yes,Two year,Yes,Mailed check,79.87,5027.3,No
CUST-01528,Female,0,No,No,32,Yes,No,DSL,Yes,No,No,Yes,Yes,Yes,Two year,No,Mailed check,76.36,2302.18,No
CUST-01529,Female,0,Yes,Yes,53,Yes,No,DSL,No,No,No,No,Yes,No,Month-to-month,Yes,Mailed check,54.87,2617.39,Yes
CUST-01530,Male,0,No,No,19,Yes,Yes,DSL,Yes,No,No,Yes,Yes,Yes,Month-to-month,Yes,Bank transfer (automatic),87.7,1547.35,No
CUST-01531,Female,0,No,No,52,Yes,Yes,Fiber optic,No,No,No,No,No,No,One year,No,Electronic check,82.08,4007.64,Yes
CUST-01532,Female,0,Yes,Yes,72,No,No phone service,Fiber optic,No,No,Yes,Yes,Yes,No,Month-to-month,Yes,Credit card (automatic),77.68,5467.5,Yes
CUST-01533,Male,0,Yes,No,19,Yes,No,Fiber optic,Yes,No,Yes,Yes,No,Yes,One year,Yes,Mailed check,101.33,1901.0,No
CUST-01534,Female,0,No,Yes,33,Yes,No,DSL,No,No,Yes,No,No,Yes,Month-to-month,No,Bank transfer (automatic),61.23,1886.22,Yes
CUST-01535,Male,0,Yes,Yes,42,No,No phone service,Fiber optic,No,No,No,No,Yes,Yes,Two year,Yes,Electronic check,69.96,2753.67,No
CUST-01536,Female,0,Yes,Yes,25,Yes,Yes,Fiber optic,No,No,Yes,Yes,No,Yes,Month-to-month,Yes,Credit card (automatic),102.56,2579.69,Yes
CUST-01537,Female,0,No,No,20,Yes,Yes,Fiber optic,No,No,Yes,Yes,No,Yes,Month-to-month,No,Mailed check,103.95,1838.17,No
CUST-01538,Female,1,No,No,29,Yes,No,Fiber optic,Yes,Yes,Yes,No,No,No,One year,Yes,Mailed check,101.57,2618.43,Yes
CUST-01539,Male,0,No,No,58,Yes,Yes,Fiber optic,No,No,No,No,Yes,Yes,Month-to-month,No,Electronic check,96.93,5568.37,No
CUST-01540,Male,0,No,No,7,Yes,Yes,DSL,No,No,No,No,No,Yes,Two year,Yes,Credit card (automatic),73.09,477.04,No
CUST-01541,Female,0,No,No,13,Yes,No,DSL,Yes,No,Yes,No,Yes,No,Month-to-month,Yes,Credit card (automatic),75.91,951.0,No
CUST-01542,Female,0,Yes,No,25,Yes,No,Fiber optic,No,No,Yes,Yes,No,Yes,One year,No,Bank transfer (automatic),99.43,,No
CUST-01543,Female,1,Yes,Yes,54,Yes,Yes,Fiber optic,No,No,No,No,Yes,No,Two year,Yes,Bank transfer (automatic),85.32,4022.78,No
CUST-01544,Male,0,No,No,29,Yes,No,DSL,No,Yes,No,Yes,Yes,No,Two year,Yes,Bank transfer (automatic),72.31,2066.46,No
CUST-01545,Female,0,Yes,No,16,No,No phone service,Fiber optic,No,No,Yes,Yes,No,Yes,Two year,Yes,Mailed check,80.01,1237.0,No
CUST-01546,Male,0,No,No,72,Yes,No,Fiber optic,No,No,Yes,No,Yes,No,Two year,No,Bank transfer (automatic),89.94,5752.34,Yes
CUST-01547,Male,1,No,No,33,Yes,No,DSL,No,Yes,No,No,Yes,No,One year,No,Electronic check,64.38,1958.15,No
CUST-01548,Male,0,Yes,No,20,No,No phone service,Fiber optic,No,Yes,No,No,Yes,Yes,Month-to-month,Yes,Mailed check,73.29,1379.84,Yes
CUST-01549,Female,0,No,No,42,Yes,No,DSL,No,No,Yes,No,Yes,No,Month-to-month,Yes,Credit card (automatic),65.84,2662.54,No
CUST-01550,Female,0,No,No,41,Yes,No,DSL,No,No,No,Yes,Yes,Yes,One year,Yes,Mailed check,72.15,2673.44,No
CUST-01551,Female,0,No,No,33,Yes,No,No,No internet service,No internet service,No internet service,No internet service,No internet service,No internet service,One year,Yes,Credit card (automatic),34.47,1100.21,No
CUST-01552,Male,0,Yes,No,16,Yes,No,Fiber optic,Yes,Yes,No,No,Yes,No,One year,No,Bank transfer (automatic),86.14,1299.86,No
CUST-01553,Male,0,No,No,53,Yes,No,DSL,No,No,Yes,Yes,No,No,Month-to-month,Yes,Electronic check,80.31,3875.45,Yes
CUST-01554,Male,0,Yes,No,72,Yes,Yes,DSL,Yes,No,No,No,Yes,No,Month-to-month,Yes,Mailed check,72.0,4775.8,No
CUST-01555,Female,0,No,Yes,37,Yes,Yes,DSL,No,No,No,No,No,No,One year,No,Mailed check,57.63,2040.84,No
CUST-01556,Female,0,No,No,8,Yes,No,Fiber optic,Yes,No,No,No,No,No,Month-to-month,No,Electronic check,78.36,575.74,Yes
CUST-01557,Male,0,Yes,Yes,72,Yes,Yes,DSL,No,No,No,No,No,Yes,One year,Yes,Bank transfer (automatic),69.8,4664.41,No
CUST-01558,Male,0,Yes,No,42,Yes,No,DSL,Yes,No,Yes,No,No,No,Month-to-month,No,Bank transfer (automatic),65.69,2558.58,No
CUST-01559,Male,0,No,No,12,Yes,Yes,Fiber optic,No,Yes,No,Yes,No,No,Month-to-month,Yes,Bank transfer (automatic),95.09,1007.12,Yes
CUST-01560,Male,0,No,No,51,Yes,Yes,Fiber optic,Yes,No,Yes,No,No,Yes,Month-to-month,No,Bank transfer (automatic),99.63,4681.53,Yes
CUST-01561,Female,1,Yes,No,62,Yes,No,No,No internet service,No internet service,No internet service,No internet service,No internet service,No internet service,Month-to-month,No,Credit card (automatic),33.4,1929.31,No
CUST-01562,Female,0,No,No,29,Yes,Yes,DSL,No,No,Yes,Yes,Yes,Yes,Month-to-month,Yes,Mailed check,86.42,2356.69,Yes
CUST-01563,Female,0,No,No,5,Yes,No,DSL,No,No,No,No,Yes,No,Month-to-month,Yes,Bank transfer (automatic),66.28,319.62,No
CUST-01564,Male,0,Yes,No,35,Yes,Yes,DSL,Yes,No,No,Yes,Yes,No,Month-to-month,Yes,Bank transfer (automatic),88.89,2824.01,Yes
CUST-01565,Male,0,No,No,11,Yes,No,Fiber optic,No,No,Yes,No,Yes,No,Month-to-month,No,Electronic check,88.15,942.97,Yes
CUST-01566,Female,0,Yes,No,43,Yes,Yes,Fiber optic,No,No,No,No,No,Yes,Month-to-month,Yes,Bank transfer (automatic),85.73,3415.24,Yes
CUST-01567,Male,0,Yes,Yes,16,No,No phone service,DSL,No,No,No,Yes,No,No,Month-to-month,Yes,Electronic check,53.59,803.57,No
CUST-01568,Male,0,No,No,39,Yes,Yes,DSL,No,Yes,No,No,Yes,Yes,Month-to-month,No,Electronic check,83.2,2866.38,Yes
CUST-01569,Male,0,Yes,No,21,No,No phone service,DSL,No,No,Yes,Yes,No,No,Month-to-month,Yes,Bank transfer (automatic),54.44,1032.29,No
CUST-01570,Male,0,No,No,36,Yes,No,Fiber optic,No,Yes,No,No,No,Yes,Month-to-month,No,Mailed check,90.78,3177.33,No
CUST-01571,Female,0,No,No,52,Yes,Yes,DSL,No,Yes,No,Yes,Yes,Yes,Month-to-month,No,Bank transfer (automatic),84.47,3981.71,No
CUST-01572,Female,1,No,No,53,Yes,Yes,DSL,No,No,No,No,No,Yes,One year,Yes,Credit card (automatic),76.5,3664.81,Yes
CUST-01573,Male,0,Yes,No,14,Yes,No,Fiber optic,No,No,No,Yes,Yes,Yes,Month-to-month,Yes,Bank transfer (automatic),99.69,1314.77,Yes
CUST-01574,Male,0,Yes,Yes,23,No,No phone service,DSL,Yes,Yes,No,Yes,Yes,Yes,Month-to-month,Yes,Electronic check,72.62,1609.41,Yes
CUST-01575,Female,1,No,No,24,Yes,No,Fiber optic,No,No,Yes,No,No,Yes,Two year,No,Electronic check,88.49,1985.25,No
CUST-01576,Female,0,No,No,34,Yes,No,Fiber optic,No,No,Yes,No,No,Yes,One year,Yes,Bank transfer (automatic),82.04,2431.16,Yes
CUST-01577,Male,0,No,No,65,Yes,No,DSL,No,No,No,No,Yes,No,One year,Yes,Credit card (automatic),67.98,3938.19,No
CUST-01578,Male,0,Yes,Yes,26,Yes,No,Fiber optic,No,No,No,No,No,Yes,Month-to-month,No,Electronic check,84.88,2177.63,No
CUST-01579,Female,0,Yes,No,40,Yes,No,DSL,No,No,No,No,No,No,One year,No,Mailed check,63.37,2438.96,No
CUST-01580,Male,0,Yes,Yes,25,Yes,Yes,DSL,No,Yes,No,No,Yes,Yes,Month-to-month,No,Electronic check,75.07,1657.64,No
CUST-01581,Female,0,No,Yes,16,Yes,No,Fiber optic,No,Yes,No,No,Yes,Yes,Two year,Yes,Electronic check,94.76,1410.16,Yes
CUST-01582,Female,0,Yes,No,7,Yes,Yes,DSL,Yes,No,No,No,Yes,No,One year,Yes,Bank transfer (automatic),74.91,525.89,No
CUST-01583,Male,1,No,No,20,Yes,Yes,Fiber optic,Yes,No,Yes,No,Yes,No,Month-to-month,No,Mailed check,93.05,1748.9,No
CUST-01584,Female,1,Yes,No,10,Yes,No,Fiber optic,Yes,Yes,Yes,No,Yes,Yes,Month-to-month,No,Bank transfer (automatic),99.71,911.95,Yes
CUST-01585,Male,0,Yes,No,10,No,No phone service,Fiber optic,Yes,No,Yes,Yes,Yes,Yes,Month-to-month,Yes,Electronic check,92.68,824.4,Yes
CUST-01586,Female,0,No,No,36,No,No phone service,DSL,No,No,No,Yes,Yes,Yes,One year,Yes,Electronic check,72.16,2402.1,Yes
CUST-01587,Male,0,No,No,39,No,No phone service,Fiber optic,No,Yes,Yes,No,No,Yes,Month-to-month,No,Mailed check,86.28,3256.26,Yes
CUST-01588,Female,1,No,No,55,Yes,No,Fiber optic,No,Yes,Yes,No,Yes,Yes,Two year,No,Bank transfer (automatic),92.78,5167.33,Yes
CUST-01589,Male,0,Yes,No,4,Yes,No,No,No internet service,No internet service,No internet service,No internet service,No internet service,No internet service,One year,No,Electronic check,33.85,133.44,No
CUST-01590,Female,1,No,No,49,Yes,No,No,No internet service,No internet service,No internet service,No internet service,No internet service,No internet service,Month-to-month,Yes,Electronic check,29.78,1394.8,Yes
CUST-01591,Male,0,Yes,No,1,Yes,Yes,No,No internet service,No internet service,No internet service,No internet service,No internet service,No internet service,Two year,Yes,Electronic check,41.92,39.25,Yes
CUST-01592,Female,0,No,No,16,Yes,No,Fiber optic,Yes,Yes,No,No,Yes,Yes,One year,No,Bank transfer (automatic),101.51,1463.61,No
CUST-01593,Female,0,No,Yes,25,No,No phone service,DSL,Yes,No,Yes,No,No,No,Month-to-month,No,Credit card (automatic),52.14,1213.96,No
CUST-01594,Female,0,Yes,Yes,16,Yes,Yes,DSL,No,Yes,Yes,Yes,Yes,No,Two year,Yes,Mailed check,90.73,1274.33,No
CUST-01595,Male,0,No,No,28,Yes,No,Fiber optic,Yes,No,No,No,Yes,Yes,One year,No,Bank transfer (automatic),95.77,2601.38,No
CUST-01596,Female,1,Yes,Yes,33,Yes,No,Fiber optic,No,Yes,No,No,No,No,Month-to-month,Yes,Mailed check,85.62,2674.18,No
CUST-01597,Male,0,Yes,Yes,1,Yes,Yes,Fiber optic,No,No,No,No,No,Yes,Month-to-month,Yes,Credit card (automatic),90.48,84.69,Yes
CUST-01598,Male,0,Yes,Yes,40,No,No phone service,DSL,Yes,No,No,Yes,Yes,Yes,Two year,Yes,Mailed check,66.03,2351.49,No
CUST-01599,Male,0,Yes,No,19,Yes,No,DSL,Yes,Yes,No,No,Yes,Yes,Month-to-month,Yes,Electronic check,81.42,,Yes
CUST-01600,Male,0,No,No,47,Yes,Yes,Fiber optic,No,Yes,Yes,No,Yes,Yes,Month-to-month,Yes,Credit card (automatic),112.94,4942.16,Yes
CUST-01601,Female,0,No,No,49,Yes,Yes,Fiber optic,Yes,No,Yes,No,No,No,Two year,Yes,Credit card (automatic),100.01,4682.06,No
CUST-01602,Male,1,No,No,30,Yes,Yes,DSL,No,Yes,Yes,No,No,No,One year,Yes,Mailed check,81.3,2289.21,No
CUST-01603,Male,1,No,No,53,Yes,Yes,DSL,Yes,No,Yes,Yes,No,No,Month-to-month,No,Electronic check,72.34,3739.76,Yes
CUST-01604,Female,0,No,No,13,Yes,Yes,No,No internet service,No internet service,No internet service,No internet service,No internet service,No internet service,Month-to-month,Yes,Electronic check,40.94,458.0,Yes
CUST-01605,Female,0,Yes,No,17,Yes,No,Fiber optic,No,Yes,No,Yes,Yes,No,One year,Yes,Mailed check,90.77,1463.48,No
CUST-01606,Male,0,Yes,Yes,4,Yes,Yes,No,No internet service,No internet service,No internet service,No internet service,No internet service,No internet service,One year,Yes,Electronic check,39.83,154.59,Yes
CUST-01607,Female,1,Yes,No,41,Yes,Yes,Fiber optic,No,Yes,Yes,No,No,Yes,Month-to-month,No,Mailed check,106.82,4148.2,Yes
CUST-01608,Male,0,No,No,28,Yes,Yes,Fiber optic,Yes,No,No,No,No,No,Two year,Yes,Mailed check,85.65,2252.03,No
CUST-01609,Female,0,No,No,25,No,No phone service,No,No internet service,No internet service,No internet service,No internet service,No internet service,No internet service,Month-to-month,Yes,Electronic check,19.05,470.46,Yes
CUST-01610,Female,1,No,No,23,Yes,Yes,Fiber optic,Yes,No,No,No,No,No,Month-to-month,No,Electronic check,88.02,1819.17,No
CUST-01611,Male,1,Yes,Yes,21,Yes,No,DSL,Yes,Yes,No,Yes,Yes,No,Month-to-month,Yes,Mailed check,85.51,1609.94,Yes
CUST-01612,Female,0,Yes,Yes,10,Yes,Yes,Fiber optic,No,No,No,Yes,Yes,Yes,One year,Yes,Credit card (automatic),102.47,963.18,Yes
CUST-01613,Male,0,No,No,9,Yes,Yes,DSL,No,Yes,Yes,No,Yes,Yes,Month-to-month,Yes,Mailed check,85.58,744.92,No
CUST-01614,Male,0,Yes,No,72,Yes,No,Fiber optic,No,No,No,No,Yes,Yes,Two year,Yes,Bank transfer (automatic),88.89,6082.34,No
CUST-01615,Female,0,No,No,39,Yes,Yes,Fiber optic,No,No,Yes,No,No,Yes,One year,No,Electronic check,97.29,3731.77,No
CUST-01616,Female,0,Yes,No,24,No,No phone service,Fiber optic,No,Yes,No,No,Yes,No,Two year,No,Electronic check,82.78,1982.95,Yes
CUST-01617,Male,0,Yes,No,22,Yes,No,No,No internet service,No internet service,No internet service,No internet service,No internet service,No internet service,Month-to-month,Yes,Credit card (automatic),34.19,694.9,No
CUST-01618,Male,0,No,No,36,Yes,Yes,No,No internet service,No internet service,No internet service,No internet service,No internet service,No internet service,Month-to-month,Yes,Bank transfer (automatic),41.26,1429.55,No
CUST-01619,Female,0,No,Yes,61,No,No phone service,DSL,No,Yes,No,Yes,Yes,No,One year,No,Credit card (automatic),64.85,3814.78,No
CUST-01620,Male,0,No,No,31,Yes,Yes,No,No internet service,No internet service,No internet service,No internet service,No internet service,No internet service,Two year,No,Bank transfer (automatic),38.23,1139.93,No
CUST-01621,Female,0,Yes,No,72,Yes,No,DSL,Yes,No,No,No,Yes,No,Month-to-month,Yes,Electronic check,65.56,4353.83,No
CUST-01622,Female,1,Yes,No,43,Yes,No,Fiber optic,No,No,No,Yes,No,Yes,One year,Yes,Bank transfer (automatic),90.5,3593.76,Yes
CUST-01623,Male,0,No,Yes,19,Yes,Yes,Fiber optic,No,Yes,No,Yes,Yes,Yes,Two year,Yes,Mailed check,111.11,1976.95,No
CUST-01624,Female,1,No,Yes,8,No,No phone service,DSL,No,No,No,Yes,Yes,No,Month-to-month,Yes,Mailed check,54.67,426.71,No
CUST-01625,Male,0,No,No,59,Yes,Yes,DSL,No,Yes,No,No,No,No,Month-to-month,Yes,Credit card (automatic),65.81,3430.72,Yes
CUST-01626,Male,0,No,Yes,12,Yes,No,Fiber optic,No,Yes,No,Yes,No,Yes,Month-to-month,Yes,Bank transfer (automatic),98.55,1134.3,Yes
CUST-01627,Male,1,Yes,Yes,48,Yes,No,Fiber optic,No,Yes,Yes,Yes,No,No,One year,Yes,Mailed check,103.49,4508.52,No
CUST-01628,Male,0,Yes,No,36,No,No phone service,No,No internet service,No internet service,No internet service,No internet service,No internet service,No internet service,Month-to-month,Yes,Mailed check,18.27,632.34,No
CUST-01629,Female,0,No,No,7,Yes,Yes,Fiber optic,No,Yes,No,Yes,No,No,Month-to-month,No,Electronic check,92.38,599.27,Yes
CUST-01630,Female,0,No,No,35,No,No phone service,Fiber optic,Yes,No,No,No,No,Yes,One year,No,Electronic check,79.75,,No
CUST-01631,Male,0,Yes,Yes,40,Yes,No,DSL,Yes,Yes,No,Yes,Yes,Yes,Month-to-month,No,Mailed check,90.68,3548.2,No
CUST-01632,Male,0,Yes,Yes,21,No,No phone service,DSL,No,Yes,Yes,No,Yes,No,Month-to-month,Yes,Credit card (automatic),63.15,1121.55,Yes
CUST-01633,Female,0,No,No,20,Yes,No,Fiber optic,Yes,No,Yes,Yes,Yes,Yes,Month-to-month,No,Bank transfer (automatic),107.6,1962.55,Yes
CUST-01634,Male,0,No,No,22,Yes,No,DSL,No,No,Yes,Yes,Yes,Yes,One year,No,Electronic check,81.83,1692.15,No
CUST-01635,Female,0,No,No,58,Yes,Yes,Fiber optic,Yes,Yes,No,No,No,Yes,Month-to-month,Yes,Credit card (automatic),108.5,5800.53,Yes
CUST-01636,Male,0,Yes,No,19,Yes,Yes,Fiber optic,Yes,No,No,Yes,No,No,One year,Yes,Credit card (automatic),99.3,1662.48,No
CUST-01637,Female,0,No,No,5,Yes,Yes,DSL,Yes,Yes,Yes,Yes,No,No,Two year,Yes,Credit card (automatic),86.75,409.23,Yes
CUST-01638,Male,0,No,No,28,Yes,Yes,No,No internet service,No internet service,No internet service,No internet service,No internet service,No internet service,One year,Yes,Electronic check,40.87,1020.3,No
CUST-01639,Female,0,No,No,4,Yes,Yes,DSL,No,No,No,Yes,No,Yes,Month-to-month,Yes,Mailed check,75.28,296.35,No
CUST-01640,Female,0,Yes,No,34,Yes,No,Fiber optic,Yes,No,No,No,Yes,No,Month-to-month,No,Credit card (automatic),89.1,2795.16,Yes
CUST-01641,Male,0,No,No,11,Yes,No,Fiber optic,No,No,Yes,Yes,No,No,Two year,No,Electronic check,88.99,903.74,Yes
CUST-01642,Female,0,No,No,23,Yes,No,DSL,No,Yes,No,Yes,Yes,Yes,One year,Yes,Bank transfer (automatic),84.21,1896.11,Yes
CUST-01643,Female,0,No,No,11,Yes,No,Fiber optic,No,Yes,No,Yes,No,Yes,Month-to-month,Yes,Mailed check,94.62,932.28,Yes
CUST-01644,Male,0,No,No,72,Yes,No,Fiber optic,No,No,Yes,Yes,No,No,Month-to-month,No,Credit card (automatic),89.84,5801.24,No
CUST-01645,Female,0,No,No,36,Yes,No,Fiber optic,Yes,No,No,No,No,Yes,Month-to-month,Yes,Bank transfer (automatic),91.02,3069.39,No
CUST-01646,Female,1,Yes,Yes,11,Yes,No,Fiber optic,No,Yes,Yes,No,Yes,No,Month-to-month,Yes,Bank transfer (automatic),99.05,1040.37,No
CUST-01647,Female,1,No,No,31,Yes,No,DSL,No,No,No,Yes,No,Yes,Month-to-month,No,Credit card (automatic),75.7,2143.7,No
CUST-01648,Male,0,No,No,9,Yes,Yes,Fiber optic,No,No,No,Yes,Yes,Yes,One year,No,Credit card (automatic),98.72,776.88,Yes
CUST-01649,Male,0,Yes,No,23,No,No phone service,Fiber optic,No,No,No,No,No,No,Two year,No,Credit card (automatic),66.47,1431.26,No
CUST-01650,Male,0,Yes,No,61,Yes,No,Fiber optic,No,Yes,No,Yes,Yes,No,Month-to-month,No,Electronic check,98.19,5600.75,Yes
CUST-01651,Female,1,No,No,36,Yes,Yes,DSL,No,Yes,No,No,Yes,No,One year,No,Mailed check,76.82,2559.25,No
CUST-01652,Female,0,Yes,No,12,Yes,No,Fiber optic,No,Yes,No,No,Yes,No,Month-to-month,No,Bank transfer (automatic),82.3,928.42,Yes
CUST-01653,Female,0,No,No,7,Yes,Yes,Fiber optic,No,No,No,No,Yes,No,Month-to-month,Yes,Mailed check,90.4,614.98,Yes
CUST-01654,Male,0,Yes,No,40,Yes,Yes,Fiber optic,Yes,No,No,Yes,Yes,Yes,Month-to-month,No,Bank transfer (automatic),107.91,4050.22,No
CUST-01655,Female,0,Yes,Yes,72,Yes,No,Fiber optic,Yes,No,Yes,Yes,Yes,Yes,Two year,No,Mailed check,112.36,7698.56,No
CUST-01656,Female,1,Yes,No,24,Yes,Yes,DSL,Yes,Yes,No,No,Yes,No,Month-to-month,No,Electronic check,87.02,1987.7,Yes
CUST-01657,Male,1,No,Yes,59,Yes,No,Fiber optic,No,No,No,No,Yes,No,Month-to-month,No,Mailed check,87.44,4886.39,Yes
CUST-01658,Male,0,No,No,37,Yes,No,DSL,No,No,No,Yes,Yes,Yes,Two year,Yes,Electronic check,86.35,2957.12,No
CUST-01659,Male,0,Yes,No,40,No,No phone service,DSL,Yes,Yes,No,Yes,Yes,No,One year,Yes,Credit card (automatic),68.52,2595.11,No
CUST-01660,Female,0,Yes,No,9,No,No phone service,DSL,No,No,Yes,No,No,Yes,Month-to-month,No,Electronic check,52.89,465.0,Yes
CUST-01661,Male,0,Yes,Yes,23,Yes,No,DSL,Yes,No,No,No,No,No,Month-to-month,Yes,Credit card (automatic),68.82,1448.43,No
CUST-01662,Male,1,No,No,24,Yes,Yes,Fiber optic,No,No,No,No,Yes,Yes,Month-to-month,Yes,Electronic check,95.44,2038.3,Yes
CUST-01663,Female,0,No,No,3,No,No phone service,Fiber optic,No,No,No,No,Yes,Yes,Month-to-month,Yes,Bank transfer (automatic),76.96,222.18,Yes
CUST-01664,Male,0,No,No,15,Yes,Yes,Fiber optic,No,No,No,Yes,No,Yes,Month-to-month,Yes,Credit card (automatic),91.9,1261.62,Yes
CUST-01665,Male,0,Yes,No,17,Yes,Yes,Fiber optic,Yes,No,Yes,No,No,No,One year,Yes,Credit card (automatic),93.63,1526.2,Yes
CUST-01666,Female,0,No,No,12,Yes,No,Fiber optic,No,No,Yes,Yes,No,Yes,Month-to-month,Yes,Mailed check,88.89,945.16,Yes
CUST-01667,Male,0,Yes,No,22,Yes,Yes,DSL,Yes,Yes,Yes,No,Yes,No,Month-to-month,No,Electronic check,87.1,1753.87,Yes
CUST-01668,Male,0,Yes,No,46,Yes,No,Fiber optic,Yes,No,Yes,No,Yes,Yes,Month-to-month,No,Bank transfer (automatic),98.08,4281.97,Yes
CUST-01669,Male,1,Yes,No,47,Yes,Yes,No,No internet service,No internet service,No internet service,No internet service,No internet service,No internet service,Month-to-month,Yes,Mailed check,49.3,2146.83,Yes
CUST-01670,Male,0,Yes,No,66,Yes,No,Fiber optic,Yes,No,Yes,Yes,No,No,Month-to-month,No,Electronic check,101.09,6365.3,No
CUST-01671,Male,0,Yes,No,52,Yes,Yes,Fiber optic,No,No,Yes,No,No,Yes,One year,Yes,Electronic check,94.0,4722.81,Yes
CUST-01672,Male,0,No,No,32,Yes,No,DSL,No,Yes,No,No,Yes,No,Month-to-month,Yes,Credit card (automatic),66.64,1988.3,Yes
CUST-01673,Female,0,Yes,Yes,67,Yes,Yes,DSL,Yes,Yes,Yes,Yes,Yes,No,One year,No,Mailed check,89.42,5585.04,No
CUST-01674,Male,0,No,No,18,Yes,Yes,DSL,No,Yes,No,No,Yes,No,Month-to-month,No,Mailed check,72.41,1209.51,No
CUST-01675,Male,0,No,No,26,Yes,Yes,DSL,No,Yes,No,No,Yes,No,Month-to-month,No,Bank transfer (automatic),71.81,1732.2,No
CUST-01676,Male,0,No,No,72,Yes,No,Fiber optic,Yes,Yes,No,No,Yes,No,Two year,Yes,Bank transfer (automatic),95.2,6640.94,No
CUST-01677,Female,0,Yes,No,17,Yes,No,No,No internet service,No internet service,No internet service,No internet service,No internet service,No internet service,One year,No,Electronic check,30.07,487.92,No
CUST-01678,Female,0,No,No,2,Yes,No,DSL,Yes,No,No,Yes,No,Yes,Month-to-month,No,Bank transfer (automatic),70.83,130.44,Yes
CUST-01679,Male,0,Yes,No,8,Yes,Yes,Fiber optic,No,Yes,No,Yes,Yes,No,Month-to-month,Yes,Mailed check,107.18,847.29,Yes
CUST-01680,Male,1,Yes,Yes,24,Yes,No,DSL,Yes,Yes,Yes,Yes,No,Yes,Two year,Yes,Credit card (automatic),84.04,2005.88,No
CUST-01681,Male,1,No,No,11,Yes,Yes,Fiber optic,Yes,Yes,Yes,No,Yes,Yes,Month-to-month,No,Bank transfer (automatic),109.95,1135.74,No
CUST-01682,Female,0,No,No,7,Yes,No,Fiber optic,No,No,No,Yes,Yes,Yes,One year,No,Electronic check,102.91,648.79,No
CUST-01683,Female,0,No,No,48,Yes,Yes,DSL,Yes,Yes,No,Yes,Yes,No,One year,Yes,Electronic check,95.39,4215.74,No
CUST-01684,Male,0,No,Yes,37,Yes,No,DSL,Yes,No,No,Yes,No,No,Two year,No,Bank transfer (automatic),74.08,2553.42,No
CUST-01685,Female,1,No,No,3,Yes,No,No,No internet service,No internet service,No internet service,No internet service,No internet service,No internet service,Month-to-month,Yes,Electronic check,34.04,96.88,Yes
CUST-01686,Male,0,No,No,55,Yes,Yes,Fiber optic,No,No,No,No,Yes,No,One year,Yes,Electronic check,87.33,4777.13,Yes
CUST-01687,Female,0,No,No,72,Yes,Yes,DSL,No,Yes,No,No,No,Yes,Month-to-month,Yes,Credit card (automatic),80.75,5768.23,Yes
CUST-01688,Female,0,No,No,15,Yes,No,DSL,Yes,Yes,No,No,Yes,Yes,Two year,Yes,Credit card (automatic),78.66,1120.59,Yes
CUST-01689,Male,1,Yes,No,37,Yes,No,Fiber optic,No,Yes,No,No,Yes,Yes,Month-to-month,No,Electronic check,89.05,2775.5,Yes
CUST-01690,Female,0,No,No,10,Yes,No,DSL,No,No,No,Yes,No,No,Month-to-month,No,Electronic check,62.6,560.85,Yes
CUST-01691,Male,0,No,No,30,No,No phone service,No,No internet service,No internet service,No internet service,No internet service,No internet service,No internet service,Month-to-month,Yes,Electronic check,18.0,481.84,Yes
CUST-01692,Male,0,No,No,38,Yes,Yes,DSL,Yes,No,Yes,No,No,No,Month-to-month,No,Electronic check,72.37,2703.69,Yes
CUST-01693,Male,0,Yes,No,24,Yes,No,DSL,No,No,No,No,Yes,No,Month-to-month,Yes,Electronic check,70.8,1530.95,Yes
CUST-01694,Female,1,Yes,Yes,13,Yes,Yes,DSL,No,No,Yes,No,Yes,Yes,One year,Yes,Electronic check,88.08,1002.41,No
CUST-01695,Female,0,No,No,17,Yes,No,DSL,Yes,No,Yes,No,Yes,No,One year,No,Electronic check,72.36,1232.77,No
CUST-01696,Male,0,Yes,No,4,Yes,Yes,Fiber optic,No,Yes,No,No,Yes,Yes,Month-to-month,Yes,Electronic check,98.51,363.83,Yes
CUST-01697,Female,0,Yes,Yes,27,Yes,Yes,Fiber optic,Yes,Yes,Yes,No,No,No,Month-to-month,No,Mailed check,97.62,2489.76,Yes
CUST-01698,Female,0,No,Yes,72,Yes,No,DSL,No,No,No,No,Yes,No,Month-to-month,No,Electronic check,72.4,4954.59,No
CUST-01699,Female,0,No,No,8,Yes,Yes,Fiber optic,No,Yes,No,Yes,No,No,Month-to-month,No,Electronic check,102.99,793.77,Yes
CUST-01700,Male,0,No,No,66,Yes,No,DSL,Yes,Yes,No,No,Yes,No,Month-to-month,No,Electronic check,72.57,4226.38,No
CUST-01701,Female,1,No,No,21,Yes,No,Fiber optic,No,Yes,Yes,No,No,No,One year,Yes,Credit card (automatic),94.95,1780.58,No
CUST-01702,Female,0,Yes,Yes,4,Yes,No,Fiber optic,No,No,Yes,Yes,No,Yes,One year,No,Electronic check,96.67,382.88,Yes
CUST-01703,Male,0,Yes,Yes,48,Yes,No,DSL,No,No,No,No,Yes,No,Month-to-month,Yes,Electronic check,66.4,2875.32,Yes
CUST-01704,Female,0,No,No,27,Yes,No,Fiber optic,No,No,Yes,No,Yes,Yes,One year,No,Electronic check,98.33,2479.61,No
CUST-01705,Male,0,Yes,Yes,9,Yes,No,Fiber optic,Yes,No,Yes,Yes,No,No,One year,Yes,Credit card (automatic),94.54,851.76,No
CUST-01706,Male,0,No,No,14,Yes,Yes,Fiber optic,No,Yes,Yes,No,Yes,Yes,Month-to-month,Yes,Mailed check,105.65,1474.15,Yes
CUST-01707,Male,0,No,No,16,Yes,Yes,DSL,No,No,Yes,Yes,Yes,No,Month-to-month,Yes,Mailed check,88.95,1363.33,Yes
CUST-01708,Male,0,No,No,23,Yes,Yes,Fiber optic,No,No,No,Yes,No,No,Month-to-month,No,Electronic check,90.56,1914.1,Yes
CUST-01709,Female,0,No,Yes,29,Yes,Yes,DSL,No,Yes,Yes,Yes,Yes,No,One year,Yes,Mailed check,88.82,2451.39,No
CUST-01710,Female,0,No,No,30,Yes,Yes,No,No internet service,No internet service,No internet service,No internet service,No internet service,No internet service,Month-to-month,No,Electronic check,47.48,1286.09,No
CUST-01711,Female,0,No,No,45,Yes,Yes,DSL,No,No,No,No,No,Yes,One year,No,Credit card (automatic),72.92,3162.26,No
CUST-01712,Female,0,Yes,No,27,Yes,Yes,Fiber optic,Yes,No,Yes,No,Yes,Yes,One year,No,Mailed check,107.46,2794.6,Yes
CUST-01713,Male,0,No,Yes,34,No,No phone service,Fiber optic,No,No,Yes,No,No,No,One year,Yes,Mailed check,67.79,2064.93,Yes
CUST-01714,Male,1,Yes,No,27,Yes,Yes,DSL,No,Yes,Yes,No,Yes,Yes,Month-to-month,No,Bank transfer (automatic),83.84,2361.85,Yes
CUST-01715,Male,0,No,No,1,Yes,Yes,Fiber optic,No,Yes,No,No,Yes,Yes,Month-to-month,Yes,Electronic check,102.81,99.07,Yes
CUST-01716,Male,0,Yes,Yes,8,Yes,No,DSL,Yes,No,Yes,No,No,Yes,Month-to-month,Yes,Bank transfer (automatic),72.77,533.62,Yes
CUST-01717,Male,0,No,No,10,Yes,No,DSL,No,No,No,No,No,No,Month-to-month,Yes,Credit card (automatic),57.76,573.87,Yes
CUST-01718,Female,0,No,No,26,Yes,No,DSL,Yes,Yes,No,No,Yes,Yes,Month-to-month,No,Bank transfer (automatic),72.97,1786.53,Yes
CUST-01719,Female,0,Yes,No,28,Yes,No,DSL,No,No,No,No,No,Yes,One year,No,Mailed check,66.56,1745.45,No
CUST-01720,Male,0,No,No,21,Yes,Yes,DSL,No,No,No,Yes,No,No,One year,Yes,Mailed check,66.98,1291.58,No
CUST-01721,Female,0,Yes,Yes,38,Yes,No,Fiber optic,No,Yes,Yes,Yes,Yes,Yes,Two year,No,Bank transfer (automatic),115.42,4263.84,No
CUST-01722,Male,0,Yes,No,42,Yes,Yes,Fiber optic,No,Yes,Yes,Yes,Yes,No,One year,Yes,Bank transfer (automatic),103.53,4316.29,Yes
CUST-01723,Male,0,Yes,No,23,Yes,No,DSL,Yes,No,No,No,No,Yes,Month-to-month,Yes,Electronic check,68.53,1472.43,Yes
CUST-01724,Male,0,Yes,Yes,45,Yes,No,DSL,No,Yes,Yes,No,No,Yes,One year,Yes,Electronic check,75.35,3205.68,No
CUST-01725,Male,0,No,No,20,Yes,No,Fiber optic,No,No,No,No,No,Yes,Month-to-month,Yes,Bank transfer (automatic),82.87,1514.08,Yes
CUST-01726,Male,0,No,No,32,Yes,Yes,Fiber optic,Yes,Yes,No,No,Yes,No,Two year,No,Electronic check,93.57,2782.14,No
CUST-01727,Male,0,No,No,2,Yes,Yes,DSL,No,No,Yes,No,No,Yes,Month-to-month,No,Mailed check,76.42,147.29,Yes
CUST-01728,Male,0,No,No,23,Yes,No,Fiber optic,No,No,Yes,No,Yes,Yes,Month-to-month,Yes,Electronic check,97.82,2192.87,Yes
CUST-01729,Female,0,No,No,47,Yes,No,Fiber optic,No,Yes,No,Yes,No,No,Two year,Yes,Mailed check,88.74,3899.06,No
CUST-01730,Female,0,No,No,26,Yes,Yes,Fiber optic,No,Yes,No,No,No,No,Month-to-month,No,Bank transfer (automatic),89.55,2173.04,No
CUST-01731,Male,0,No,Yes,10,Yes,Yes,Fiber optic,Yes,Yes,Yes,Yes,No,Yes,Month-to-month,Yes,Mailed check,111.15,1043.49,Yes
CUST-01732,Male,1,Yes,No,31,Yes,Yes,Fiber optic,Yes,No,Yes,No,Yes,No,One year,No,Electronic check,97.95,2790.53,No
CUST-01733,Male,0,No,No,21,No,No phone service,Fiber optic,Yes,Yes,No,No,No,No,Month-to-month,Yes,Electronic check,72.35,1471.26,Yes
CUST-01734,Male,0,No,No,33,Yes,No,Fiber optic,Yes,No,No,Yes,No,Yes,Two year,Yes,Electronic check,102.48,3214.3,No
CUST-01735,Male,1,Yes,No,13,Yes,Yes,DSL,No,No,No,Yes,Yes,No,Month-to-month,Yes,Electronic check,78.23,973.57,Yes
CUST-01736,Male,0,Yes,No,22,Yes,No,No,No internet service,No internet service,No internet service,No internet service,No internet service,No internet service,Month-to-month,Yes,Bank transfer (automatic),36.9,733.45,Yes
CUST-01737,Male,0,Yes,No,9,No,No phone service,Fiber optic,Yes,Yes,Yes,No,No,No,Two year,No,Electronic check,78.3,686.8,No
CUST-01738,Female,0,Yes,No,16,Yes,Yes,Fiber optic,No,Yes,Yes,Yes,Yes,Yes,Month-to-month,No,Mailed check,116.93,1713.97,Yes
CUST-01739,Female,0,No,Yes,29,Yes,Yes,Fiber optic,No,No,No,No,No,Yes,Two year,Yes,Mailed check,95.89,2576.44,No
CUST-01740,Female,0,Yes,No,4,Yes,No,No,No internet service,No internet service,No internet service,No internet service,No internet service,No internet service,One year,Yes,Bank transfer (automatic),31.47,114.48,No
CUST-01741,Female,0,No,No,23,Yes,No,Fiber optic,No,No,No,No,Yes,No,One year,No,Mailed check,96.23,2034.5,Yes
CUST-01742,Male,0,No,No,8,Yes,No,No,No internet service,No internet service,No internet service,No internet service,No internet service,No internet service,Month-to-month,No,Electronic check,28.97,216.67,Yes
CUST-01743,Female,0,Yes,No,20,Yes,No,DSL,No,Yes,Yes,No,Yes,Yes,Two year,Yes,Electronic check,75.92,1413.45,Yes
CUST-01744,Female,0,No,No,6,Yes,No,DSL,Yes,No,Yes,No,No,Yes,Month-to-month,Yes,Electronic check,72.01,397.51,Yes
CUST-01745,Female,0,No,No,72,Yes,Yes,Fiber optic,No,No,No,Yes,No,No,One year,Yes,Mailed check,88.56,6309.44,Yes
CUST-01746,Male,0,No,No,47,Yes,Yes,DSL,No,Yes,No,Yes,Yes,No,Month-to-month,No,Mailed check,84.98,3870.25,No
CUST-01747,Male,0,No,No,21,Yes,Yes,Fiber optic,No,No,No,No,Yes,Yes,Month-to-month,No,Bank transfer (automatic),93.05,1878.3,Yes
CUST-01748,Female,0,No,No,65,Yes,No,DSL,Yes,Yes,Yes,No,Yes,No,Two year,Yes,Bank transfer (automatic),72.28,4609.48,No
CUST-01749,Male,1,Yes,No,13,No,No phone service,DSL,No,Yes,No,No,No,Yes,Month-to-month,Yes,Bank transfer (automatic),52.6,633.3,Yes
CUST-01750,Male,0,Yes,No,56,Yes,No,DSL,Yes,No,Yes,No,Yes,Yes,One year,No,Mailed check,79.67,4233.31,No
CUST-01751,Male,0,Yes,Yes,34,Yes,Yes,DSL,No,No,Yes,No,No,No,Month-to-month,No,Mailed check,72.36,2313.4,Yes
CUST-01752,Male,0,Yes,No,14,Yes,No,No,No internet service,No internet service,No internet service,No internet service,No internet service,No internet service,One year,Yes,Credit card (automatic),21.82,266.82,No
CUST-01753,Male,0,No,No,38,Yes,No,DSL,Yes,Yes,No,Yes,No,Yes,Month-to-month,Yes,Bank transfer (automatic),79.6,2921.62,No
CUST-01754,Female,0,Yes,No,48,Yes,No,DSL,No,Yes,Yes,No,Yes,No,One year,Yes,Bank transfer (automatic),75.33,3354.1,Yes
CUST-01755,Male,1,No,No,24,Yes,Yes,Fiber optic,No,Yes,Yes,Yes,No,Yes,One year,No,Bank transfer (automatic),107.29,2430.37,No
CUST-01756,Female,0,Yes,No,44,Yes,Yes,Fiber optic,No,No,No,No,No,No,Month-to-month,Yes,Electronic check,88.3,3563.2,Yes
CUST-01757,Female,0,No,No,41,Yes,Yes,Fiber optic,No,No,No,Yes,Yes,No,Two year,No,Electronic check,91.83,3531.59,No
CUST-01758,Male,1,Yes,No,31,Yes,No,Fiber optic,No,No,No,No,No,No,Two year,Yes,Electronic check,78.42,2498.77,No
CUST-01759,Male,0,No,No,6,Yes,Yes,Fiber optic,No,No,No,Yes,Yes,No,Two year,No,Credit card (automatic),96.41,493.45,No
CUST-01760,Male,1,No,No,30,Yes,No,Fiber optic,No,Yes,Yes,Yes,Yes,No,Two year,No,Mailed check,99.76,2909.62,No
CUST-01761,Female,0,Yes,No,23,Yes,No,Fiber optic,Yes,Yes,Yes,No,Yes,No,Month-to-month,Yes,Bank transfer (automatic),102.87,2392.83,No
CUST-01762,Female,0,No,No,37,Yes,Yes,DSL,Yes,Yes,Yes,No,Yes,No,Two year,No,Electronic check,82.81,2676.17,No
CUST-01763,Female,1,Yes,Yes,10,Yes,Yes,DSL,No,Yes,Yes,No,No,Yes,One year,No,Mailed check,83.68,767.17,No
CUST-01764,Male,0,No,No,45,Yes,Yes,No,No internet service,No internet service,No internet service,No internet service,No internet service,No internet service,Month-to-month,No,Credit card (automatic),37.91,1637.56,Yes
CUST-01765,Male,0,No,No,16,Yes,No,Fiber optic,Yes,No,No,No,Yes,Yes,One year,No,Credit card (automatic),98.99,1466.1,No
CUST-01766,Male,0,Yes,No,10,Yes,Yes,Fiber optic,No,Yes,Yes,No,Yes,Yes,One year,Yes,Electronic check,112.21,1030.49,Yes
CUST-01767,Male,0,Yes,Yes,40,Yes,No,DSL,Yes,Yes,Yes,No,Yes,No,Month-to-month,Yes,Mailed check,84.93,3275.89,Yes
CUST-01768,Female,0,Yes,No,66,No,No phone service,DSL,No,No,Yes,No,No,No,Month-to-month,Yes,Electronic check,43.64,2461.72,No
CUST-01769,Female,0,No,No,27,Yes,Yes,Fiber optic,Yes,No,Yes,Yes,Yes,No,One year,No,Mailed check,104.1,2716.78,No
CUST-01770,Female,0,No,No,63,Yes,No,Fiber optic,No,No,Yes,No,Yes,Yes,Month-to-month,No,Bank transfer (automatic),96.56,5889.25,Yes
CUST-01771,Female,0,Yes,No,14,Yes,Yes,No,No internet service,No internet service,No internet service,No internet service,No internet service,No internet service,Month-to-month,No,Electronic check,37.47,513.5,No
CUST-01772,Female,0,Yes,No,12,Yes,No,No,No internet service,No internet service,No internet service,No internet service,No internet service,No internet service,One year,No,Credit card (automatic),30.2,347.2,No
CUST-01773,Female,0,Yes,No,53,Yes,Yes,No,No internet service,No internet service,No internet service,No internet service,No internet service,No internet service,One year,Yes,Credit card (automatic),42.87,2205.18,No
CUST-01774,Female,0,No,Yes,37,Yes,No,Fiber optic,No,No,No,No,No,No,Month-to-month,No,Electronic check,74.17,2580.67,Yes
CUST-01775,Male,0,Yes,No,7,Yes,No,Fiber optic,No,No,Yes,No,No,Yes,One year,No,Mailed check,82.68,508.36,Yes
CUST-01776,Female,0,Yes,No,71,Yes,Yes,Fiber optic,Yes,No,Yes,No,Yes,No,Month-to-month,No,Mailed check,97.16,6369.28,No
CUST-01777,Female,0,No,No,23,Yes,No,DSL,No,No,No,Yes,No,Yes,One year,Yes,Bank transfer (automatic),71.58,1534.94,Yes
CUST-01778,Female,0,Yes,No,25,Yes,No,Fiber optic,Yes,No,No,No,No,No,Month-to-month,Yes,Bank transfer (automatic),91.04,2119.42,Yes
CUST-01779,Female,0,No,No,72,Yes,Yes,Fiber optic,No,No,Yes,No,Yes,Yes,Month-to-month,Yes,Mailed check,109.82,7231.95,Yes
CUST-01780,Male,0,Yes,Yes,64,Yes,No,No,No internet service,No internet service,No internet service,No internet service,No internet service,No internet service,Month-to-month,Yes,Credit card (automatic),31.85,1880.75,No
CUST-01781,Female,0,Yes,No,61,Yes,Yes,Fiber optic,Yes,No,No,Yes,Yes,No,Two year,No,Credit card (automatic),97.18,5709.27,No
CUST-01782,Female,1,No,Yes,14,Yes,No,Fiber optic,No,No,No,No,Yes,Yes,Month-to-month,Yes,Mailed check,90.12,1197.12,Yes
CUST-01783,Female,1,Yes,Yes,31,Yes,No,DSL,Yes,No,Yes,Yes,Yes,Yes,One year,No,Bank transfer (automatic),87.2,2458.26,Yes
CUST-01784,Male,0,Yes,Yes,35,Yes,Yes,No,No internet service,No internet service,No internet service,No internet service,No internet service,No internet service,Two year,No,Credit card (automatic),31.33,1054.98,No
CUST-01785,Male,1,No,No,11,Yes,No,No,No internet service,No internet service,No internet service,No internet service,No internet service,No internet service,Month-to-month,No,Credit card (automatic),24.72,257.26,Yes
CUST-01786,Female,1,No,No,7,Yes,No,Fiber optic,No,Yes,Yes,No,No,Yes,Month-to-month,Yes,Electronic check,89.69,557.01,Yes
CUST-01787,Female,0,No,No,22,Yes,Yes,DSL,No,Yes,No,No,No,Yes,Two year,Yes,Electronic check,81.5,1693.37,No
CUST-01788,Female,0,Yes,Yes,45,Yes,Yes,No,No internet service,No internet service,No internet service,No internet service,No internet service,No internet service,Month-to-month,No,Bank transfer (automatic),37.85,1633.87,No
CUST-01789,Female,0,Yes,No,1,Yes,Yes,DSL,No,Yes,No,No,No,No,Month-to-month,Yes,Mailed check,68.05,61.89,Yes
CUST-01790,Male,0,Yes,Yes,26,Yes,No,Fiber optic,No,No,Yes,No,Yes,No,Month-to-month,Yes,Electronic check,92.26,2265.88,Yes
CUST-01791,Male,0,No,No,8,Yes,Yes,DSL,No,No,No,No,No,No,Month-to-month,Yes,Electronic check,69.84,505.22,Yes
CUST-01792,Male,0,No,No,48,Yes,Yes,DSL,No,No,Yes,No,No,Yes,Month-to-month,Yes,Credit card (automatic),72.63,3192.9,No
CUST-01793,Female,0,No,Yes,32,Yes,Yes,DSL,No,Yes,Yes,No,Yes,No,Month-to-month,No,Electronic check,82.1,2498.64,Yes
CUST-01794,Female,1,No,No,8,Yes,Yes,DSL,No,Yes,Yes,No,No,No,Month-to-month,No,Credit card (automatic),76.99,609.58,Yes
CUST-01795,Female,0,Yes,No,48,Yes,Yes,Fiber optic,No,No,No,No,Yes,Yes,Month-to-month,No,Bank transfer (automatic),99.91,4590.37,No
CUST-01796,Female,0,No,Yes,32,Yes,Yes,DSL,No,Yes,Yes,No,No,No,Two year,Yes,Bank transfer (automatic),75.96,2216.82,No
CUST-01797,Male,0,Yes,No,21,Yes,Yes,Fiber optic,No,No,Yes,Yes,Yes,Yes,Two year,No,Credit card (automatic),100.43,2023.38,No
CUST-01798,Female,0,Yes,No,72,Yes,Yes,Fiber optic,Yes,No,No,No,Yes,No,One year,Yes,Bank transfer (automatic),95.88,6454.32,No
CUST-01799,Female,1,No,No,22,Yes,No,Fiber optic,No,Yes,Yes,No,Yes,No,Month-to-month,Yes,Mailed check,97.06,2085.14,Yes
CUST-01800,Male,0,No,No,16,Yes,No,DSL,No,No,Yes,Yes,No,No,Two year,Yes,Electronic check,69.41,1053.58,No
CUST-01801,Female,0,Yes,No,39,Yes,No,DSL,No,No,No,Yes,No,No,Month-to-month,No,Electronic check,61.48,2158.32,Yes
CUST-01802,Female,0,Yes,No,72,Yes,Yes,DSL,No,No,Yes,No,Yes,No,Two year,Yes,Bank transfer (automatic),70.07,4742.51,No
CUST-01803,Female,0,No,No,1,Yes,No,DSL,Yes,No,No,No,Yes,Yes,Month-to-month,No,Bank transfer (automatic),80.53,75.59,Yes
CUST-01804,Female,0,Yes,No,55,No,No phone service,DSL,No,No,No,No,Yes,Yes,Month-to-month,Yes,Bank transfer (automatic),58.24,2799.85,Yes
CUST-01805,Female,0,No,No,40,Yes,No,DSL,No,Yes,No,No,No,No,One year,Yes,Bank transfer (automatic),64.65,2460.03,Yes
CUST-01806,Female,0,No,No,65,Yes,No,DSL,No,No,Yes,No,No,No,One year,No,Bank transfer (automatic),59.87,3980.72,No
CUST-01807,Female,0,Yes,No,58,Yes,Yes,Fiber optic,Yes,No,No,Yes,No,No,Two year,Yes,Bank transfer (automatic),99.1,5293.3,No
CUST-01808,Female,0,Yes,Yes,34,Yes,Yes,DSL,Yes,No,No,Yes,No,Yes,Month-to-month,Yes,Mailed check,78.96,2255.14,No
CUST-01809,Female,0,Yes,No,39,Yes,No,DSL,No,No,No,Yes,Yes,Yes,Month-to-month,Yes,Mailed check,67.6,2434.41,Yes
CUST-01810,Male,0,No,No,27,Yes,No,DSL,No,No,Yes,Yes,No,No,Month-to-month,Yes,Electronic check,74.07,2044.34,Yes
CUST-01811,Female,0,Yes,No,67,Yes,No,DSL,Yes,Yes,Yes,No,No,No,One year,No,Bank transfer (automatic),66.29,4009.27,No
CUST-01812,Male,0,No,No,14,Yes,No,Fiber optic,Yes,No,No,Yes,No,No,One year,Yes,Mailed check,88.91,1222.61,No
CUST-01813,Male,0,Yes,No,27,Yes,No,No,No internet service,No internet service,No internet service,No internet service,No internet service,No internet service,Month-to-month,Yes,Credit card (automatic),36.46,899.8,Yes
CUST-01814,Female,1,No,No,45,Yes,No,No,No internet service,No internet service,No internet service,No internet service,No internet service,No internet service,One year,Yes,Mailed check,33.68,1440.77,No
CUST-01815,Male,0,Yes,No,48,No,No phone service,Fiber optic,No,Yes,No,Yes,No,Yes,Month-to-month,Yes,Mailed check,83.64,3764.55,Yes
CUST-01816,Female,0,Yes,No,49,No,No phone service,No,No internet service,No internet service,No internet service,No internet service,No internet service,No internet service,One year,No,Credit card (automatic),22.83,1014.65,No
CUST-01817,Female,0,No,No,37,Yes,No,DSL,No,No,No,Yes,Yes,No,Month-to-month,Yes,Credit card (automatic),65.69,2202.66,Yes
CUST-01818,Female,0,No,No,49,Yes,Yes,Fiber optic,Yes,No,No,No,No,No,Month-to-month,Yes,Credit card (automatic),90.49,4341.0,Yes
CUST-01819,Female,0,Yes,No,39,Yes,No,DSL,No,Yes,No,No,Yes,No,Two year,Yes,Credit card (automatic),69.72,2682.37,Yes
CUST-01820,Female,0,Yes,No,72,Yes,Yes,Fiber optic,No,No,No,No,Yes,No,Two year,Yes,Electronic check,90.03,6170.17,Yes
CUST-01821,Female,0,No,No,13,Yes,No,DSL,No,Yes,Yes,No,Yes,No,One year,Yes,Electronic check,78.49,927.49,No
CUST-01822,Male,0,Yes,No,49,Yes,No,DSL,No,Yes,Yes,No,Yes,Yes,Month-to-month,No,Mailed check,83.86,3848.22,No
CUST-01823,Female,0,Yes,No,24,Yes,Yes,Fiber optic,No,Yes,No,No,No,No,Month-to-month,No,Electronic check,94.99,2125.86,Yes
CUST-01824,Male,0,Yes,No,29,Yes,No,Fiber optic,No,No,No,Yes,Yes,No,Month-to-month,Yes,Credit card (automatic),85.51,2370.3,Yes
CUST-01825,Male,0,Yes,Yes,72,Yes,Yes,Fiber optic,No,No,Yes,Yes,Yes,Yes,Month-to-month,No,Credit card (automatic),108.37,7308.12,No
CUST-01826,Male,0,No,No,72,Yes,Yes,Fiber optic,No,No,No,No,Yes,No,Month-to-month,No,Electronic check,85.62,5679.31,Yes
CUST-01827,Female,0,No,No,67,Yes,Yes,DSL,No,No,Yes,No,Yes,Yes,Month-to-month,Yes,Bank transfer (automatic),83.37,5149.44,No
CUST-01828,Male,0,No,Yes,18,Yes,Yes,DSL,No,No,No,No,No,No,One year,Yes,Bank transfer (automatic),72.3,1216.37,No
CUST-01829,Male,0,No,No,16,Yes,Yes,No,No internet service,No internet service,No internet service,No internet service,No internet service,No internet service,One year,Yes,Electronic check,45.76,726.02,No
CUST-01830,Male,1,Yes,No,8,Yes,No,DSL,Yes,No,Yes,Yes,No,Yes,Month-to-month,Yes,Bank transfer (automatic),75.13,602.59,Yes
CUST-01831,Female,0,No,No,71,Yes,Yes,DSL,No,No,Yes,Yes,Yes,Yes,One year,No,Credit card (automatic),81.96,5568.07,No
CUST-01832,Male,0,Yes,No,11,Yes,No,Fiber optic,No,No,No,No,Yes,No,Month-to-month,Yes,Electronic check,86.41,901.94,Yes
CUST-01833,Male,0,Yes,Yes,21,Yes,Yes,DSL,No,No,No,Yes,No,Yes,Month-to-month,Yes,Mailed check,73.42,1405.83,Yes
CUST-01834,Female,0,No,No,18,Yes,Yes,Fiber optic,No,No,No,No,Yes,Yes,Month-to-month,No,Electronic check,101.63,1701.63,No
CUST-01835,Female,0,Yes,No,16,Yes,Yes,DSL,No,Yes,No,No,No,No,Month-to-month,Yes,Bank transfer (automatic),73.88,1112.59,Yes
CUST-01836,Female,0,Yes,No,4,Yes,Yes,DSL,No,No,No,No,No,Yes,Month-to-month,Yes,Bank transfer (automatic),72.75,283.42,Yes
CUST-01837,Male,0,Yes,No,19,Yes,No,DSL,No,No,Yes,No,No,Yes,Month-to-month,Yes,Mailed check,65.24,1155.63,No
CUST-01838,Female,0,No,Yes,31,Yes,No,Fiber optic,Yes,No,No,Yes,No,Yes,Month-to-month,No,Mailed check,99.04,2812.07,Yes
CUST-01839,Female,0,Yes,Yes,9,Yes,Yes,Fiber optic,No,Yes,Yes,No,Yes,No,One year,No,Credit card (automatic),104.1,876.85,Yes
CUST-01840,Male,0,No,No,14,Yes,Yes,DSL,Yes,No,No,Yes,No,Yes,Month-to-month,Yes,Electronic check,81.22,1108.54,Yes
CUST-01841,Female,1,No,No,65,Yes,Yes,DSL,No,Yes,No,Yes,No,Yes,Month-to-month,No,Credit card (automatic),74.9,4692.67,Yes
CUST-01842,Female,0,No,No,12,Yes,No,DSL,No,Yes,No,Yes,Yes,Yes,Two year,Yes,Mailed check,87.69,1001.19,Yes
CUST-01843,Male,0,Yes,Yes,25,Yes,Yes,No,No internet service,No internet service,No internet service,No internet service,No internet service,No internet service,Month-to-month,Yes,Bank transfer (automatic),33.84,795.97,No
CUST-01844,Male,0,No,No,26,Yes,Yes,DSL,No,No,Yes,Yes,Yes,Yes,Month-to-month,No,Bank transfer (automatic),80.27,1916.3,Yes
CUST-01845,Male,0,Yes,No,14,Yes,No,DSL,No,No,No,No,Yes,No,Month-to-month,Yes,Credit card (automatic),66.66,870.68,No
CUST-01846,Male,0,No,No,53,Yes,No,DSL,No,Yes,Yes,Yes,No,Yes,One year,Yes,Electronic check,85.6,4187.93,No
CUST-01847,Female,0,No,No,63,Yes,Yes,DSL,Yes,No,Yes,No,No,Yes,Month-to-month,No,Electronic check,78.16,4492.68,Yes
CUST-01848,Male,0,Yes,Yes,7,Yes,No,No,No internet service,No internet service,No internet service,No internet service,No internet service,No internet service,Month-to-month,No,Mailed check,28.72,184.31,No
CUST-01849,Male,0,No,No,17,Yes,No,Fiber optic,No,No,No,No,Yes,No,Month-to-month,Yes,Bank transfer (automatic),85.95,1364.94,No
CUST-01850,Female,0,No,No,13,Yes,Yes,DSL,Yes,Yes,No,Yes,Yes,Yes,One year,No,Electronic check,101.0,1255.56,No
CUST-01851,Female,0,Yes,No,21,Yes,No,DSL,Yes,No,No,No,Yes,No,Month-to-month,Yes,Electronic check,77.74,1538.71,Yes
CUST-01852,Female,0,Yes,No,26,Yes,Yes,Fiber optic,Yes,Yes,Yes,Yes,Yes,Yes,Month-to-month,No,Mailed check,122.15,2972.73,No
CUST-01853,Female,0,No,No,5,Yes,Yes,Fiber optic,Yes,Yes,Yes,No,No,No,Month-to-month,Yes,Credit card (automatic),102.86,489.98,Yes
CUST-01854,Female,0,No,No,26,Yes,Yes,Fiber optic,No,Yes,No,No,Yes,No,Month-to-month,Yes,Mailed check,95.01,2225.02,Yes
CUST-01855,Female,0,No,No,72,Yes,No,DSL,No,Yes,No,No,No,No,Two year,Yes,Credit card (automatic),63.34,3964.19,Yes
CUST-01856,Male,1,Yes,No,59,Yes,No,DSL,Yes,No,No,Yes,Yes,Yes,One year,No,Electronic check,79.6,4184.05,No
CUST-01857,Female,0,No,Yes,31,Yes,No,DSL,No,Yes,Yes,No,Yes,Yes,Month-to-month,No,Electronic check,81.79,2432.15,Yes
CUST-01858,Male,0,No,No,6,Yes,Yes,Fiber optic,No,No,No,No,Yes,No,Two year,Yes,Electronic check,88.41,530.77,Yes
CUST-01859,Male,0,No,No,48,Yes,No,DSL,No,Yes,Yes,No,Yes,Yes,One year,Yes,Bank transfer (automatic),79.75,3556.9,No
CUST-01860,Male,0,No,No,19,Yes,No,Fiber optic,No,Yes,No,Yes,No,No,Month-to-month,Yes,Bank transfer (automatic),87.19,1589.18,Yes
CUST-01861,Male,0,Yes,No,56,Yes,Yes,No,No internet service,No internet service,No internet service,No internet service,No internet service,No internet service,Month-to-month,Yes,Bank transfer (automatic),38.2,1899.14,Yes
CUST-01862,Female,1,No,No,50,Yes,No,DSL,No,No,No,No,Yes,Yes,Month-to-month,Yes,Mailed check,69.56,3094.86,Yes
CUST-01863,Male,0,Yes,Yes,21,Yes,No,Fiber optic,Yes,No,Yes,No,No,Yes,Two year,No,Mailed check,96.58,1905.36,Yes
CUST-01864,Female,0,Yes,Yes,25,No,No phone service,DSL,No,No,Yes,No,Yes,No,Month-to-month,No,Electronic check,57.44,1424.56,No
CUST-01865,Male,0,No,No,14,Yes,No,DSL,Yes,Yes,Yes,No,No,No,One year,No,Mailed check,88.7,1169.61,No
CUST-01866,Female,0,Yes,No,6,Yes,No,No,No internet service,No internet service,No internet service,No internet service,No internet service,No internet service,Month-to-month,No,Electronic check,38.57,205.0,Yes
CUST-01867,Female,0,Yes,No,26,Yes,No,DSL,Yes,No,No,Yes,No,Yes,Month-to-month,No,Bank transfer (automatic),80.62,1935.32,Yes
CUST-01868,Male,0,Yes,No,43,Yes,No,No,No internet service,No internet service,No internet service,No internet service,No internet service,No internet service,Month-to-month,Yes,Electronic check,38.93,1497.21,No
CUST-01869,Female,0,No,No,28,No,No phone service,Fiber optic,No,Yes,No,Yes,No,No,Month-to-month,Yes,Credit card (automatic),77.25,2057.63,No
CUST-01870,Male,0,No,No,24,Yes,Yes,Fiber optic,No,Yes,Yes,Yes,No,Yes,Two year,Yes,Mailed check,99.82,2172.8,No
CUST-01871,Female,0,Yes,No,39,Yes,No,Fiber optic,No,No,No,Yes,Yes,No,Two year,No,Credit card (automatic),92.37,3521.0,No
CUST-01872,Female,0,Yes,No,23,Yes,Yes,DSL,Yes,Yes,No,Yes,No,Yes,Month-to-month,No,Bank transfer (automatic),85.57,1783.46,Yes
CUST-01873,Male,0,No,No,31,Yes,Yes,Fiber optic,Yes,Yes,Yes,No,Yes,Yes,Month-to-month,No,Bank transfer (automatic),110.05,3096.44,Yes
CUST-01874,Male,0,Yes,No,20,Yes,No,Fiber optic,No,No,No,No,Yes,No,Two year,Yes,Bank transfer (automatic),77.75,1551.29,Yes
CUST-01875,Female,0,No,No,25,Yes,Yes,DSL,No,Yes,No,No,Yes,Yes,Month-to-month,No,Electronic check,75.21,1673.37,Yes
CUST-01876,Female,0,No,No,9,Yes,No,Fiber optic,No,Yes,No,No,Yes,No,Month-to-month,No,Electronic check,89.12,787.44,Yes
CUST-01877,Female,0,Yes,No,15,Yes,Yes,DSL,No,Yes,Yes,No,No,Yes,Month-to-month,No,Credit card (automatic),82.78,1127.99,Yes
CUST-01878,Male,0,No,Yes,72,Yes,No,Fiber optic,No,No,No,Yes,No,No,Month-to-month,Yes,Electronic check,84.62,5508.36,Yes
CUST-01879,Male,0,Yes,Yes,8,Yes,Yes,Fiber optic,No,Yes,No,No,Yes,Yes,Two year,Yes,Credit card (automatic),99.58,773.52,No
CUST-01880,Female,0,No,No,72,Yes,Yes,DSL,No,No,No,No,No,Yes,Two year,Yes,Electronic check,72.76,4930.58,No
CUST-01881,Female,0,Yes,Yes,30,Yes,No,No,No internet service,No internet service,No internet service,No internet service,No internet service,No internet service,Month-to-month,Yes,Bank transfer (automatic),36.21,980.67,Yes
CUST-01882,Female,0,No,No,6,Yes,No,Fiber optic,No,No,No,No,No,No,Two year,No,Credit card (automatic),81.43,449.47,No
CUST-01883,Female,0,No,No,48,Yes,No,Fiber optic,No,No,Yes,Yes,No,Yes,Month-to-month,No,Bank transfer (automatic),98.13,4163.57,Yes
CUST-01884,Male,0,No,No,8,Yes,No,Fiber optic,Yes,No,Yes,No,Yes,Yes,One year,No,Credit card (automatic),104.48,,No
CUST-01885,Male,1,No,Yes,45,Yes,No,No,No internet service,No internet service,No internet service,No internet service,No internet service,No internet service,Two year,Yes,Mailed check,24.91,1064.82,Yes
CUST-01886,Female,1,Yes,Yes,36,Yes,Yes,Fiber optic,No,Yes,Yes,No,Yes,Yes,Month-to-month,Yes,Credit card (automatic),108.68,3566.43,No
CUST-01887,Male,0,No,No,28,Yes,Yes,DSL,Yes,No,No,No,Yes,Yes,Month-to-month,No,Mailed check,78.93,2184.83,Yes
CUST-01888,Female,0,No,Yes,33,Yes,Yes,DSL,No,No,Yes,Yes,No,Yes,One year,Yes,Electronic check,89.76,2700.95,No
CUST-01889,Female,0,Yes,Yes,34,Yes,Yes,DSL,No,No,No,No,Yes,No,Two year,Yes,Credit card (automatic),75.6,2311.39,No
CUST-01890,Female,1,Yes,No,23,Yes,No,Fiber optic,No,No,No,No,No,Yes,Month-to-month,Yes,Credit card (automatic),85.8,1839.19,Yes
CUST-01891,Female,0,Yes,Yes,72,Yes,Yes,DSL,No,Yes,Yes,Yes,No,No,Two year,No,Bank transfer (automatic),80.61,5338.52,No
CUST-01892,Female,0,Yes,Yes,66,Yes,Yes,No,No internet service,No internet service,No internet service,No internet service,No internet service,No internet service,One year,No,Mailed check,29.27,1784.19,No
CUST-01893,Male,0,No,No,47,Yes,Yes,Fiber optic,No,Yes,Yes,No,Yes,Yes,Month-to-month,No,Credit card (automatic),101.82,4336.25,Yes
CUST-01894,Male,0,Yes,Yes,20,Yes,No,DSL,Yes,No,No,No,No,No,Two year,Yes,Credit card (automatic),62.35,1177.96,Yes
CUST-01895,Female,0,No,No,19,Yes,No,No,No internet service,No internet service,No internet service,No internet service,No internet service,No internet service,Two year,Yes,Mailed check,34.67,612.8,No
CUST-01896,Male,0,No,No,34,Yes,No,Fiber optic,No,No,Yes,Yes,No,No,One year,Yes,Electronic check,88.25,2936.46,No
CUST-01897,Male,0,Yes,No,19,Yes,Yes,DSL,Yes,Yes,No,No,Yes,Yes,Month-to-month,Yes,Bank transfer (automatic),93.63,1800.91,No
CUST-01898,Male,0,No,Yes,23,Yes,Yes,Fiber optic,No,No,Yes,No,No,No,Month-to-month,No,Credit card (automatic),87.85,1851.42,Yes
CUST-01899,Male,1,Yes,No,48,Yes,Yes,Fiber optic,No,No,Yes,No,Yes,No,Month-to-month,Yes,Electronic check,106.42,4771.19,Yes
CUST-01900,Female,0,Yes,No,68,Yes,Yes,Fiber optic,No,Yes,Yes,Yes,No,Yes,Month-to-month,No,Electronic check,101.45,7066.43,Yes
CUST-01901,Male,0,Yes,Yes,34,Yes,No,DSL,No,No,No,No,No,Yes,Month-to-month,No,Bank transfer (automatic),67.71,2025.15,Yes
CUST-01902,Male,0,Yes,Yes,31,Yes,No,Fiber optic,No,Yes,No,Yes,Yes,No,One year,Yes,Credit card (automatic),95.0,2923.82,No
CUST-01903,Male,0,Yes,No,5,Yes,Yes,Fiber optic,Yes,Yes,Yes,No,Yes,No,Month-to-month,Yes,Electronic check,105.58,508.84,Yes
CUST-01904,Female,1,Yes,No,46,Yes,Yes,DSL,Yes,No,Yes,No,No,No,Month-to-month,Yes,Bank transfer (automatic),75.7,3058.48,No
CUST-01905,Female,0,Yes,Yes,50,Yes,Yes,Fiber optic,Yes,No,Yes,No,No,Yes,Two year,Yes,Electronic check,97.89,4502.03,No
CUST-01906,Female,0,Yes,Yes,58,Yes,No,Fiber optic,No,Yes,No,Yes,Yes,No,One year,Yes,Bank transfer (automatic),96.7,5643.98,Yes
CUST-01907,Female,1,No,No,72,Yes,No,Fiber optic,Yes,No,Yes,No,No,Yes,Month-to-month,Yes,Credit card (automatic),92.09,6329.23,Yes
CUST-01908,Female,0,Yes,No,18,No,No phone service,Fiber optic,No,No,No,Yes,Yes,Yes,Month-to-month,Yes,Electronic check,81.48,1346.17,No
CUST-01909,Female,0,No,No,72,Yes,No,DSL,No,No,No,No,No,Yes,Month-to-month,Yes,Bank transfer (automatic),66.27,4310.32,No
CUST-01910,Male,0,No,No,69,Yes,Yes,DSL,No,Yes,No,No,Yes,Yes,Month-to-month,Yes,Mailed check,82.15,4981.9,Yes
CUST-01911,Female,0,No,No,32,Yes,No,No,No internet service,No internet service,No internet service,No internet service,No internet service,No internet service,Two year,No,Mailed check,30.67,931.53,No
CUST-01912,Male,0,No,No,8,Yes,Yes,DSL,Yes,No,No,Yes,Yes,No,Month-to-month,Yes,Credit card (automatic),87.74,687.67,No
CUST-01913,Female,0,No,Yes,64,No,No phone service,No,No internet service,No internet service,No internet service,No internet service,No internet service,No internet service,Month-to-month,Yes,Credit card (automatic),18.0,1105.84,No
CUST-01914,Male,1,No,No,72,Yes,No,DSL,No,No,Yes,No,No,No,One year,Yes,Mailed check,66.61,4493.59,Yes
CUST-01915,Female,0,No,No,10,Yes,Yes,No,No internet service,No internet service,No internet service,No internet service,No internet service,No internet service,Month-to-month,Yes,Credit card (automatic),46.71,444.63,Yes
CUST-01916,Male,0,No,Yes,43,Yes,Yes,Fiber optic,Yes,No,Yes,Yes,Yes,Yes,Two year,Yes,Electronic check,117.45,4698.15,Yes
CUST-01917,Female,0,Yes,Yes,30,Yes,Yes,Fiber optic,No,No,Yes,No,No,No,Month-to-month,Yes,Electronic check,85.52,2461.14,Yes
CUST-01918,Female,0,No,No,29,Yes,Yes,Fiber optic,No,Yes,No,Yes,Yes,Yes,One year,Yes,Mailed check,103.78,2659.5,No
CUST-01919,Female,1,No,Yes,6,Yes,No,DSL,No,No,No,No,Yes,Yes,Two year,Yes,Mailed check,69.53,373.11,No
CUST-01920,Male,0,Yes,Yes,63,Yes,Yes,DSL,No,No,No,No,Yes,No,One year,Yes,Bank transfer (automatic),65.33,3764.37,No
CUST-01921,Female,0,No,No,20,Yes,No,DSL,No,Yes,No,Yes,No,Yes,Month-to-month,No,Electronic check,72.34,1285.01,Yes
CUST-01922,Male,0,No,No,72,No,No phone service,No,No internet service,No internet service,No internet service,No internet service,No internet service,No internet service,Month-to-month,Yes,Mailed check,18.0,1289.67,No
CUST-01923,Male,0,No,No,24,Yes,Yes,Fiber optic,No,No,Yes,No,No,No,Two year,Yes,Electronic check,93.53,2077.29,No
CUST-01924,Female,1,Yes,No,18,Yes,Yes,DSL,No,No,No,No,No,No,Month-to-month,Yes,Mailed check,69.84,1177.61,No
CUST-01925,Female,0,Yes,No,20,Yes,No,DSL,Yes,Yes,Yes,No,Yes,Yes,Month-to-month,Yes,Bank transfer (automatic),83.41,1619.02,Yes
CUST-01926,Female,0,Yes,No,25,Yes,No,Fiber optic,No,Yes,No,Yes,No,Yes,Month-to-month,No,Mailed check,93.93,2149.1,Yes
CUST-01927,Female,0,No,Yes,24,Yes,No,DSL,No,No,Yes,Yes,No,Yes,Two year,Yes,Electronic check,71.13,1511.36,No
CUST-01928,Female,0,No,No,63,Yes,No,DSL,Yes,No,No,Yes,Yes,No,Month-to-month,Yes,Bank transfer (automatic),78.02,4471.51,No
CUST-01929,Female,0,No,No,24,Yes,No,Fiber optic,No,No,No,Yes,No,No,One year,Yes,Mailed check,81.25,1794.21,Yes
CUST-01930,Male,0,Yes,Yes,70,Yes,No,Fiber optic,No,No,No,No,Yes,No,One year,No,Electronic check,80.22,5323.58,No
CUST-01931,Female,0,Yes,No,62,Yes,No,DSL,Yes,Yes,Yes,Yes,No,No,Two year,Yes,Electronic check,84.25,4730.79,Yes
CUST-01932,Female,0,No,No,56,Yes,No,DSL,No,Yes,No,No,No,No,Two year,Yes,Mailed check,69.85,3654.5,No
CUST-01933,Male,0,No,No,49,Yes,No,Fiber optic,No,Yes,Yes,Yes,No,Yes,Month-to-month,No,Credit card (automatic),101.51,4683.26,Yes
CUST-01934,Male,0,No,No,12,Yes,No,DSL,No,No,Yes,No,Yes,No,Month-to-month,No,Mailed check,62.45,697.31,Yes
CUST-01935,Female,0,Yes,No,52,No,No phone service,Fiber optic,Yes,No,Yes,No,No,Yes,Two year,No,Credit card (automatic),85.51,4424.59,No
CUST-01936,Female,0,Yes,No,62,Yes,No,Fiber optic,Yes,No,Yes,No,No,Yes,Month-to-month,No,Bank transfer (automatic),88.26,5211.44,Yes
CUST-01937,Female,0,No,No,72,Yes,Yes,Fiber optic,No,No,No,Yes,No,No,One year,No,Credit card (automatic),84.83,5772.84,No
CUST-01938,Male,0,No,Yes,6,Yes,No,DSL,Yes,Yes,Yes,No,No,No,One year,Yes,Credit card (automatic),73.73,433.42,No
CUST-01939,Male,0,Yes,No,60,Yes,Yes,Fiber optic,No,No,No,Yes,Yes,No,Month-to-month,Yes,Credit card (automatic),97.23,5576.45,Yes
CUST-01940,Female,0,No,Yes,6,Yes,No,DSL,Yes,Yes,No,Yes,No,Yes,Month-to-month,No,Electronic check,78.99,405.59,Yes
CUST-01941,Female,1,No,Yes,45,Yes,Yes,No,No internet service,No internet service,No internet service,No internet service,No internet service,No internet service,Month-to-month,No,Electronic check,44.84,1987.99,Yes
CUST-01942,Female,0,No,Yes,40,Yes,No,No,No internet service,No internet service,No internet service,No internet service,No internet service,No internet service,Month-to-month,Yes,Bank transfer (automatic),34.11,,No
CUST-01943,Male,0,Yes,Yes,14,Yes,No,Fiber optic,No,Yes,Yes,Yes,No,No,Month-to-month,No,Mailed check,95.69,1261.17,No
CUST-01944,Female,1,Yes,No,31,Yes,No,DSL,Yes,No,Yes,Yes,Yes,Yes,Month-to-month,No,Bank transfer (automatic),80.46,2255.41,Yes
CUST-01945,Female,0,No,No,27,No,No phone service,No,No internet service,No internet service,No internet service,No internet service,No internet service,No internet service,Two year,No,Electronic check,24.0,615.4,No
CUST-01946,Female,0,No,No,41,Yes,No,DSL,Yes,No,Yes,Yes,No,Yes,Month-to-month,Yes,Mailed check,80.32,2983.25,No
CUST-01947,Female,0,No,No,30,Yes,Yes,Fiber optic,Yes,Yes,Yes,Yes,No,No,Month-to-month,No,Bank transfer (automatic),102.41,2887.13,Yes
CUST-01948,Male,0,No,No,37,Yes,No,Fiber optic,Yes,Yes,No,Yes,No,No,Month-to-month,No,Bank transfer (automatic),92.58,3320.89,No
CUST-01949,Female,0,Yes,Yes,23,Yes,Yes,Fiber optic,No,No,No,Yes,No,No,One year,Yes,Mailed check,96.7,1995.78,Yes
CUST-01950,Female,0,Yes,Yes,72,Yes,No,No,No internet service,No internet service,No internet service,No internet service,No internet service,No internet service,One year,Yes,Bank transfer (automatic),34.12,2226.0,No
CUST-01951,Male,0,Yes,No,38,Yes,Yes,Fiber optic,No,Yes,No,No,No,No,One year,Yes,Bank transfer (automatic),89.54,3021.43,Yes
CUST-01952,Male,0,No,No,20,Yes,No,Fiber optic,Yes,No,No,No,No,Yes,One year,Yes,Mailed check,87.52,1739.42,Yes
CUST-01953,Female,0,Yes,No,19,Yes,No,DSL,No,No,No,Yes,No,Yes,One year,Yes,Electronic check,72.21,1277.79,No
CUST-01954,Female,1,No,No,50,Yes,No,DSL,Yes,No,No,No,No,No,One year,Yes,Electronic check,58.12,2703.99,No
CUST-01955,Male,0,No,No,72,Yes,Yes,Fiber optic,Yes,No,No,No,No,No,Month-to-month,Yes,Electronic check,91.16,5947.05,No
CUST-01956,Female,0,No,No,66,Yes,No,DSL,No,No,Yes,No,No,No,One year,No,Credit card (automatic),62.29,3766.08,No
CUST-01957,Male,1,No,No,29,Yes,Yes,Fiber optic,Yes,No,Yes,No,Yes,No,Month-to-month,No,Electronic check,95.15,2397.58,Yes
CUST-01958,Male,0,No,No,5,No,No phone service,Fiber optic,No,No,No,Yes,No,No,Month-to-month,Yes,Mailed check,67.92,325.54,No
CUST-01959,Male,0,No,No,14,Yes,Yes,DSL,No,Yes,No,No,No,Yes,One year,No,Electronic check,69.4,880.04,No
CUST-01960,Female,0,No,No,18,Yes,Yes,DSL,No,Yes,Yes,Yes,No,No,Two year,Yes,Bank transfer (automatic),78.82,1331.97,No
CUST-01961,Male,0,Yes,No,5,No,No phone service,Fiber optic,Yes,No,No,Yes,No,No,Month-to-month,Yes,Electronic check,65.09,309.59,Yes
CUST-01962,Male,0,Yes,No,25,No,No phone service,Fiber optic,Yes,No,No,No,No,No,Month-to-month,No,Bank transfer (automatic),66.51,1693.76,Yes
CUST-01963,Female,0,No,No,46,Yes,No,No,No internet service,No internet service,No internet service,No internet service,No internet service,No internet service,One year,No,Bank transfer (automatic),27.51,1128.83,No
CUST-01964,Male,0,No,No,22,Yes,No,No,No internet service,No internet service,No internet service,No internet service,No internet service,No internet service,Two year,Yes,Electronic check,32.66,677.13,No
CUST-01965,Male,0,No,No,54,No,No phone service,DSL,No,No,Yes,No,No,Yes,One year,Yes,Electronic check,54.15,2702.83,No
CUST-01966,Male,0,Yes,No,19,Yes,No,Fiber optic,No,Yes,No,No,No,No,One year,Yes,Credit card (automatic),85.63,1411.86,No
CUST-01967,Female,0,No,No,8,Yes,Yes,Fiber optic,No,No,Yes,No,No,No,Month-to-month,Yes,Electronic check,95.86,788.19,Yes
CUST-01968,Female,0,No,No,16,Yes,Yes,Fiber optic,No,No,No,Yes,No,No,Month-to-month,No,Credit card (automatic),96.0,1387.06,Yes
CUST-01969,Male,0,No,Yes,15,Yes,No,Fiber optic,No,No,No,No,No,Yes,Two year,Yes,Bank transfer (automatic),82.79,1169.24,No
CUST-01970,Female,0,Yes,No,6,Yes,Yes,DSL,No,No,Yes,Yes,No,Yes,Month-to-month,No,Electronic check,81.48,458.56,Yes
CUST-01971,Male,0,No,Yes,12,Yes,No,Fiber optic,No,Yes,No,Yes,No,No,Month-to-month,Yes,Credit card (automatic),85.43,973.61,Yes
CUST-01972,Male,0,No,No,4,Yes,No,Fiber optic,Yes,Yes,Yes,No,Yes,Yes,Month-to-month,Yes,Electronic check,105.66,453.47,Yes
CUST-01973,Male,0,No,No,4,Yes,Yes,DSL,Yes,No,Yes,No,Yes,No,Month-to-month,Yes,Bank transfer (automatic),87.6,332.32,Yes
CUST-01974,Female,1,Yes,Yes,21,Yes,Yes,Fiber optic,Yes,Yes,No,Yes,Yes,No,Month-to-month,Yes,Electronic check,102.84,2010.83,Yes
CUST-01975,Male,0,No,No,18,Yes,No,Fiber optic,No,Yes,Yes,No,No,No,Month-to-month,No,Bank transfer (automatic),98.8,1693.46,Yes
CUST-01976,Female,0,Yes,Yes,72,Yes,No,DSL,No,Yes,No,No,Yes,Yes,One year,No,Bank transfer (automatic),66.54,4510.24,No
CUST-01977,Male,0,Yes,Yes,13,No,No phone service,Fiber optic,Yes,No,No,Yes,No,Yes,Month-to-month,Yes,Electronic check,81.24,1029.39,No
CUST-01978,Female,0,Yes,No,20,No,No phone service,DSL,Yes,No,No,No,Yes,No,Month-to-month,Yes,Credit card (automatic),51.15,999.05,Yes
CUST-01979,Female,0,No,Yes,33,Yes,No,Fiber optic,No,No,No,No,No,No,Two year,Yes,Electronic check,68.58,2127.93,No
CUST-01980,Male,1,No,Yes,56,Yes,Yes,Fiber optic,No,No,No,No,No,No,Month-to-month,Yes,Electronic check,89.18,4796.85,Yes
CUST-01981,Male,1,Yes,No,71,Yes,Yes,DSL,Yes,Yes,No,Yes,No,Yes,Month-to-month,Yes,Bank transfer (automatic),87.34,6135.43,No
CUST-01982,Male,0,Yes,Yes,33,Yes,No,DSL,No,No,Yes,Yes,Yes,Yes,Month-to-month,Yes,Electronic check,82.9,2569.5,No
CUST-01983,Female,0,Yes,Yes,26,Yes,No,Fiber optic,No,Yes,Yes,No,No,No,Month-to-month,Yes,Credit card (automatic),86.54,2190.7,No
CUST-01984,Male,0,Yes,Yes,16,Yes,Yes,No,No internet service,No internet service,No internet service,No internet service,No internet service,No internet service,One year,No,Credit card (automatic),42.51,631.68,No
CUST-01985,Male,0,No,No,30,Yes,No,No,No internet service,No internet service,No internet service,No internet service,No internet service,No internet service,Two year,No,Electronic check,30.97,886.68,No
CUST-01986,Male,0,Yes,No,67,Yes,Yes,DSL,No,Yes,No,No,No,Yes,One year,No,Bank transfer (automatic),80.29,4829.82,No
CUST-01987,Male,0,Yes,Yes,30,Yes,No,Fiber optic,No,No,Yes,No,Yes,Yes,Month-to-month,Yes,Bank transfer (automatic),93.27,2533.76,Yes
CUST-01988,Female,0,No,No,39,Yes,No,Fiber optic,No,No,Yes,No,Yes,Yes,One year,Yes,Electronic check,99.78,3865.1,Yes
CUST-01989,Female,1,Yes,No,52,Yes,Yes,No,No internet service,No internet service,No internet service,No internet service,No internet service,No internet service,Month-to-month,Yes,Credit card (automatic),40.81,2007.43,No
CUST-01990,Male,0,No,No,37,Yes,No,Fiber optic,No,No,No,Yes,No,Yes,Two year,Yes,Electronic check,96.83,3353.23,No
CUST-01991,Male,0,No,No,42,Yes,No,Fiber optic,No,Yes,No,No,No,No,Month-to-month,Yes,Electronic check,86.34,3572.63,Yes
CUST-01992,Female,1,No,No,36,Yes,Yes,Fiber optic,No,No,No,No,Yes,Yes,Month-to-month,No,Credit card (automatic),101.08,3502.93,Yes
CUST-01993,Female,0,No,No,11,Yes,Yes,Fiber optic,No,No,Yes,No,No,Yes,Two year,Yes,Electronic check,97.5,1003.43,Yes
CUST-01994,Male,0,Yes,No,31,No,No phone service,Fiber optic,No,No,No,No,No,No,Month-to-month,Yes,Mailed check,68.04,1950.65,Yes
CUST-01995,Male,0,No,No,33,Yes,No,Fiber optic,No,Yes,No,Yes,Yes,No,Month-to-month,Yes,Mailed check,95.92,3042.42,Yes
CUST-01996,Female,0,No,No,72,No,No phone service,DSL,No,No,Yes,No,Yes,Yes,Two year,Yes,Electronic check,60.89,4214.11,No
CUST-01997,Male,0,Yes,No,16,Yes,Yes,Fiber optic,No,No,No,Yes,No,No,Two year,Yes,Credit card (automatic),96.36,1465.67,No
CUST-01998,Male,0,No,No,32,Yes,Yes,DSL,No,Yes,No,No,Yes,Yes,Month-to-month,No,Mailed check,81.9,2659.37,No
CUST-01999,Female,0,No,No,21,Yes,No,Fiber optic,No,Yes,No,No,Yes,Yes,Month-to-month,No,Bank transfer (automatic),88.48,1696.23,No
CUST-02000,Female,0,No,No,72,Yes,No,Fiber optic,No,No,No,Yes,No,Yes,Two year,Yes,Bank transfer (automatic),91.76,6300.07,No
CUST-02001,Male,0,No,No,61,Yes,No,DSL,No,No,No,No,Yes,No,Month-to-month,No,Credit card (automatic),70.56,4006.2,Yes
CUST-02002,Female,0,Yes,Yes,32,Yes,Yes,DSL,Yes,Yes,No,No,No,Yes,Month-to-month,Yes,Bank transfer (automatic),81.82,2409.88,Yes
CUST-02003,Female,0,No,No,1,Yes,No,DSL,Yes,No,No,Yes,Yes,No,Month-to-month,Yes,Electronic check,75.42,69.88,Yes
CUST-02004,Female,0,No,Yes,63,Yes,Yes,Fiber optic,Yes,No,No,No,Yes,Yes,Month-to-month,No,Bank transfer (automatic),99.23,5944.2,Yes
CUST-02005,Male,0,No,Yes,7,Yes,Yes,DSL,Yes,No,No,No,No,No,Month-to-month,Yes,Bank transfer (automatic),67.89,434.24,Yes
CUST-02006,Female,0,Yes,Yes,4,Yes,No,DSL,No,Yes,Yes,No,No,Yes,Month-to-month,No,Credit card (automatic),71.68,261.78,No
CUST-02007,Female,0,No,No,54,Yes,Yes,No,No internet service,No internet service,No internet service,No internet service,No internet service,No internet service,Month-to-month,No,Credit card (automatic),38.04,1775.22,No
CUST-02008,Female,0,No,No,40,Yes,No,DSL,No,No,No,No,Yes,Yes,Month-to-month,No,Credit card (automatic),63.81,2493.61,No
CUST-02009,Male,0,Yes,No,37,Yes,No,Fiber optic,No,Yes,Yes,No,No,Yes,Month-to-month,Yes,Bank transfer (automatic),86.65,3050.09,Yes
CUST-02010,Male,0,No,No,16,Yes,Yes,DSL,Yes,Yes,No,No,No,Yes,Month-to-month,No,Bank transfer (automatic),81.14,1256.96,Yes
CUST-02011,Female,0,No,No,6,Yes,No,Fiber optic,Yes,No,No,No,Yes,Yes,Month-to-month,Yes,Mailed check,99.09,537.3,Yes
CUST-02012,Female,0,No,Yes,1,Yes,No,Fiber optic,Yes,Yes,No,Yes,No,Yes,Month-to-month,Yes,Credit card (automatic),93.95,89.21,No
CUST-02013,Female,0,No,No,37,Yes,Yes,DSL,No,No,Yes,Yes,Yes,No,Month-to-month,No,Electronic check,91.53,3210.91,Yes
CUST-02014,Male,0,Yes,No,8,Yes,No,Fiber optic,Yes,No,Yes,No,Yes,No,Month-to-month,Yes,Mailed check,99.54,754.17,Yes
CUST-02015,Male,0,No,No,42,Yes,Yes,Fiber optic,Yes,No,No,No,Yes,No,One year,No,Credit card (automatic),97.02,3766.75,No
CUST-02016,Female,0,No,No,10,Yes,No,Fiber optic,Yes,No,No,No,No,No,Month-to-month,No,Credit card (automatic),91.59,832.37,Yes
CUST-02017,Female,0,No,No,32,Yes,Yes,Fiber optic,No,No,No,No,No,No,Month-to-month,No,Credit card (automatic),83.15,2538.26,Yes
CUST-02018,Male,0,Yes,No,11,Yes,No,DSL,No,No,No,Yes,Yes,Yes,Month-to-month,Yes,Electronic check,75.66,776.01,No
CUST-02019,Male,0,Yes,No,50,Yes,No,DSL,Yes,Yes,No,Yes,No,No,Month-to-month,Yes,Bank transfer (automatic),68.35,3186.18,No
CUST-02020,Female,0,No,No,36,No,No phone service,DSL,Yes,No,Yes,Yes,No,No,Two year,Yes,Bank transfer (automatic),61.01,1990.77,No
CUST-02021,Female,1,Yes,No,30,Yes,Yes,No,No internet service,No internet service,No internet service,No internet service,No internet service,No internet service,Two year,No,Electronic check,41.66,1163.84,No
CUST-02022,Male,1,No,No,13,Yes,No,Fiber optic,No,Yes,No,No,Yes,Yes,Month-to-month,No,Electronic check,94.29,1205.38,Yes
CUST-02023,Male,1,No,No,7,Yes,No,DSL,No,No,No,No,No,Yes,Two year,Yes,Electronic check,63.48,430.43,No
CUST-02024,Male,0,No,No,37,Yes,Yes,Fiber optic,Yes,No,No,No,Yes,No,Month-to-month,No,Mailed check,90.76,3174.77,Yes
CUST-02025,Female,0,Yes,Yes,17,Yes,No,DSL,Yes,No,No,Yes,Yes,No,One year,Yes,Bank transfer (automatic),82.34,1335.82,No
CUST-02026,Female,0,No,No,29,Yes,Yes,DSL,No,No,No,No,Yes,Yes,Month-to-month,Yes,Bank transfer (automatic),67.85,1745.82,Yes
CUST-02027,Male,0,Yes,No,27,Yes,No,No,No internet service,No internet service,No internet service,No internet service,No internet service,No internet service,Month-to-month,Yes,Electronic check,40.69,1106.73,Yes
CUST-02028,Male,0,No,No,26,Yes,No,DSL,No,Yes,No,Yes,Yes,Yes,Two year,No,Mailed check,77.45,2043.7,No
CUST-02029,Male,0,No,No,61,Yes,No,Fiber optic,No,No,No,No,No,Yes,Two year,No,Mailed check,76.92,4236.44,No
CUST-02030,Female,0,No,No,26,Yes,No,DSL,No,Yes,Yes,No,No,Yes,Month-to-month,Yes,Mailed check,74.52,1800.66,Yes
CUST-02031,Male,0,Yes,No,11,Yes,Yes,Fiber optic,Yes,Yes,No,No,Yes,No,Month-to-month,Yes,Credit card (automatic),100.64,1053.8,Yes
CUST-02032,Female,1,Yes,Yes,44,No,No phone service,DSL,No,Yes,No,Yes,Yes,No,Month-to-month,No,Credit card (automatic),60.98,2564.0,No
CUST-02033,Female,0,No,Yes,43,No,No phone service,Fiber optic,No,No,No,No,No,No,Month-to-month,Yes,Electronic check,61.01,2412.61,Yes
CUST-02034,Male,0,No,No,15,Yes,No,DSL,Yes,No,No,No,No,No,One year,Yes,Electronic check,71.53,1014.77,Yes
CUST-02035,Male,0,No,No,13,Yes,Yes,DSL,Yes,Yes,No,Yes,No,Yes,Two year,No,Credit card (automatic),89.94,1119.1,No
CUST-02036,Male,0,No,Yes,36,Yes,Yes,Fiber optic,No,Yes,No,No,Yes,Yes,Two year,Yes,Bank transfer (automatic),101.84,3308.87,No
CUST-02037,Male,1,No,No,9,Yes,Yes,Fiber optic,No,No,Yes,Yes,Yes,No,Month-to-month,Yes,Bank transfer (automatic),100.16,837.39,Yes
CUST-02038,Female,0,Yes,Yes,36,Yes,Yes,Fiber optic,No,Yes,Yes,Yes,No,No,Month-to-month,No,Mailed check,113.01,3953.81,No
CUST-02039,Male,1,No,Yes,72,Yes,No,Fiber optic,No,Yes,No,No,Yes,Yes,One year,No,Electronic check,94.15,6652.37,No
CUST-02040,Female,0,No,No,44,Yes,No,Fiber optic,No,No,No,No,No,No,One year,Yes,Mailed check,78.53,3328.88,Yes
CUST-02041,Female,0,No,No,72,Yes,Yes,DSL,Yes,Yes,Yes,No,No,No,Month-to-month,No,Electronic check,79.7,5530.74,Yes
CUST-02042,Male,0,Yes,No,29,Yes,Yes,DSL,No,Yes,No,No,No,No,One year,Yes,Electronic check,75.83,2050.49,No
CUST-02043,Male,0,No,No,29,Yes,Yes,DSL,Yes,Yes,No,No,Yes,No,Two year,Yes,Bank transfer (automatic),81.87,2212.1,Yes
CUST-02044,Male,0,Yes,Yes,31,Yes,No,Fiber optic,No,No,No,No,Yes,Yes,Month-to-month,Yes,Mailed check,85.94,2519.55,Yes
CUST-02045,Female,0,No,No,39,Yes,No,DSL,No,No,No,No,No,Yes,Month-to-month,No,Mailed check,66.77,2373.1,No
CUST-02046,Male,1,No,No,37,Yes,Yes,No,No internet service,No internet service,No internet service,No internet service,No internet service,No internet service,Month-to-month,Yes,Bank transfer (automatic),41.97,1447.51,Yes
CUST-02047,Female,0,No,No,13,Yes,Yes,Fiber optic,Yes,No,Yes,No,No,No,Month-to-month,Yes,Bank transfer (automatic),93.12,,No
CUST-02048,Male,1,Yes,No,27,Yes,No,Fiber optic,No,Yes,Yes,No,No,No,Month-to-month,Yes,Bank transfer (automatic),92.53,2478.8,Yes
CUST-02049,Male,0,Yes,No,60,No,No phone service,DSL,Yes,Yes,Yes,No,Yes,No,Two year,Yes,Mailed check,75.68,4582.99,No
CUST-02050,Male,1,Yes,Yes,11,Yes,No,Fiber optic,Yes,No,No,No,Yes,Yes,One year,Yes,Bank transfer (automatic),102.52,1136.24,No
CUST-02051,Female,0,Yes,No,31,Yes,Yes,Fiber optic,No,No,Yes,Yes,No,Yes,Two year,Yes,Credit card (automatic),106.82,2979.5,No
CUST-02052,Female,0,Yes,Yes,38,No,No phone service,DSL,No,No,No,No,No,Yes,Two year,No,Credit card (automatic),50.22,1888.65,No
CUST-02053,Female,0,No,No,38,Yes,No,Fiber optic,No,No,Yes,Yes,Yes,Yes,Month-to-month,No,Electronic check,101.48,3655.98,Yes
CUST-02054,Male,0,Yes,Yes,6,Yes,Yes,DSL,No,No,No,No,Yes,Yes,Month-to-month,No,Bank transfer (automatic),81.16,448.11,No
CUST-02055,Male,0,Yes,No,11,Yes,Yes,Fiber optic,Yes,Yes,Yes,No,Yes,Yes,One year,No,Electronic check,104.59,1070.26,No
CUST-02056,Female,0,No,No,59,Yes,Yes,Fiber optic,No,No,Yes,No,No,No,Month-to-month,No,Mailed check,89.78,4729.08,Yes
CUST-02057,Male,0,Yes,No,58,Yes,No,DSL,Yes,No,No,Yes,Yes,Yes,Month-to-month,No,Mailed check,77.72,4234.93,Yes
CUST-02058,Male,0,Yes,No,28,Yes,Yes,Fiber optic,Yes,No,No,Yes,Yes,Yes,Two year,Yes,Electronic check,104.16,2823.77,No
CUST-02059,Female,0,No,Yes,35,Yes,Yes,Fiber optic,Yes,No,No,Yes,No,Yes,One year,Yes,Mailed check,103.17,3249.25,No
CUST-02060,Female,0,Yes,No,12,Yes,No,DSL,Yes,Yes,No,No,Yes,Yes,Two year,No,Electronic check,83.5,912.86,Yes
CUST-02061,Male,0,Yes,No,8,No,No phone service,DSL,No,No,Yes,Yes,Yes,Yes,One year,Yes,Electronic check,62.35,464.34,Yes
CUST-02062,Male,0,No,No,5,Yes,Yes,DSL,No,No,No,Yes,No,Yes,Month-to-month,Yes,Bank transfer (automatic),68.47,340.76,No
CUST-02063,Female,0,Yes,No,8,No,No phone service,DSL,No,No,No,Yes,No,No,Month-to-month,Yes,Bank transfer (automatic),54.4,375.13,Yes
CUST-02064,Male,0,Yes,No,35,Yes,Yes,DSL,No,Yes,Yes,No,No,No,Month-to-month,Yes,Credit card (automatic),77.28,2596.23,Yes
CUST-02065,Male,1,Yes,No,25,Yes,Yes,Fiber optic,No,Yes,Yes,Yes,No,Yes,Month-to-month,Yes,Bank transfer (automatic),106.08,2523.28,Yes
CUST-02066,Male,0,Yes,Yes,30,Yes,Yes,Fiber optic,Yes,No,Yes,No,No,Yes,Month-to-month,Yes,Bank transfer (automatic),97.14,2793.51,Yes
CUST-02067,Male,0,No,No,30,No,No phone service,Fiber optic,Yes,No,No,Yes,Yes,Yes,Month-to-month,No,Bank transfer (automatic),87.5,2268.33,No
CUST-02068,Male,0,Yes,Yes,10,Yes,No,Fiber optic,No,Yes,Yes,No,No,Yes,Two year,Yes,Electronic check,91.78,837.27,Yes
CUST-02069,Female,0,Yes,Yes,36,Yes,No,Fiber optic,No,No,Yes,Yes,Yes,Yes,One year,Yes,Mailed check,98.65,3271.3,No
CUST-02070,Female,0,Yes,Yes,64,Yes,Yes,DSL,No,No,No,Yes,Yes,Yes,Month-to-month,Yes,Bank transfer (automatic),85.47,4842.87,No
CUST-02071,Female,0,No,No,10,Yes,Yes,DSL,No,Yes,No,No,Yes,No,Month-to-month,Yes,Mailed check,78.57,790.44,Yes
CUST-02072,Male,0,Yes,Yes,26,Yes,No,Fiber optic,Yes,No,No,Yes,No,No,Two year,Yes,Credit card (automatic),92.04,2304.87,No
CUST-02073,Female,0,No,No,45,Yes,Yes,DSL,Yes,Yes,No,Yes,No,Yes,Month-to-month,Yes,Mailed check,91.6,4012.74,Yes
CUST-02074,Female,0,Yes,Yes,58,No,No phone service,DSL,No,Yes,No,No,No,No,One year,Yes,Electronic check,44.51,2494.29,No
CUST-02075,Male,1,No,No,39,Yes,No,Fiber optic,Yes,No,No,Yes,No,Yes,Month-to-month,No,Electronic check,99.59,3432.94,Yes
CUST-02076,Female,0,Yes,No,12,No,No phone service,Fiber optic,No,Yes,No,Yes,Yes,No,Month-to-month,Yes,Credit card (automatic),84.57,896.6,No
CUST-02077,Female,0,Yes,Yes,4,Yes,No,DSL,Yes,No,No,Yes,No,Yes,Month-to-month,Yes,Credit card (automatic),80.85,316.43,Yes
CUST-02078,Female,0,No,No,21,Yes,Yes,Fiber optic,Yes,No,No,No,Yes,No,Two year,Yes,Credit card (automatic),97.71,1845.89,Yes
CUST-02079,Female,0,Yes,No,24,Yes,Yes,Fiber optic,No,Yes,No,No,No,No,Month-to-month,No,Bank transfer (automatic),90.87,2078.81,No
CUST-02080,Female,0,No,No,58,No,No phone service,DSL,Yes,Yes,Yes,No,No,No,Two year,No,Bank transfer (automatic),63.19,3309.04,No
CUST-02081,Male,0,No,No,20,Yes,No,DSL,No,No,No,Yes,Yes,No,Month-to-month,Yes,Mailed check,75.08,1365.43,Yes
CUST-02082,Female,0,No,No,10,Yes,No,DSL,No,No,No,No,Yes,No,Month-to-month,No,Bank transfer (automatic),64.69,605.54,No
CUST-02083,Female,0,Yes,No,14,No,No phone service,Fiber optic,No,Yes,No,Yes,Yes,No,Month-to-month,Yes,Mailed check,84.6,1063.36,Yes
CUST-02084,Male,0,No,Yes,39,Yes,No,No,No internet service,No internet service,No internet service,No internet service,No internet service,No internet service,Month-to-month,No,Credit card (automatic),18.45,616.85,No
CUST-02085,Female,1,Yes,No,28,No,No phone service,Fiber optic,Yes,No,Yes,Yes,No,Yes,Month-to-month,Yes,Electronic check,78.25,2064.65,No
CUST-02086,Male,0,No,No,24,Yes,Yes,Fiber optic,No,Yes,Yes,No,Yes,No,Two year,Yes,Bank transfer (automatic),106.07,2612.19,No
CUST-02087,Male,0,No,No,59,Yes,No,Fiber optic,Yes,No,No,Yes,Yes,Yes,Month-to-month,No,Electronic check,102.57,5833.55,No
CUST-02088,Male,0,No,No,2,Yes,Yes,Fiber optic,No,Yes,No,Yes,Yes,No,Month-to-month,Yes,Bank transfer (automatic),103.47,185.72,Yes
CUST-02089,Female,1,No,No,52,Yes,Yes,DSL,No,No,No,No,Yes,No,Month-to-month,Yes,Credit card (automatic),68.5,3265.67,Yes
CUST-02090,Female,0,No,No,1,Yes,No,Fiber optic,No,Yes,Yes,Yes,Yes,No,One year,No,Bank transfer (automatic),93.28,87.03,No
CUST-02091,Male,0,No,No,50,Yes,Yes,Fiber optic,No,Yes,No,No,No,No,Month-to-month,No,Mailed check,95.92,4513.81,Yes
CUST-02092,Female,0,Yes,No,31,Yes,No,DSL,No,No,No,No,No,Yes,Two year,Yes,Electronic check,67.75,1906.22,No
CUST-02093,Male,0,No,Yes,30,Yes,Yes,Fiber optic,Yes,Yes,No,Yes,Yes,No,Month-to-month,Yes,Credit card (automatic),112.66,3320.86,Yes
CUST-02094,Female,0,Yes,Yes,30,Yes,No,DSL,No,Yes,No,No,No,Yes,One year,Yes,Electronic check,60.7,1670.16,Yes
CUST-02095,Female,1,Yes,No,50,Yes,Yes,No,No internet service,No internet service,No internet service,No internet service,No internet service,No internet service,Month-to-month,No,Electronic check,43.69,2061.24,No
CUST-02096,Male,0,No,No,10,Yes,No,Fiber optic,Yes,No,Yes,Yes,Yes,Yes,Month-to-month,Yes,Credit card (automatic),110.81,1107.27,No
CUST-02097,Male,0,Yes,Yes,42,Yes,Yes,Fiber optic,Yes,No,No,No,No,Yes,Two year,Yes,Bank transfer (automatic),98.58,3863.08,Yes
CUST-02098,Male,0,No,No,51,Yes,No,Fiber optic,No,Yes,No,No,No,Yes,One year,Yes,Electronic check,90.39,4676.8,No
CUST-02099,Male,0,Yes,No,25,Yes,No,DSL,No,No,No,No,No,No,Month-to-month,Yes,Mailed check,56.12,1339.08,No
CUST-02100,Female,1,Yes,No,16,Yes,Yes,No,No internet service,No internet service,No internet service,No internet service,No internet service,No internet service,Month-to-month,No,Credit card (automatic),41.55,612.42,Yes
CUST-02101,Male,0,No,Yes,5,No,No phone service,DSL,No,No,Yes,Yes,No,No,Month-to-month,Yes,Credit card (automatic),53.06,246.71,No
CUST-02102,Male,0,Yes,No,72,Yes,Yes,DSL,Yes,No,Yes,Yes,Yes,Yes,Month-to-month,Yes,Credit card (automatic),95.72,6328.9,No
CUST-02103,Female,0,No,No,30,Yes,Yes,Fiber optic,Yes,Yes,No,No,No,No,Month-to-month,Yes,Mailed check,93.96,2496.94,No
CUST-02104,Female,0,No,No,4,Yes,Yes,DSL,Yes,No,Yes,No,No,No,Month-to-month,No,Credit card (automatic),74.87,242.82,Yes
CUST-02105,Male,0,No,Yes,11,Yes,No,DSL,No,No,No,Yes,No,Yes,Month-to-month,No,Credit card (automatic),66.18,660.71,No
CUST-02106,Female,0,Yes,No,17,No,No phone service,Fiber optic,No,Yes,No,No,No,Yes,Month-to-month,No,Electronic check,74.9,1100.78,Yes
CUST-02107,Male,0,No,Yes,52,Yes,No,DSL,No,Yes,Yes,No,Yes,Yes,Two year,No,Credit card (automatic),81.17,3814.33,No
CUST-02108,Female,0,Yes,Yes,11,Yes,Yes,DSL,Yes,Yes,Yes,Yes,No,Yes,One year,Yes,Mailed check,98.16,1058.74,No
CUST-02109,Female,0,Yes,No,16,Yes,Yes,No,No internet service,No internet service,No internet service,No internet service,No internet service,No internet service,Month-to-month,No,Electronic check,39.58,584.92,No
CUST-02110,Female,1,Yes,No,46,Yes,No,DSL,No,No,Yes,No,No,No,Month-to-month,No,Credit card (automatic),51.88,2379.03,Yes
CUST-02111,Female,0,Yes,No,20,Yes,No,DSL,No,Yes,No,No,Yes,No,Month-to-month,Yes,Bank transfer (automatic),81.25,1494.83,Yes
CUST-02112,Male,0,No,No,29,Yes,Yes,No,No internet service,No internet service,No internet service,No internet service,No internet service,No internet service,Month-to-month,Yes,Credit card (automatic),36.38,1023.93,Yes
CUST-02113,Male,0,Yes,Yes,7,Yes,Yes,Fiber optic,No,Yes,No,No,Yes,No,One year,No,Mailed check,88.55,579.37,No
CUST-02114,Male,1,Yes,No,9,Yes,No,DSL,No,No,No,Yes,Yes,No,Two year,No,Bank transfer (automatic),74.89,623.09,No
CUST-02115,Male,0,No,Yes,10,No,No phone service,No,No internet service,No internet service,No internet service,No internet service,No internet service,No internet service,Two year,Yes,Credit card (automatic),21.89,216.82,No
CUST-02116,Female,1,No,No,26,Yes,Yes,DSL,No,No,Yes,No,Yes,Yes,One year,Yes,Bank transfer (automatic),80.04,2116.3,No
CUST-02117,Male,0,Yes,No,29,Yes,Yes,No,No internet service,No internet service,No internet service,No internet service,No internet service,No internet service,One year,Yes,Credit card (automatic),33.53,899.37,No
CUST-02118,Male,0,Yes,Yes,31,Yes,Yes,Fiber optic,No,No,No,No,No,No,Month-to-month,No,Credit card (automatic),86.18,2406.59,No
CUST-02119,Male,0,Yes,No,59,Yes,Yes,Fiber optic,No,Yes,Yes,No,No,No,Month-to-month,Yes,Bank transfer (automatic),94.21,5215.08,Yes
CUST-02120,Male,0,No,No,16,Yes,Yes,Fiber optic,No,Yes,Yes,Yes,No,Yes,One year,No,Credit card (automatic),107.21,1632.06,No
CUST-02121,Male,0,No,No,6,Yes,Yes,Fiber optic,No,Yes,Yes,No,Yes,Yes,One year,No,Credit card (automatic),107.32,618.57,No
CUST-02122,Male,0,No,No,47,Yes,Yes,DSL,Yes,Yes,Yes,Yes,Yes,No,Month-to-month,Yes,Electronic check,83.9,3722.51,No
CUST-02123,Male,0,No,Yes,32,Yes,Yes,Fiber optic,No,No,No,No,Yes,No,Two year,No,Mailed check,87.95,2557.95,No
CUST-02124,Male,0,Yes,No,44,Yes,Yes,Fiber optic,No,No,Yes,Yes,No,No,Month-to-month,Yes,Mailed check,93.93,4179.26,No
CUST-02125,Male,0,No,No,32,No,No phone service,DSL,Yes,No,Yes,Yes,No,Yes,One year,Yes,Mailed check,65.61,1908.07,No
CUST-02126,Female,0,Yes,No,18,Yes,Yes,DSL,No,Yes,Yes,No,No,Yes,Month-to-month,Yes,Mailed check,81.61,1371.3,Yes
CUST-02127,Female,0,Yes,Yes,18,Yes,Yes,Fiber optic,Yes,Yes,No,No,No,No,One year,Yes,Credit card (automatic),88.61,1563.46,No
CUST-02128,Male,0,Yes,No,15,Yes,No,Fiber optic,No,No,Yes,No,Yes,No,One year,Yes,Bank transfer (automatic),87.21,1181.72,No
CUST-02129,Female,1,Yes,No,65,Yes,No,DSL,No,Yes,No,No,Yes,Yes,Month-to-month,No,Credit card (automatic),74.3,4536.35,No
CUST-02130,Female,1,No,No,72,Yes,No,Fiber optic,No,No,Yes,No,No,Yes,One year,Yes,Bank transfer (automatic),88.9,6148.83,No
CUST-02131,Male,0,Yes,No,41,Yes,Yes,DSL,No,No,No,No,No,Yes,Month-to-month,No,Mailed check,75.2,2919.86,No
CUST-02132,Male,0,Yes,Yes,22,Yes,No,DSL,No,No,No,No,Yes,No,Month-to-month,No,Bank transfer (automatic),67.68,1423.87,No
CUST-02133,Male,0,Yes,No,16,Yes,No,DSL,Yes,Yes,No,Yes,No,No,One year,Yes,Electronic check,87.99,1310.37,Yes
CUST-02134,Female,0,No,No,36,Yes,Yes,Fiber optic,Yes,Yes,No,No,Yes,No,Two year,No,Mailed check,96.68,3306.18,No
CUST-02135,Female,1,No,No,7,Yes,Yes,DSL,No,Yes,No,Yes,Yes,Yes,Month-to-month,No,Credit card (automatic),91.13,583.1,Yes
CUST-02136,Male,0,No,No,40,Yes,Yes,Fiber optic,No,Yes,No,No,Yes,Yes,Month-to-month,Yes,Credit card (automatic),103.03,3629.49,Yes
CUST-02137,Male,0,No,No,15,No,No phone service,No,No internet service,No internet service,No internet service,No internet service,No internet service,No internet service,Month-to-month,Yes,Electronic check,18.0,247.28,Yes
CUST-02138,Female,0,No,Yes,1,Yes,Yes,Fiber optic,Yes,No,No,No,Yes,Yes,Month-to-month,No,Credit card (automatic),103.08,96.96,Yes
CUST-02139,Male,0,Yes,No,72,Yes,Yes,Fiber optic,No,No,No,No,No,No,One year,Yes,Bank transfer (automatic),90.31,6239.27,Yes
CUST-02140,Female,1,Yes,Yes,48,Yes,No,DSL,No,Yes,Yes,No,No,No,Month-to-month,No,Electronic check,68.7,3243.14,No
CUST-02141,Male,0,Yes,No,7,No,No phone service,Fiber optic,No,Yes,No,Yes,No,No,One year,Yes,Electronic check,79.64,554.66,Yes
CUST-02142,Male,0,Yes,Yes,53,No,No phone service,Fiber optic,No,Yes,No,No,Yes,No,One year,Yes,Mailed check,76.35,3590.48,No
CUST-02143,Male,0,No,No,15,Yes,Yes,Fiber optic,Yes,No,No,No,Yes,Yes,Month-to-month,No,Mailed check,101.86,1381.19,Yes
CUST-02144,Male,1,Yes,Yes,52,Yes,No,DSL,No,Yes,No,No,No,Yes,Two year,Yes,Electronic check,80.65,3873.02,No
CUST-02145,Female,0,Yes,No,26,No,No phone service,DSL,Yes,No,Yes,Yes,No,Yes,Month-to-month,No,Electronic check,61.96,1532.06,No
CUST-02146,Female,1,No,Yes,27,Yes,No,Fiber optic,Yes,No,Yes,No,No,No,One year,No,Mailed check,93.16,2356.86,No
CUST-02147,Female,1,Yes,No,29,Yes,No,Fiber optic,Yes,No,Yes,Yes,Yes,No,Two year,No,Credit card (automatic),106.01,2965.38,Yes
CUST-02148,Male,0,Yes,Yes,26,Yes,No,DSL,No,Yes,No,No,Yes,No,One year,Yes,Credit card (automatic),72.07,1784.5,Yes
CUST-02149,Male,1,Yes,Yes,11,Yes,Yes,DSL,No,No,Yes,Yes,No,No,Month-to-month,Yes,Mailed check,74.76,793.22,Yes
CUST-02150,Male,0,No,No,72,Yes,No,Fiber optic,Yes,Yes,Yes,No,No,No,Month-to-month,Yes,Credit card (automatic),96.62,6182.93,Yes
CUST-02151,Female,0,Yes,No,41,Yes,Yes,Fiber optic,Yes,No,No,Yes,Yes,No,Month-to-month,Yes,Electronic check,95.38,3689.54,No
CUST-02152,Female,0,Yes,Yes,9,Yes,Yes,DSL,Yes,Yes,No,No,No,Yes,Month-to-month,No,Credit card (automatic),77.6,660.99,Yes
CUST-02153,Male,0,Yes,No,16,Yes,No,Fiber optic,Yes,Yes,Yes,No,No,No,Month-to-month,Yes,Bank transfer (automatic),99.37,1506.0,No
CUST-02154,Male,0,No,No,72,Yes,Yes,No,No internet service,No internet service,No internet service,No internet service,No internet service,No internet service,One year,Yes,Electronic check,36.49,2466.14,No
CUST-02155,Male,0,Yes,No,6,Yes,Yes,Fiber optic,No,No,Yes,No,No,No,Month-to-month,Yes,Electronic check,85.62,512.07,Yes
CUST-02156,Female,0,Yes,No,40,Yes,No,Fiber optic,Yes,No,Yes,No,Yes,No,Month-to-month,Yes,Electronic check,97.22,3657.55,Yes
CUST-02157,Female,0,No,Yes,10,Yes,Yes,Fiber optic,No,Yes,Yes,No,No,Yes,One year,Yes,Electronic check,99.32,893.75,No
CUST-02158,Male,0,No,No,14,Yes,Yes,DSL,No,Yes,Yes,Yes,Yes,Yes,One year,Yes,Mailed check,94.77,,Yes
CUST-02159,Male,0,Yes,No,26,Yes,No,Fiber optic,Yes,No,No,No,No,No,Month-to-month,Yes,Bank transfer (automatic),93.0,2226.25,No
CUST-02160,Female,0,Yes,No,37,Yes,Yes,Fiber optic,No,No,Yes,No,No,Yes,One year,No,Bank transfer (automatic),95.49,3178.94,Yes
CUST-02161,Male,1,Yes,No,30,Yes,No,Fiber optic,No,Yes,No,Yes,Yes,Yes,One year,No,Mailed check,99.08,2974.94,Yes
CUST-02162,Female,1,No,No,9,Yes,No,Fiber optic,No,No,No,No,No,No,Month-to-month,No,Electronic check,74.33,663.6,No
CUST-02163,Female,0,Yes,No,72,Yes,No,Fiber optic,No,Yes,No,No,No,No,Month-to-month,Yes,Bank transfer (automatic),80.95,5364.13,No
CUST-02164,Male,0,No,No,44,Yes,Yes,Fiber optic,No,Yes,Yes,No,No,Yes,Month-to-month,Yes,Credit card (automatic),99.66,4186.77,Yes
CUST-02165,Male,0,No,No,61,Yes,No,DSL,No,Yes,No,No,No,Yes,Month-to-month,Yes,Credit card (automatic),63.32,3586.52,No
CUST-02166,Male,0,No,No,25,Yes,Yes,Fiber optic,No,Yes,No,Yes,No,No,Month-to-month,Yes,Mailed check,100.37,2338.17,Yes
CUST-02167,Female,0,Yes,Yes,46,Yes,Yes,Fiber optic,No,Yes,No,No,No,No,One year,Yes,Mailed check,89.13,3757.76,No
CUST-02168,Male,0,No,No,62,Yes,Yes,No,No internet service,No internet service,No internet service,No internet service,No internet service,No internet service,One year,Yes,Mailed check,41.49,2469.26,No
CUST-02169,Male,0,No,Yes,35,Yes,No,DSL,Yes,Yes,No,No,Yes,No,Month-to-month,No,Bank transfer (automatic),77.38,2528.92,No
CUST-02170,Male,0,No,No,34,Yes,Yes,No,No internet service,No internet service,No internet service,No internet service,No internet service,No internet service,Month-to-month,No,Mailed check,41.21,1297.84,Yes
CUST-02171,Female,0,Yes,No,39,Yes,No,Fiber optic,No,No,No,No,No,Yes,Two year,Yes,Electronic check,83.47,3012.63,Yes
CUST-02172,Male,0,No,No,39,Yes,No,Fiber optic,No,No,Yes,No,Yes,Yes,Two year,Yes,Electronic check,99.44,3790.25,Yes
CUST-02173,Male,1,No,No,35,No,No phone service,Fiber optic,Yes,No,No,No,No,No,Month-to-month,Yes,Credit card (automatic),73.9,2352.66,Yes
CUST-02174,Male,0,No,No,50,Yes,No,No,No internet service,No internet service,No internet service,No internet service,No internet service,No internet service,One year,No,Mailed check,34.11,1567.05,No
CUST-02175,Female,0,No,No,25,Yes,Yes,No,No internet service,No internet service,No internet service,No internet service,No internet service,No internet service,One year,Yes,Electronic check,33.6,769.81,No
CUST-02176,Male,0,No,No,72,Yes,Yes,DSL,No,Yes,No,No,Yes,Yes,One year,Yes,Mailed check,87.2,6061.58,No
CUST-02177,Female,0,Yes,No,3,No,No phone service,Fiber optic,No,No,Yes,No,Yes,Yes,One year,No,Bank transfer (automatic),77.99,233.3,Yes
CUST-02178,Female,0,No,No,45,Yes,No,DSL,Yes,No,Yes,Yes,No,Yes,Month-to-month,No,Electronic check,85.49,3522.82,Yes
CUST-02179,Male,0,No,No,69,Yes,Yes,No,No internet service,No internet service,No internet service,No internet service,No internet service,No internet service,Two year,Yes,Credit card (automatic),41.07,2807.22,No
CUST-02180,Female,0,No,No,16,Yes,No,DSL,No,No,Yes,No,No,Yes,One year,Yes,Electronic check,65.97,1034.91,No
CUST-02181,Male,0,Yes,No,20,Yes,Yes,DSL,No,No,No,No,No,No,One year,Yes,Mailed check,66.67,1206.41,Yes
CUST-02182,Female,0,Yes,Yes,72,Yes,No,DSL,No,Yes,Yes,No,Yes,No,Two year,Yes,Electronic check,73.32,5002.7,No
CUST-02183,Male,0,No,No,45,Yes,Yes,Fiber optic,No,No,Yes,Yes,No,No,Month-to-month,No,Credit card (automatic),93.64,3796.84,Yes
CUST-02184,Male,0,No,No,47,No,No phone service,DSL,Yes,No,No,No,No,No,Month-to-month,No,Electronic check,55.68,2427.98,No
CUST-02185,Male,0,Yes,No,23,Yes,No,Fiber optic,No,Yes,Yes,No,Yes,No,Month-to-month,No,Bank transfer (automatic),90.0,1841.44,No
CUST-02186,Female,1,Yes,No,22,Yes,No,No,No internet service,No internet service,No internet service,No internet service,No internet service,No internet service,One year,Yes,Electronic check,33.49,681.34,No
CUST-02187,Female,0,No,Yes,24,Yes,Yes,Fiber optic,No,No,No,No,Yes,Yes,Month-to-month,No,Mailed check,100.4,2241.69,Yes
CUST-02188,Female,0,No,No,21,Yes,No,DSL,No,No,No,No,Yes,No,Two year,No,Bank transfer (automatic),64.92,1235.19,No
CUST-02189,Female,1,Yes,Yes,24,Yes,Yes,Fiber optic,No,No,No,Yes,No,No,Month-to-month,Yes,Credit card (automatic),86.68,1984.98,No
CUST-02190,Male,0,Yes,Yes,42,Yes,Yes,Fiber optic,No,Yes,Yes,No,No,No,Month-to-month,Yes,Electronic check,98.61,4057.28,Yes
CUST-02191,Female,0,Yes,No,21,Yes,Yes,DSL,No,No,Yes,Yes,No,No,One year,Yes,Credit card (automatic),73.76,1483.9,No
CUST-02192,Female,0,Yes,No,10,Yes,No,DSL,No,No,Yes,No,No,Yes,Two year,Yes,Electronic check,68.49,612.85,No
CUST-02193,Female,0,No,No,66,Yes,Yes,No,No internet service,No internet service,No internet service,No internet service,No internet service,No internet service,Two year,No,Electronic check,29.79,,No
CUST-02194,Female,0,No,No,16,Yes,Yes,DSL,No,Yes,No,No,No,No,Month-to-month,Yes,Credit card (automatic),74.97,1135.14,Yes
CUST-02195,Male,1,No,No,20,Yes,Yes,Fiber optic,No,No,No,No,No,No,Two year,No,Electronic check,87.9,1601.18,No
CUST-02196,Male,1,No,Yes,7,Yes,No,Fiber optic,No,Yes,Yes,Yes,Yes,No,Month-to-month,Yes,Credit card (automatic),104.03,679.57,Yes
CUST-02197,Female,0,Yes,No,34,Yes,Yes,Fiber optic,No,Yes,Yes,No,Yes,No,One year,No,Credit card (automatic),97.36,3258.32,No
CUST-02198,Male,0,Yes,Yes,16,Yes,Yes,Fiber optic,No,Yes,Yes,No,Yes,No,Month-to-month,Yes,Bank transfer (automatic),96.5,1449.84,Yes
CUST-02199,Male,0,Yes,No,10,Yes,No,Fiber optic,Yes,Yes,No,No,No,No,Month-to-month,Yes,Mailed check,92.21,848.29,No
CUST-02200,Female,0,Yes,No,54,Yes,No,Fiber optic,Yes,Yes,No,No,Yes,Yes,Month-to-month,Yes,Electronic check,101.86,5145.27,Yes
CUST-02201,Female,0,No,No,72,Yes,Yes,No,No internet service,No internet service,No internet service,No internet service,No internet service,No internet service,Month-to-month,Yes,Electronic check,47.69,3060.38,No
CUST-02202,Female,0,Yes,Yes,18,No,No phone service,Fiber optic,No,No,Yes,No,Yes,No,Month-to-month,Yes,Bank transfer (automatic),77.86,1276.53,Yes
CUST-02203,Female,0,No,Yes,46,Yes,No,DSL,No,No,No,Yes,Yes,No,Month-to-month,Yes,Mailed check,66.01,2918.89,No
CUST-02204,Female,0,Yes,Yes,36,Yes,No,DSL,Yes,No,No,Yes,No,No,Month-to-month,No,Bank transfer (automatic),65.67,2207.96,Yes
CUST-02205,Female,0,Yes,Yes,31,Yes,Yes,DSL,No,Yes,No,No,Yes,Yes,Month-to-month,Yes,Electronic check,82.78,2378.09,Yes
CUST-02206,Male,0,Yes,No,10,Yes,No,DSL,Yes,No,Yes,No,No,Yes,Month-to-month,No,Electronic check,78.57,737.43,Yes
CUST-02207,Female,0,No,No,34,Yes,Yes,No,No internet service,No internet service,No internet service,No internet service,No internet service,No internet service,Two year,Yes,Electronic check,44.08,1447.38,No
CUST-02208,Male,1,No,No,47,Yes,No,DSL,Yes,No,No,No,No,No,Two year,No,Credit card (automatic),66.23,3212.72,Yes
CUST-02209,Female,0,No,No,72,Yes,No,Fiber optic,No,Yes,No,No,No,Yes,One year,Yes,Electronic check,87.19,5255.05,No
CUST-02210,Female,0,Yes,No,4,Yes,No,Fiber optic,No,No,No,No,Yes,No,One year,No,Electronic check,82.56,309.53,No
CUST-02211,Male,0,No,No,45,Yes,No,DSL,Yes,No,Yes,Yes,Yes,No,Month-to-month,Yes,Electronic check,75.54,3153.21,Yes
CUST-02212,Male,0,No,No,31,Yes,Yes,DSL,Yes,No,No,Yes,Yes,Yes,One year,No,Mailed check,92.46,2819.6,No
CUST-02213,Male,1,Yes,No,24,Yes,Yes,DSL,No,No,Yes,Yes,No,No,Two year,No,Electronic check,76.26,1710.39,No
CUST-02214,Female,1,Yes,No,67,Yes,No,Fiber optic,No,Yes,No,Yes,No,Yes,One year,Yes,Electronic check,81.52,5037.75,No
CUST-02215,Female,0,Yes,Yes,17,Yes,Yes,DSL,Yes,No,Yes,Yes,No,Yes,Month-to-month,Yes,Bank transfer (automatic),89.63,1416.1,No
CUST-02216,Female,0,Yes,No,72,Yes,No,Fiber optic,No,Yes,No,No,No,No,Month-to-month,No,Electronic check,84.33,6006.38,Yes
CUST-02217,Female,0,No,No,3,Yes,No,DSL,No,Yes,No,No,No,No,One year,No,Mailed check,62.13,163.42,Yes
CUST-02218,Male,0,Yes,No,21,Yes,No,No,No internet service,No internet service,No internet service,No internet service,No internet service,No internet service,Month-to-month,No,Credit card (automatic),34.15,680.23,No
CUST-02219,Female,0,No,No,54,No,No phone service,DSL,No,No,No,No,No,Yes,Month-to-month,No,Bank transfer (automatic),50.6,2605.33,Yes
CUST-02220,Female,0,No,No,33,No,No phone service,Fiber optic,No,No,Yes,No,Yes,Yes,Two year,Yes,Electronic check,83.64,2751.34,Yes
CUST-02221,Male,0,Yes,No,16,Yes,Yes,DSL,Yes,Yes,No,No,Yes,No,One year,Yes,Electronic check,83.37,1194.14,No
CUST-02222,Female,0,No,No,18,Yes,No,Fiber optic,No,No,Yes,No,Yes,Yes,Month-to-month,Yes,Credit card (automatic),96.95,1604.21,Yes
CUST-02223,Female,0,Yes,Yes,40,Yes,Yes,Fiber optic,No,No,No,No,No,Yes,Month-to-month,Yes,Bank transfer (automatic),88.73,3392.31,Yes
CUST-02224,Female,0,Yes,Yes,14,Yes,No,DSL,Yes,Yes,No,Yes,No,No,Month-to-month,Yes,Mailed check,79.79,1034.36,Yes
CUST-02225,Female,0,Yes,No,72,Yes,Yes,Fiber optic,Yes,Yes,No,No,No,Yes,Two year,Yes,Credit card (automatic),92.41,5871.81,No
CUST-02226,Male,0,Yes,Yes,27,No,No phone service,DSL,No,Yes,Yes,Yes,No,No,Month-to-month,Yes,Electronic check,61.73,1619.48,Yes
CUST-02227,Male,0,Yes,No,25,Yes,Yes,DSL,No,No,No,Yes,No,No,Two year,Yes,Electronic check,65.4,1538.05,No
CUST-02228,Male,0,No,No,37,Yes,No,Fiber optic,No,Yes,Yes,Yes,Yes,No,Month-to-month,Yes,Bank transfer (automatic),99.92,3364.41,Yes
CUST-02229,Female,0,No,No,7,Yes,Yes,Fiber optic,No,Yes,No,No,No,Yes,One year,No,Bank transfer (automatic),98.54,622.43,No
CUST-02230,Male,0,No,No,33,Yes,Yes,DSL,Yes,Yes,No,Yes,Yes,No,Month-to-month,No,Bank transfer (automatic),85.4,2679.68,No
CUST-02231,Male,0,Yes,Yes,72,Yes,Yes,No,No internet service,No internet service,No internet service,No internet service,No internet service,No internet service,Month-to-month,No,Bank transfer (automatic),38.01,2449.33,No
CUST-02232,Female,1,No,No,26,Yes,Yes,Fiber optic,Yes,No,Yes,No,Yes,No,Two year,No,Mailed check,105.2,2608.21,No
CUST-02233,Male,0,Yes,No,32,Yes,No,Fiber optic,No,No,Yes,No,No,No,Month-to-month,No,Electronic check,78.78,2631.43,Yes
CUST-02234,Female,0,No,No,49,No,No phone service,No,No internet service,No internet service,No internet service,No internet service,No internet service,No internet service,Month-to-month,Yes,Bank transfer (automatic),21.38,940.04,Yes
CUST-02235,Male,0,No,No,72,Yes,No,DSL,No,No,No,No,No,No,Month-to-month,No,Credit card (automatic),58.08,4179.35,Yes
CUST-02236,Male,0,No,Yes,32,No,No phone service,No,No internet service,No internet service,No internet service,No internet service,No internet service,No internet service,Month-to-month,No,Mailed check,24.12,758.78,No
CUST-02237,Female,0,Yes,No,24,Yes,No,Fiber optic,Yes,No,No,Yes,Yes,Yes,Two year,No,Electronic check,97.4,2149.46,Yes
CUST-02238,Female,0,No,No,53,Yes,Yes,No,No internet service,No internet service,No internet service,No internet service,No internet service,No internet service,Month-to-month,Yes,Bank transfer (automatic),41.44,2038.76,No
CUST-02239,Female,0,No,No,14,Yes,No,DSL,No,Yes,No,Yes,No,Yes,One year,Yes,Mailed check,77.51,1000.73,No
CUST-02240,Male,0,Yes,Yes,71,Yes,No,Fiber optic,Yes,No,No,No,No,Yes,One year,Yes,Electronic check,81.8,5528.72,No
CUST-02241,Female,0,No,No,58,Yes,Yes,DSL,No,No,Yes,No,No,Yes,Month-to-month,Yes,Electronic check,77.36,4226.66,Yes
CUST-02242,Male,0,Yes,No,52,Yes,No,Fiber optic,No,Yes,No,Yes,Yes,No,Month-to-month,No,Credit card (automatic),98.34,4737.74,Yes
CUST-02243,Female,0,No,No,38,Yes,No,Fiber optic,No,Yes,Yes,No,Yes,No,Two year,Yes,Credit card (automatic),93.18,3240.84,No
CUST-02244,Female,0,No,No,45,Yes,No,DSL,Yes,Yes,Yes,Yes,Yes,No,One year,No,Bank transfer (automatic),92.51,3806.3,No
CUST-02245,Male,0,No,No,45,Yes,No,Fiber optic,No,No,No,No,No,Yes,One year,No,Electronic check,78.8,3436.79,Yes
CUST-02246,Male,0,Yes,Yes,35,No,No phone service,No,No internet service,No internet service,No internet service,No internet service,No internet service,No internet service,Two year,Yes,Bank transfer (automatic),18.0,570.6,No
CUST-02247,Male,0,Yes,Yes,18,Yes,Yes,No,No internet service,No internet service,No internet service,No internet service,No internet service,No internet service,Month-to-month,Yes,Mailed check,36.26,598.93,Yes
CUST-02248,Female,0,No,No,45,Yes,No,No,No internet service,No internet service,No internet service,No internet service,No internet service,No internet service,One year,Yes,Electronic check,29.23,1271.26,No
CUST-02249,Female,0,Yes,Yes,9,Yes,No,Fiber optic,No,Yes,Yes,No,Yes,No,Month-to-month,Yes,Credit card (automatic),96.95,807.23,Yes
CUST-02250,Female,0,No,No,11,Yes,Yes,DSL,No,No,No,No,Yes,Yes,Two year,Yes,Bank transfer (automatic),79.35,798.48,No
CUST-02251,Male,0,Yes,No,72,Yes,Yes,No,No internet service,No internet service,No internet service,No internet service,No internet service,No internet service,Month-to-month,Yes,Credit card (automatic),33.51,2233.72,No
CUST-02252,Male,0,No,No,11,Yes,Yes,Fiber optic,Yes,Yes,No,No,No,No,Month-to-month,Yes,Credit card (automatic),93.62,1034.26,No
CUST-02253,Female,0,Yes,No,63,Yes,Yes,DSL,No,Yes,Yes,Yes,No,No,Month-to-month,No,Bank transfer (automatic),79.97,4559.1,No
CUST-02254,Male,0,Yes,Yes,11,Yes,Yes,Fiber optic,Yes,Yes,Yes,No,Yes,Yes,One year,Yes,Bank transfer (automatic),114.38,1235.58,No
CUST-02255,Female,0,Yes,No,25,Yes,No,DSL,No,No,No,No,No,Yes,Two year,Yes,Electronic check,59.0,1354.34,Yes
CUST-02256,Male,1,Yes,No,27,Yes,No,DSL,No,Yes,No,No,No,Yes,Month-to-month,No,Electronic check,64.07,1648.75,No
CUST-02257,Male,0,Yes,No,7,Yes,No,No,No internet service,No internet service,No internet service,No internet service,No internet service,No internet service,Two year,Yes,Electronic check,32.89,211.99,No
CUST-02258,Male,0,Yes,Yes,42,Yes,No,DSL,Yes,Yes,Yes,Yes,No,No,Month-to-month,Yes,Electronic check,82.11,3347.46,Yes
CUST-02259,Female,0,Yes,Yes,8,Yes,Yes,DSL,No,No,No,Yes,Yes,Yes,One year,Yes,Electronic check,85.26,609.17,No
CUST-02260,Male,0,Yes,No,9,Yes,Yes,Fiber optic,Yes,No,No,No,Yes,No,Month-to-month,Yes,Electronic check,107.05,877.09,Yes
CUST-02261,Female,0,No,No,8,Yes,Yes,DSL,Yes,No,No,No,Yes,Yes,Month-to-month,No,Credit card (automatic),78.64,576.95,Yes
CUST-02262,Male,0,No,No,3,Yes,No,No,No internet service,No internet service,No internet service,No internet service,No internet service,No internet service,Month-to-month,Yes,Credit card (automatic),29.48,84.01,Yes
CUST-02263,Female,0,No,No,51,Yes,No,DSL,No,Yes,No,No,Yes,Yes,Month-to-month,Yes,Electronic check,77.54,3719.08,No
CUST-02264,Male,1,Yes,No,18,Yes,No,No,No internet service,No internet service,No internet service,No internet service,No internet service,No internet service,Two year,No,Electronic check,33.73,533.53,No
CUST-02265,Female,0,Yes,No,22,Yes,Yes,DSL,No,Yes,No,No,Yes,No,One year,Yes,Bank transfer (automatic),80.63,1601.66,Yes
CUST-02266,Female,0,Yes,No,25,Yes,No,DSL,Yes,Yes,Yes,Yes,No,No,Two year,No,Electronic check,79.22,1979.8,Yes
CUST-02267,Male,0,No,No,19,Yes,Yes,No,No internet service,No internet service,No internet service,No internet service,No internet service,No internet service,Month-to-month,Yes,Credit card (automatic),35.26,629.92,No
CUST-02268,Male,1,No,No,10,Yes,Yes,Fiber optic,No,No,No,No,Yes,Yes,Month-to-month,Yes,Credit card (automatic),99.5,863.59,Yes
CUST-02269,Female,1,Yes,No,17,Yes,No,DSL,No,Yes,No,No,No,No,Month-to-month,Yes,Bank transfer (automatic),64.82,1058.98,Yes
CUST-02270,Male,0,Yes,No,25,Yes,No,DSL,No,No,Yes,Yes,No,No,Two year,Yes,Electronic check,74.78,1760.48,No
CUST-02271,Female,1,Yes,Yes,10,No,No phone service,DSL,No,Yes,No,Yes,Yes,No,Month-to-month,Yes,Credit card (automatic),60.72,577.64,Yes
CUST-02272,Female,1,Yes,No,18,Yes,No,DSL,No,Yes,No,No,No,No,One year,Yes,Electronic check,65.16,1124.05,No
CUST-02273,Female,0,No,No,56,Yes,No,DSL,Yes,Yes,Yes,Yes,Yes,Yes,Month-to-month,Yes,Mailed check,84.64,4291.3,Yes
CUST-02274,Female,1,Yes,No,17,Yes,No,Fiber optic,No,Yes,Yes,Yes,No,No,Month-to-month,Yes,Electronic check,92.06,1493.59,Yes
CUST-02275,Female,0,Yes,Yes,37,Yes,No,No,No internet service,No internet service,No internet service,No internet service,No internet service,No internet service,One year,No,Mailed check,36.75,1320.51,No
CUST-02276,Female,0,Yes,No,41,Yes,No,Fiber optic,Yes,Yes,Yes,Yes,Yes,Yes,Month-to-month,No,Electronic check,121.52,4628.22,No
CUST-02277,Female,0,Yes,No,5,Yes,No,DSL,Yes,No,No,Yes,Yes,No,Two year,Yes,Bank transfer (automatic),82.11,403.35,No
CUST-02278,Female,0,Yes,Yes,42,Yes,No,Fiber optic,No,No,No,No,Yes,No,Month-to-month,Yes,Bank transfer (automatic),92.34,3409.95,Yes
CUST-02279,Female,0,Yes,Yes,52,Yes,No,DSL,No,Yes,No,No,Yes,Yes,Month-to-month,Yes,Mailed check,74.75,3741.97,Yes
CUST-02280,Male,0,Yes,Yes,38,Yes,Yes,Fiber optic,Yes,Yes,No,No,No,No,One year,Yes,Bank transfer (automatic),98.09,3359.57,Yes
CUST-02281,Male,1,Yes,Yes,20,Yes,No,DSL,Yes,No,No,Yes,Yes,Yes,Two year,Yes,Electronic check,82.54,1422.64,No
CUST-02282,Female,0,No,No,8,Yes,Yes,DSL,Yes,Yes,No,No,Yes,No,Month-to-month,Yes,Electronic check,79.25,566.89,No
CUST-02283,Female,1,No,No,39,Yes,No,DSL,No,No,Yes,Yes,Yes,Yes,Month-to-month,Yes,Mailed check,81.18,2770.59,No
CUST-02284,Male,0,Yes,Yes,18,Yes,No,Fiber optic,Yes,No,No,No,No,No,Month-to-month,Yes,Bank transfer (automatic),85.64,1525.23,Yes
CUST-02285,Male,0,No,No,23,No,No phone service,DSL,No,No,No,No,Yes,No,Month-to-month,Yes,Electronic check,45.69,958.71,Yes
CUST-02286,Male,0,Yes,Yes,13,Yes,No,DSL,No,No,Yes,No,No,No,Month-to-month,Yes,Mailed check,66.43,824.9,Yes
CUST-02287,Male,0,No,Yes,25,Yes,No,Fiber optic,Yes,No,Yes,Yes,No,No,Two year,No,Bank transfer (automatic),97.76,2246.05,Yes
CUST-02288,Male,0,No,Yes,24,Yes,Yes,Fiber optic,No,Yes,No,No,No,Yes,Two year,No,Credit card (automatic),92.31,2210.38,No
CUST-02289,Male,0,Yes,Yes,11,Yes,No,DSL,Yes,No,No,Yes,Yes,No,One year,No,Mailed check,71.66,725.72,No
CUST-02290,Female,0,Yes,No,36,Yes,Yes,No,No internet service,No internet service,No internet service,No internet service,No internet service,No internet service,Two year,Yes,Mailed check,38.84,1327.27,No
CUST-02291,Female,0,No,No,72,Yes,No,DSL,No,No,Yes,Yes,No,Yes,One year,Yes,Mailed check,76.35,5010.11,No
CUST-02292,Female,0,Yes,Yes,54,Yes,No,No,No internet service,No internet service,No internet service,No internet service,No internet service,No internet service,Month-to-month,Yes,Bank transfer (automatic),30.26,1575.96,No
CUST-02293,Female,1,Yes,No,72,No,No phone service,DSL,Yes,No,Yes,Yes,No,No,Month-to-month,Yes,Electronic check,66.84,4491.03,No
CUST-02294,Male,0,No,No,17,Yes,Yes,Fiber optic,No,No,Yes,No,No,Yes,One year,Yes,Electronic check,108.45,1768.49,Yes
CUST-02295,Male,0,Yes,Yes,12,Yes,Yes,DSL,No,Yes,Yes,Yes,No,No,One year,No,Bank transfer (automatic),97.28,1033.59,No
CUST-02296,Male,0,No,No,4,Yes,No,Fiber optic,Yes,No,No,No,No,No,Month-to-month,Yes,Mailed check,82.7,315.99,Yes
CUST-02297,Female,1,No,No,21,Yes,Yes,DSL,No,No,Yes,No,No,No,One year,Yes,Mailed check,68.33,1352.23,Yes
CUST-02298,Female,0,No,No,23,Yes,No,DSL,Yes,Yes,Yes,No,Yes,Yes,One year,No,Mailed check,82.93,,Yes
CUST-02299,Female,0,No,No,28,Yes,Yes,Fiber optic,No,Yes,No,No,No,Yes,Month-to-month,Yes,Mailed check,100.04,2429.61,Yes
CUST-02300,Male,0,No,No,10,Yes,No,Fiber optic,No,No,Yes,No,No,No,Month-to-month,No,Electronic check,80.7,796.06,Yes
CUST-02301,Female,0,No,No,31,Yes,No,Fiber optic,No,Yes,No,Yes,No,Yes,Month-to-month,No,Credit card (automatic),98.19,2912.8,Yes
CUST-02302,Female,0,No,No,26,Yes,No,Fiber optic,Yes,No,Yes,No,Yes,No,Month-to-month,Yes,Electronic check,98.12,2442.51,Yes
CUST-02303,Male,0,No,No,32,Yes,No,Fiber optic,Yes,No,Yes,Yes,Yes,Yes,Month-to-month,Yes,Mailed check,111.8,3556.96,Yes
CUST-02304,Male,0,No,Yes,37,Yes,No,Fiber optic,No,No,No,No,No,No,Month-to-month,No,Mailed check,83.1,2979.62,Yes
CUST-02305,Male,0,No,Yes,28,Yes,No,Fiber optic,No,Yes,Yes,No,No,Yes,Month-to-month,No,Bank transfer (automatic),97.16,2683.95,Yes
CUST-02306,Female,0,No,No,53,Yes,Yes,Fiber optic,No,No,No,Yes,No,Yes,Month-to-month,No,Electronic check,94.65,4516.43,Yes
CUST-02307,Female,1,Yes,Yes,35,Yes,Yes,DSL,Yes,No,No,No,Yes,No,Month-to-month,Yes,Electronic check,79.96,2630.39,No
CUST-02308,Female,0,No,No,27,Yes,Yes,DSL,No,No,Yes,No,No,Yes,Month-to-month,Yes,Credit card (automatic),82.88,2309.35,No
CUST-02309,Female,0,Yes,No,15,No,No phone service,DSL,Yes,Yes,No,Yes,Yes,Yes,One year,Yes,Bank transfer (automatic),72.58,1047.74,No
CUST-02310,Male,0,Yes,No,22,Yes,No,DSL,No,No,Yes,No,No,No,Month-to-month,No,Electronic check,65.93,1209.26,No
CUST-02311,Female,0,Yes,No,7,Yes,No,DSL,Yes,Yes,No,No,No,Yes,Month-to-month,Yes,Bank transfer (automatic),69.38,460.13,Yes
CUST-02312,Female,0,No,No,46,Yes,No,DSL,No,Yes,Yes,No,No,No,Month-to-month,Yes,Mailed check,66.78,2822.88,No
CUST-02313,Male,0,No,No,15,Yes,Yes,No,No internet service,No internet service,No internet service,No internet service,No internet service,No internet service,Month-to-month,Yes,Credit card (automatic),36.0,490.1,No
CUST-02314,Female,0,Yes,No,12,Yes,No,DSL,Yes,Yes,No,Yes,No,No,Month-to-month,No,Electronic check,73.28,862.69,No
CUST-02315,Female,0,Yes,No,8,Yes,No,DSL,No,No,No,Yes,No,Yes,Month-to-month,Yes,Mailed check,77.66,573.47,Yes
CUST-02316,Female,0,Yes,No,14,Yes,Yes,No,No internet service,No internet service,No internet service,No internet service,No internet service,No internet service,Month-to-month,No,Mailed check,37.17,494.28,Yes
CUST-02317,Female,0,Yes,No,18,Yes,No,DSL,Yes,No,No,No,No,No,Month-to-month,Yes,Credit card (automatic),65.57,1078.61,No
CUST-02318,Female,1,Yes,Yes,61,Yes,Yes,DSL,Yes,No,Yes,Yes,No,No,One year,Yes,Credit card (automatic),81.23,4707.09,No
CUST-02319,Male,0,No,Yes,15,Yes,Yes,DSL,Yes,Yes,Yes,No,No,Yes,Month-to-month,No,Mailed check,89.81,1296.64,No
CUST-02320,Male,0,Yes,No,70,Yes,Yes,Fiber optic,Yes,No,Yes,No,Yes,Yes,Month-to-month,Yes,Mailed check,104.75,6974.32,Yes
CUST-02321,Female,0,Yes,Yes,61,Yes,Yes,DSL,No,No,No,Yes,No,No,Month-to-month,Yes,Mailed check,63.99,3620.43,No
CUST-02322,Female,0,Yes,No,60,Yes,Yes,DSL,Yes,Yes,No,Yes,Yes,Yes,Month-to-month,Yes,Electronic check,97.31,5552.59,No
CUST-02323,Female,1,No,Yes,40,Yes,No,DSL,No,No,Yes,Yes,Yes,No,Month-to-month,No,Mailed check,77.09,3115.83,No
CUST-02324,Male,0,No,No,6,Yes,Yes,Fiber optic,Yes,No,Yes,No,Yes,Yes,Two year,Yes,Credit card (automatic),111.44,649.97,No
CUST-02325,Male,0,Yes,Yes,55,Yes,Yes,DSL,No,No,Yes,Yes,No,Yes,Month-to-month,No,Credit card (automatic),86.57,4424.45,No
CUST-02326,Male,0,Yes,No,6,Yes,No,DSL,Yes,Yes,No,No,Yes,Yes,Two year,Yes,Credit card (automatic),77.47,419.29,Yes
CUST-02327,Female,0,No,No,11,Yes,No,Fiber optic,No,No,Yes,No,No,No,Month-to-month,No,Electronic check,85.77,828.55,Yes
CUST-02328,Female,1,Yes,No,18,Yes,Yes,No,No internet service,No internet service,No internet service,No internet service,No internet service,No internet service,Month-to-month,Yes,Mailed check,35.68,566.81,No
CUST-02329,Female,0,No,Yes,15,Yes,No,Fiber optic,No,No,No,Yes,Yes,No,Month-to-month,Yes,Bank transfer (automatic),79.89,1055.16,Yes
CUST-02330,Female,0,No,No,48,Yes,Yes,DSL,No,No,No,No,No,Yes,One year,Yes,Credit card (automatic),68.06,2884.83,No
CUST-02331,Female,0,No,Yes,44,Yes,Yes,Fiber optic,Yes,No,No,No,Yes,No,Two year,Yes,Electronic check,92.76,3896.72,No
CUST-02332,Male,0,No,No,24,Yes,No,DSL,No,No,Yes,No,Yes,No,One year,No,Electronic check,73.45,1718.33,No
CUST-02333,Female,0,Yes,Yes,39,Yes,No,No,No internet service,No internet service,No internet service,No internet service,No internet service,No internet service,Month-to-month,Yes,Electronic check,32.02,1152.2,Yes
CUST-02334,Male,0,Yes,No,29,Yes,No,DSL,Yes,Yes,No,Yes,No,No,One year,Yes,Credit card (automatic),78.47,2144.99,No
CUST-02335,Male,0,Yes,Yes,26,Yes,Yes,Fiber optic,No,No,No,Yes,No,No,Month-to-month,Yes,Mailed check,93.37,2343.95,No
CUST-02336,Male,0,Yes,No,19,Yes,No,No,No internet service,No internet service,No internet service,No internet service,No internet service,No internet service,One year,Yes,Mailed check,27.71,505.52,No
CUST-02337,Female,0,Yes,No,13,Yes,Yes,DSL,Yes,No,No,No,Yes,No,Month-to-month,Yes,Mailed check,71.26,885.16,No
CUST-02338,Male,0,Yes,No,1,Yes,Yes,DSL,Yes,No,Yes,No,Yes,No,Two year,Yes,Electronic check,83.49,81.54,No
CUST-02339,Female,0,No,No,47,Yes,No,Fiber optic,No,No,No,No,No,Yes,Two year,No,Credit card (automatic),78.74,3556.12,Yes
CUST-02340,Female,0,Yes,Yes,14,Yes,No,DSL,No,No,No,Yes,Yes,No,Month-to-month,No,Mailed check,66.6,847.76,No
CUST-02341,Female,0,No,No,16,Yes,No,DSL,Yes,No,Yes,Yes,No,No,Month-to-month,Yes,Mailed check,80.48,1223.32,Yes
CUST-02342,Female,0,Yes,Yes,14,Yes,Yes,DSL,No,No,Yes,No,No,Yes,Month-to-month,Yes,Credit card (automatic),75.33,1060.09,No
CUST-02343,Male,1,Yes,Yes,32,Yes,No,Fiber optic,No,No,Yes,No,No,Yes,Two year,Yes,Electronic check,81.05,2417.0,Yes
CUST-02344,Male,0,Yes,No,38,Yes,No,Fiber optic,No,No,No,Yes,No,No,Month-to-month,Yes,Electronic check,78.13,2864.97,Yes
CUST-02345,Male,0,No,Yes,16,Yes,No,Fiber optic,No,No,No,No,Yes,No,Month-to-month,Yes,Electronic check,89.96,1450.18,Yes
CUST-02346,Female,0,No,No,27,No,No phone service,No,No internet service,No internet service,No internet service,No internet service,No internet service,No internet service,One year,Yes,Electronic check,20.96,521.74,No
CUST-02347,Female,0,No,Yes,17,Yes,Yes,No,No internet service,No internet service,No internet service,No internet service,No internet service,No internet service,Month-to-month,Yes,Mailed check,36.6,556.4,No
CUST-02348,Male,0,Yes,No,47,Yes,No,DSL,No,No,Yes,Yes,No,Yes,One year,No,Bank transfer (automatic),76.51,3376.75,No
CUST-02349,Female,0,Yes,Yes,34,No,No phone service,DSL,No,No,Yes,No,No,No,Month-to-month,Yes,Credit card (automatic),53.63,1678.98,No
CUST-02350,Male,0,No,No,3,Yes,No,Fiber optic,No,Yes,No,No,No,Yes,Two year,Yes,Electronic check,85.89,242.77,No
CUST-02351,Male,1,Yes,Yes,37,Yes,Yes,No,No internet service,No internet service,No internet service,No internet service,No internet service,No internet service,Two year,No,Electronic check,41.12,1364.87,No
CUST-02352,Male,0,Yes,No,28,Yes,No,Fiber optic,No,Yes,No,No,Yes,No,Month-to-month,Yes,Electronic check,86.12,2168.68,Yes
CUST-02353,Male,0,Yes,No,12,Yes,Yes,Fiber optic,No,No,No,No,Yes,Yes,Month-to-month,No,Credit card (automatic),97.98,1098.26,Yes
CUST-02354,Female,0,Yes,Yes,11,Yes,No,Fiber optic,No,No,Yes,No,Yes,No,Month-to-month,No,Electronic check,94.83,963.19,Yes
CUST-02355,Female,1,Yes,No,43,Yes,Yes,DSL,Yes,Yes,Yes,No,Yes,Yes,Month-to-month,Yes,Credit card (automatic),97.93,4194.7,No
CUST-02356,Female,1,Yes,No,45,Yes,No,DSL,No,No,Yes,No,Yes,No,One year,Yes,Electronic check,69.1,2846.04,No
CUST-02357,Female,0,No,No,29,No,No phone service,Fiber optic,Yes,No,Yes,No,Yes,No,One year,No,Electronic check,83.82,2251.4,Yes
CUST-02358,Female,0,No,No,16,Yes,Yes,Fiber optic,No,Yes,No,Yes,No,Yes,Month-to-month,No,Mailed check,103.67,1587.35,Yes
CUST-02359,Male,0,Yes,No,13,Yes,No,DSL,No,Yes,No,Yes,No,Yes,Two year,Yes,Bank transfer (automatic),73.01,981.04,No
CUST-02360,Female,0,Yes,No,13,Yes,Yes,DSL,No,Yes,Yes,No,No,Yes,Month-to-month,Yes,Mailed check,75.68,917.35,No
CUST-02361,Male,0,No,No,20,Yes,Yes,Fiber optic,No,No,Yes,No,No,Yes,Two year,Yes,Electronic check,101.81,1984.19,Yes
CUST-02362,Male,0,Yes,Yes,53,No,No phone service,Fiber optic,Yes,No,Yes,Yes,Yes,Yes,Month-to-month,Yes,Electronic check,91.4,4482.42,Yes
CUST-02363,Male,0,No,No,5,Yes,No,DSL,Yes,Yes,No,No,Yes,No,Month-to-month,Yes,Electronic check,74.47,333.01,Yes
CUST-02364,Female,1,Yes,Yes,26,Yes,Yes,DSL,No,No,No,No,Yes,Yes,One year,Yes,Bank transfer (automatic),78.38,1858.9,No
CUST-02365,Male,1,No,No,20,Yes,Yes,DSL,Yes,Yes,No,No,Yes,No,Two year,Yes,Electronic check,91.06,1692.61,No
CUST-02366,Female,1,No,No,34,Yes,No,DSL,No,Yes,Yes,No,No,No,Two year,Yes,Credit card (automatic),60.69,2064.41,No
CUST-02367,Female,0,Yes,No,10,Yes,Yes,DSL,Yes,No,Yes,No,No,Yes,One year,No,Electronic check,90.06,873.82,Yes
CUST-02368,Female,0,No,No,22,Yes,Yes,Fiber optic,No,Yes,No,Yes,Yes,Yes,Two year,Yes,Bank transfer (automatic),106.44,2264.19,No
CUST-02369,Female,0,No,No,45,Yes,Yes,DSL,Yes,No,Yes,No,No,No,Month-to-month,No,Bank transfer (automatic),76.47,3182.25,No
CUST-02370,Female,0,No,Yes,29,Yes,Yes,No,No internet service,No internet service,No internet service,No internet service,No internet service,No internet service,Two year,No,Bank transfer (automatic),34.61,922.95,No
CUST-02371,Female,0,Yes,No,17,Yes,No,DSL,No,Yes,Yes,No,Yes,Yes,Month-to-month,Yes,Mailed check,73.9,1140.72,Yes
CUST-02372,Male,1,Yes,No,12,Yes,No,Fiber optic,No,Yes,Yes,Yes,Yes,Yes,Month-to-month,No,Mailed check,108.58,1259.35,Yes
CUST-02373,Female,0,Yes,No,61,Yes,No,No,No internet service,No internet service,No internet service,No internet service,No internet service,No internet service,Two year,Yes,Electronic check,31.44,,No
CUST-02374,Female,0,No,No,7,Yes,Yes,Fiber optic,Yes,Yes,No,No,Yes,No,Month-to-month,Yes,Mailed check,98.83,672.94,Yes
CUST-02375,Male,0,Yes,No,67,Yes,No,No,No internet service,No internet service,No internet service,No internet service,No internet service,No internet service,Month-to-month,Yes,Electronic check,29.07,1740.86,Yes
CUST-02376,Male,0,Yes,No,29,No,No phone service,DSL,Yes,No,Yes,No,Yes,Yes,Month-to-month,Yes,Mailed check,57.76,1525.03,No
CUST-02377,Male,0,No,No,23,Yes,Yes,DSL,No,No,Yes,Yes,No,No,Month-to-month,Yes,Bank transfer (automatic),75.35,1754.31,Yes
CUST-02378,Female,0,Yes,No,52,No,No phone service,Fiber optic,Yes,No,No,Yes,Yes,No,Month-to-month,No,Mailed check,81.09,4071.38,Yes
CUST-02379,Male,0,No,No,53,Yes,No,Fiber optic,No,No,Yes,Yes,No,No,One year,Yes,Mailed check,93.16,4831.23,Yes
CUST-02380,Male,0,Yes,No,27,Yes,No,Fiber optic,Yes,Yes,Yes,No,Yes,Yes,One year,Yes,Credit card (automatic),107.53,2715.62,No
CUST-02381,Female,0,No,No,35,Yes,Yes,Fiber optic,No,Yes,Yes,No,Yes,Yes,One year,No,Electronic check,107.17,3640.01,Yes
CUST-02382,Female,0,Yes,No,9,Yes,Yes,Fiber optic,Yes,No,No,No,Yes,No,Two year,Yes,Credit card (automatic),91.09,759.15,No
CUST-02383,Male,0,Yes,No,22,Yes,No,Fiber optic,No,Yes,Yes,No,Yes,Yes,One year,Yes,Electronic check,105.16,2226.55,Yes
CUST-02384,Female,0,No,Yes,15,Yes,No,DSL,No,No,Yes,No,No,Yes,Month-to-month,Yes,Mailed check,68.4,960.65,No
CUST-02385,Female,0,Yes,Yes,62,Yes,No,No,No internet service,No internet service,No internet service,No internet service,No internet service,No internet service,Month-to-month,Yes,Electronic check,33.89,1967.67,No
CUST-02386,Male,0,Yes,Yes,58,Yes,Yes,Fiber optic,No,No,No,Yes,Yes,No,One year,Yes,Electronic check,92.72,5058.06,Yes
CUST-02387,Male,0,Yes,No,9,Yes,No,DSL,Yes,No,Yes,Yes,Yes,No,Month-to-month,No,Electronic check,84.94,659.44,No
CUST-02388,Male,0,No,No,9,No,No phone service,Fiber optic,No,Yes,No,No,Yes,No,Month-to-month,Yes,Mailed check,80.47,650.17,Yes
CUST-02389,Male,0,Yes,No,23,Yes,Yes,DSL,Yes,No,No,No,No,Yes,Month-to-month,No,Electronic check,73.36,1654.24,Yes
CUST-02390,Male,1,Yes,No,69,Yes,No,DSL,No,No,Yes,No,Yes,No,Month-to-month,Yes,Mailed check,77.23,5124.9,Yes
CUST-02391,Female,0,Yes,No,18,Yes,No,DSL,No,Yes,No,Yes,Yes,Yes,Month-to-month,Yes,Credit card (automatic),85.49,1476.35,No
CUST-02392,Female,0,Yes,Yes,72,Yes,No,Fiber optic,No,No,No,No,Yes,No,One year,No,Credit card (automatic),93.75,6031.14,No
CUST-02393,Male,1,No,No,8,Yes,Yes,Fiber optic,No,No,Yes,Yes,Yes,Yes,One year,No,Credit card (automatic),113.1,834.13,No
CUST-02394,Female,0,Yes,Yes,14,Yes,Yes,Fiber optic,No,No,No,No,Yes,Yes,Month-to-month,Yes,Mailed check,96.14,1318.03,Yes
CUST-02395,Female,0,No,No,9,Yes,No,No,No internet service,No internet service,No internet service,No internet service,No internet service,No internet service,Month-to-month,Yes,Electronic check,27.54,220.55,No
CUST-02396,Male,0,No,No,28,No,No phone service,Fiber optic,No,No,No,No,Yes,Yes,Month-to-month,Yes,Mailed check,77.03,1973.35,Yes
CUST-02397,Male,0,No,No,18,Yes,No,DSL,No,Yes,Yes,No,No,Yes,Two year,Yes,Mailed check,68.35,1091.66,Yes
CUST-02398,Female,0,No,No,64,Yes,No,Fiber optic,No,No,No,No,No,Yes,Two year,Yes,Credit card (automatic),89.15,5483.28,No
CUST-02399,Female,0,Yes,No,17,Yes,No,DSL,No,No,Yes,No,Yes,No,Two year,No,Mailed check,71.2,1108.6,No
CUST-02400,Male,0,No,No,46,Yes,No,Fiber optic,No,No,Yes,Yes,Yes,No,One year,No,Bank transfer (automatic),93.13,4213.33,No
CUST-02401,Female,0,No,No,10,Yes,Yes,Fiber optic,Yes,No,Yes,No,Yes,Yes,One year,Yes,Credit card (automatic),106.07,1002.72,Yes
CUST-02402,Male,0,No,No,21,Yes,Yes,Fiber optic,No,Yes,Yes,No,No,No,Month-to-month,Yes,Bank transfer (automatic),102.1,2044.91,Yes
CUST-02403,Male,0,Yes,No,4,Yes,No,Fiber optic,No,Yes,Yes,No,No,Yes,Month-to-month,No,Credit card (automatic),97.48,373.28,Yes
CUST-02404,Male,0,Yes,Yes,69,Yes,No,Fiber optic,Yes,No,No,No,Yes,No,Two year,Yes,Credit card (automatic),89.92,6158.27,Yes
CUST-02405,Female,0,No,No,23,Yes,Yes,Fiber optic,No,No,No,No,Yes,Yes,Month-to-month,No,Credit card (automatic),94.45,2091.34,Yes
CUST-02406,Male,0,Yes,No,46,Yes,No,DSL,Yes,Yes,Yes,Yes,No,Yes,One year,Yes,Bank transfer (automatic),87.36,3937.64,No
CUST-02407,Female,0,No,No,6,Yes,Yes,Fiber optic,No,No,Yes,Yes,Yes,No,Month-to-month,No,Mailed check,105.29,580.25,No
CUST-02408,Male,0,Yes,Yes,7,Yes,No,Fiber optic,No,No,Yes,No,Yes,Yes,One year,No,Bank transfer (automatic),97.93,627.54,No
CUST-02409,Female,0,No,No,10,No,No phone service,Fiber optic,Yes,No,Yes,No,Yes,Yes,Month-to-month,No,Credit card (automatic),81.52,723.14,Yes
CUST-02410,Female,0,Yes,No,15,Yes,No,DSL,Yes,No,Yes,No,No,No,One year,Yes,Mailed check,72.44,1041.27,No
CUST-02411,Male,0,Yes,No,53,Yes,Yes,Fiber optic,No,No,No,No,Yes,Yes,One year,Yes,Electronic check,92.05,4515.75,No
CUST-02412,Female,0,Yes,No,17,No,No phone service,DSL,Yes,No,Yes,No,No,No,Month-to-month,Yes,Bank transfer (automatic),55.36,880.78,Yes
CUST-02413,Male,0,No,No,37,Yes,Yes,Fiber optic,Yes,Yes,No,Yes,No,No,Two year,No,Electronic check,92.76,3228.5,No
CUST-02414,Male,0,No,No,72,Yes,No,Fiber optic,No,Yes,No,No,Yes,Yes,Month-to-month,Yes,Bank transfer (automatic),94.16,6486.91,Yes
CUST-02415,Female,0,No,No,20,Yes,Yes,Fiber optic,No,Yes,Yes,No,Yes,Yes,Two year,No,Bank transfer (automatic),104.41,1921.39,Yes
CUST-02416,Female,0,No,No,6,Yes,Yes,Fiber optic,No,No,No,No,Yes,No,Two year,Yes,Bank transfer (automatic),85.46,487.98,Yes
CUST-02417,Male,0,No,Yes,10,No,No phone service,Fiber optic,No,Yes,Yes,No,Yes,No,Two year,No,Mailed check,79.02,709.05,No
CUST-02418,Female,1,No,No,39,No,No phone service,Fiber optic,No,No,No,No,No,No,Month-to-month,Yes,Electronic check,68.32,2616.91,Yes
CUST-02419,Female,0,No,No,15,No,No phone service,No,No internet service,No internet service,No internet service,No internet service,No internet service,No internet service,Month-to-month,Yes,Bank transfer (automatic),18.0,232.79,No
CUST-02420,Female,0,No,No,6,Yes,No,DSL,Yes,No,No,Yes,No,No,Month-to-month,No,Electronic check,63.78,345.13,Yes
CUST-02421,Female,0,No,Yes,72,Yes,Yes,No,No internet service,No internet service,No internet service,No internet service,No internet service,No internet service,Month-to-month,No,Mailed check,46.14,3200.11,No
CUST-02422,Male,0,Yes,No,56,Yes,Yes,No,No internet service,No internet service,No internet service,No internet service,No internet service,No internet service,Two year,No,Bank transfer (automatic),37.44,2014.26,No
CUST-02423,Female,0,No,No,12,Yes,No,Fiber optic,Yes,No,Yes,Yes,No,Yes,Month-to-month,No,Electronic check,106.85,1232.77,Yes
CUST-02424,Male,0,Yes,Yes,72,Yes,No,DSL,Yes,No,Yes,No,No,No,Month-to-month,Yes,Electronic check,65.68,4228.36,No
CUST-02425,Female,1,Yes,No,72,Yes,Yes,DSL,No,Yes,Yes,No,Yes,No,One year,Yes,Electronic check,86.44,5195.48,No
CUST-02426,Male,0,No,No,72,Yes,Yes,DSL,Yes,No,Yes,No,Yes,No,Month-to-month,No,Bank transfer (automatic),85.49,6080.21,No
CUST-02427,Female,1,No,Yes,20,Yes,Yes,DSL,No,No,No,No,Yes,No,One year,Yes,Bank transfer (automatic),74.43,1399.98,Yes
CUST-02428,Female,0,Yes,Yes,24,Yes,Yes,DSL,No,Yes,No,Yes,No,Yes,Two year,No,Electronic check,84.26,1943.5,No
CUST-02429,Male,1,Yes,No,38,Yes,Yes,DSL,Yes,No,No,No,Yes,No,Month-to-month,No,Electronic check,80.87,2793.8,No
CUST-02430,Female,0,No,Yes,13,No,No phone service,Fiber optic,No,No,No,Yes,Yes,Yes,Month-to-month,No,Credit card (automatic),80.12,977.79,No
CUST-02431,Female,0,Yes,Yes,53,Yes,Yes,No,No internet service,No internet service,No internet service,No internet service,No internet service,No internet service,Month-to-month,No,Electronic check,38.23,1790.31,Yes
CUST-02432,Male,0,Yes,Yes,33,Yes,Yes,Fiber optic,No,No,Yes,No,Yes,No,Month-to-month,Yes,Credit card (automatic),99.56,3054.49,Yes
CUST-02433,Female,0,No,No,52,No,No phone service,Fiber optic,No,Yes,No,No,No,Yes,One year,Yes,Electronic check,82.91,4182.48,Yes
CUST-02434,Female,0,No,No,17,Yes,No,Fiber optic,No,No,No,Yes,No,No,Two year,Yes,Bank transfer (automatic),97.94,1440.55,No
CUST-02435,Female,0,No,No,31,Yes,Yes,DSL,Yes,No,Yes,Yes,Yes,No,Month-to-month,No,Credit card (automatic),88.03,2773.43,No
CUST-02436,Male,0,No,Yes,8,No,No phone service,Fiber optic,No,Yes,Yes,No,No,No,Month-to-month,No,Credit card (automatic),71.83,512.6,Yes
CUST-02437,Male,0,Yes,No,16,Yes,No,No,No internet service,No internet service,No internet service,No internet service,No internet service,No internet service,One year,No,Mailed check,32.7,480.41,No
CUST-02438,Male,0,Yes,No,19,Yes,No,DSL,No,Yes,No,No,Yes,Yes,Month-to-month,Yes,Credit card (automatic),72.41,1276.46,Yes
CUST-02439,Male,1,No,No,39,Yes,No,DSL,No,Yes,No,Yes,Yes,No,Month-to-month,No,Credit card (automatic),75.53,2990.38,No
CUST-02440,Female,0,No,No,49,Yes,No,Fiber optic,No,No,Yes,No,Yes,No,Two year,Yes,Electronic check,90.08,4112.16,Yes
CUST-02441,Female,0,Yes,Yes,10,Yes,Yes,Fiber optic,Yes,No,Yes,Yes,Yes,Yes,Two year,Yes,Electronic check,114.02,1095.99,No
CUST-02442,Female,0,Yes,Yes,61,Yes,No,DSL,No,No,Yes,No,No,Yes,One year,Yes,Bank transfer (automatic),71.95,3947.03,Yes
CUST-02443,Female,0,Yes,No,36,Yes,No,Fiber optic,Yes,No,No,No,Yes,No,One year,Yes,Mailed check,91.64,3038.27,Yes
CUST-02444,Female,0,Yes,No,42,Yes,No,Fiber optic,No,No,No,No,No,No,One year,Yes,Bank transfer (automatic),72.81,2879.26,No
CUST-02445,Male,1,Yes,No,49,No,No phone service,DSL,No,No,No,No,No,No,One year,Yes,Electronic check,40.82,1749.14,No
CUST-02446,Male,0,Yes,No,11,Yes,No,DSL,No,Yes,Yes,Yes,Yes,Yes,One year,Yes,Electronic check,82.06,810.12,Yes
CUST-02447,Male,0,No,No,60,Yes,Yes,No,No internet service,No internet service,No internet service,No internet service,No internet service,No internet service,Month-to-month,No,Bank transfer (automatic),42.13,2327.35,No
CUST-02448,Male,0,Yes,Yes,15,Yes,Yes,DSL,Yes,Yes,No,No,Yes,No,Month-to-month,Yes,Electronic check,73.01,1048.03,Yes
CUST-02449,Male,0,No,No,23,Yes,No,Fiber optic,No,No,Yes,No,No,Yes,Month-to-month,No,Mailed check,95.94,2070.9,Yes
CUST-02450,Female,0,No,No,21,Yes,No,No,No internet service,No internet service,No internet service,No internet service,No internet service,No internet service,Month-to-month,No,Mailed check,36.02,729.18,Yes
CUST-02451,Male,0,No,No,72,Yes,No,No,No internet service,No internet service,No internet service,No internet service,No internet service,No internet service,Month-to-month,Yes,Bank transfer (automatic),34.21,2238.81,No
CUST-02452,Male,0,No,Yes,12,Yes,Yes,DSL,No,No,No,No,No,No,Month-to-month,Yes,Mailed check,60.25,711.92,Yes
CUST-02453,Female,0,Yes,No,72,Yes,Yes,Fiber optic,No,No,No,Yes,No,No,One year,Yes,Credit card (automatic),90.47,6277.09,No
CUST-02454,Female,0,Yes,Yes,70,Yes,Yes,Fiber optic,No,No,Yes,Yes,No,No,One year,Yes,Electronic check,89.41,5803.87,No
CUST-02455,Male,1,No,No,8,Yes,No,DSL,Yes,Yes,Yes,No,No,No,Month-to-month,Yes,Electronic check,79.58,587.41,Yes
CUST-02456,Female,0,Yes,No,15,Yes,Yes,Fiber optic,No,No,No,No,Yes,Yes,One year,Yes,Mailed check,96.25,1331.78,No
CUST-02457,Male,0,Yes,No,15,Yes,Yes,Fiber optic,No,No,Yes,No,Yes,Yes,Month-to-month,No,Credit card (automatic),108.8,1481.08,Yes
CUST-02458,Male,0,Yes,No,42,Yes,Yes,Fiber optic,No,Yes,No,Yes,No,Yes,Two year,No,Credit card (automatic),108.39,4195.21,No
CUST-02459,Female,0,No,No,61,Yes,No,DSL,No,No,No,No,No,No,One year,Yes,Electronic check,60.31,3445.77,No
CUST-02460,Female,0,Yes,Yes,15,Yes,No,Fiber optic,No,Yes,No,Yes,Yes,Yes,Month-to-month,No,Bank transfer (automatic),104.93,1491.54,No
CUST-02461,Female,0,No,No,6,Yes,Yes,DSL,No,No,No,No,Yes,No,Month-to-month,No,Mailed check,78.14,454.61,No
CUST-02462,Female,0,Yes,Yes,42,Yes,No,DSL,No,No,Yes,Yes,Yes,Yes,One year,Yes,Bank transfer (automatic),74.49,2962.36,No
CUST-02463,Female,0,No,No,28,Yes,No,DSL,No,No,Yes,No,Yes,Yes,Month-to-month,No,Electronic check,74.53,1862.54,Yes
CUST-02464,Male,0,Yes,Yes,7,Yes,Yes,Fiber optic,No,Yes,No,No,Yes,No,Month-to-month,No,Mailed check,95.67,625.97,No
CUST-02465,Female,0,No,No,38,Yes,Yes,Fiber optic,Yes,Yes,Yes,No,No,No,One year,Yes,Credit card (automatic),105.3,3857.98,No
CUST-02466,Female,0,No,No,27,Yes,No,Fiber optic,Yes,No,No,Yes,No,Yes,Month-to-month,No,Bank transfer (automatic),96.81,2627.93,No
CUST-02467,Female,0,Yes,Yes,10,Yes,Yes,Fiber optic,No,No,Yes,No,Yes,Yes,One year,No,Mailed check,102.49,961.25,No
CUST-02468,Male,0,Yes,Yes,17,Yes,Yes,Fiber optic,No,Yes,No,No,Yes,No,Month-to-month,Yes,Mailed check,90.1,1436.93,Yes
CUST-02469,Female,0,No,No,72,Yes,Yes,Fiber optic,No,No,Yes,Yes,Yes,No,Month-to-month,Yes,Electronic check,98.41,6622.62,Yes
CUST-02470,Female,0,No,No,1,Yes,Yes,Fiber optic,No,No,No,No,Yes,Yes,Month-to-month,No,Electronic check,99.07,93.94,Yes
CUST-02471,Male,0,Yes,No,11,Yes,Yes,DSL,Yes,Yes,Yes,No,No,No,Two year,Yes,Bank transfer (automatic),81.57,818.63,Yes
CUST-02472,Female,0,Yes,Yes,7,Yes,No,Fiber optic,Yes,Yes,Yes,No,Yes,No,Month-to-month,No,Electronic check,99.45,677.55,Yes
CUST-02473,Female,1,Yes,No,21,Yes,No,No,No internet service,No internet service,No internet service,No internet service,No internet service,No internet service,Month-to-month,No,Electronic check,32.07,638.87,No
CUST-02474,Female,0,Yes,No,30,Yes,Yes,Fiber optic,No,No,No,No,No,Yes,Two year,Yes,Bank transfer (automatic),94.79,2900.17,No
CUST-02475,Female,0,Yes,No,24,Yes,Yes,Fiber optic,Yes,No,No,No,No,No,Two year,Yes,Mailed check,92.82,2089.03,Yes
CUST-02476,Female,0,Yes,No,26,Yes,No,DSL,No,No,No,No,No,Yes,Month-to-month,Yes,Electronic check,61.92,1558.92,Yes
CUST-02477,Male,0,Yes,No,31,Yes,Yes,No,No internet service,No internet service,No internet service,No internet service,No internet service,No internet service,Two year,No,Credit card (automatic),47.97,1375.09,No
CUST-02478,Female,0,No,No,17,Yes,Yes,Fiber optic,No,Yes,Yes,Yes,No,No,Month-to-month,Yes,Bank transfer (automatic),101.74,1643.6,Yes
CUST-02479,Female,0,No,No,72,Yes,Yes,DSL,No,No,No,No,No,No,One year,Yes,Bank transfer (automatic),62.03,4289.42,No
CUST-02480,Female,1,No,No,28,Yes,Yes,DSL,No,No,Yes,No,Yes,Yes,Month-to-month,Yes,Mailed check,78.26,2200.52,No
CUST-02481,Male,0,No,Yes,8,Yes,Yes,DSL,Yes,Yes,No,No,Yes,Yes,Month-to-month,Yes,Bank transfer (automatic),89.56,663.89,Yes
CUST-02482,Male,0,No,No,25,Yes,No,DSL,No,No,No,No,Yes,Yes,Month-to-month,No,Mailed check,74.51,1723.62,Yes
CUST-02483,Female,0,Yes,Yes,42,Yes,No,Fiber optic,No,Yes,Yes,No,Yes,No,Month-to-month,Yes,Electronic check,101.6,4015.43,Yes
CUST-02484,Female,0,No,No,47,Yes,No,Fiber optic,No,No,No,No,Yes,Yes,Month-to-month,No,Bank transfer (automatic),93.95,3883.11,No
CUST-02485,Female,1,Yes,No,38,Yes,No,Fiber optic,No,No,No,Yes,Yes,No,Month-to-month,Yes,Credit card (automatic),92.01,3390.73,Yes
CUST-02486,Female,1,No,No,29,Yes,Yes,Fiber optic,No,Yes,Yes,Yes,No,Yes,One year,Yes,Mailed check,102.51,2788.31,No
CUST-02487,Female,1,No,No,11,Yes,No,DSL,No,No,No,No,No,No,Month-to-month,No,Credit card (automatic),63.49,667.57,Yes
CUST-02488,Female,0,No,No,34,Yes,No,Fiber optic,Yes,Yes,Yes,No,No,Yes,Month-to-month,No,Mailed check,102.44,3216.1,Yes
CUST-02489,Male,0,Yes,No,24,Yes,No,Fiber optic,Yes,Yes,Yes,No,No,Yes,Month-to-month,No,Electronic check,104.76,2354.1,No
CUST-02490,Female,0,No,Yes,14,Yes,No,Fiber optic,Yes,Yes,No,No,No,Yes,Month-to-month,No,Credit card (automatic),96.79,1303.48,Yes
CUST-02491,Female,0,Yes,No,28,Yes,No,DSL,No,No,Yes,No,No,No,Month-to-month,No,Bank transfer (automatic),63.99,1713.57,No
CUST-02492,Female,0,Yes,No,49,No,No phone service,DSL,No,No,Yes,No,Yes,No,One year,No,Mailed check,54.81,2430.39,No
CUST-02493,Male,0,Yes,No,6,Yes,Yes,DSL,No,No,No,No,Yes,Yes,Month-to-month,Yes,Electronic check,77.56,451.42,Yes
CUST-02494,Male,0,Yes,Yes,11,Yes,No,No,No internet service,No internet service,No internet service,No internet service,No internet service,No internet service,Month-to-month,Yes,Bank transfer (automatic),32.6,339.74,Yes
CUST-02495,Female,1,No,Yes,44,Yes,No,No,No internet service,No internet service,No internet service,No internet service,No internet service,No internet service,Month-to-month,No,Mailed check,26.65,1091.31,Yes
CUST-02496,Female,0,Yes,Yes,9,Yes,Yes,Fiber optic,No,No,No,Yes,No,Yes,Two year,No,Credit card (automatic),105.08,874.97,No
CUST-02497,Male,1,Yes,No,58,Yes,Yes,Fiber optic,Yes,Yes,Yes,Yes,Yes,No,Month-to-month,Yes,Mailed check,108.74,6057.53,Yes
CUST-02498,Male,0,No,No,22,Yes,Yes,DSL,Yes,No,Yes,No,No,Yes,Month-to-month,No,Credit card (automatic),73.41,1457.78,Yes
CUST-02499,Female,0,No,No,38,Yes,Yes,Fiber optic,No,No,Yes,No,No,No,One year,No,Credit card (automatic),88.39,3022.32,No
CUST-02500,Male,0,Yes,Yes,43,Yes,Yes,Fiber optic,No,Yes,No,Yes,No,Yes,Two year,Yes,Bank transfer (automatic),96.56,4061.56,No
CUST-02501,Male,0,No,No,25,Yes,Yes,No,No internet service,No internet service,No internet service,No internet service,No internet service,No internet service,Month-to-month,Yes,Mailed check,52.2,1239.59,No
CUST-02502,Female,0,No,No,62,Yes,Yes,Fiber optic,Yes,Yes,No,No,Yes,Yes,One year,No,Bank transfer (automatic),106.28,6306.03,No
CUST-02503,Male,0,Yes,Yes,29,Yes,No,DSL,Yes,Yes,Yes,No,Yes,No,Month-to-month,No,Bank transfer (automatic),85.32,2304.31,No
CUST-02504,Female,0,No,No,31,No,No phone service,DSL,No,No,No,No,No,No,One year,Yes,Credit card (automatic),44.67,1328.32,Yes
CUST-02505,Female,1,No,No,8,Yes,No,DSL,Yes,Yes,No,No,Yes,Yes,Month-to-month,Yes,Electronic check,71.16,521.15,Yes
CUST-02506,Female,0,Yes,No,72,Yes,Yes,No,No internet service,No internet service,No internet service,No internet service,No internet service,No internet service,Month-to-month,No,Electronic check,43.7,3007.37,No
CUST-02507,Female,0,Yes,No,49,Yes,Yes,No,No internet service,No internet service,No internet service,No internet service,No internet service,No internet service,Month-to-month,Yes,Bank transfer (automatic),33.73,1490.76,No
CUST-02508,Male,0,Yes,Yes,10,Yes,No,Fiber optic,Yes,Yes,Yes,No,Yes,Yes,Month-to-month,No,Credit card (automatic),108.66,1060.82,Yes
CUST-02509,Female,0,No,No,8,Yes,No,DSL,No,Yes,No,Yes,No,No,Month-to-month,Yes,Electronic check,63.4,493.58,Yes
CUST-02510,Female,0,Yes,Yes,19,No,No phone service,Fiber optic,No,No,No,No,No,No,Month-to-month,No,Credit card (automatic),64.92,1146.13,No
CUST-02511,Female,0,Yes,No,21,Yes,No,No,No internet service,No internet service,No internet service,No internet service,No internet service,No internet service,Two year,Yes,Credit card (automatic),32.38,628.01,No
CUST-02512,Male,0,No,No,27,Yes,Yes,Fiber optic,No,Yes,No,No,Yes,No,Month-to-month,Yes,Bank transfer (automatic),95.03,2464.23,No
CUST-02513,Male,0,No,No,59,Yes,Yes,Fiber optic,No,No,No,Yes,Yes,No,One year,Yes,Bank transfer (automatic),95.9,5124.91,No
CUST-02514,Male,0,Yes,Yes,61,Yes,No,No,No internet service,No internet service,No internet service,No internet service,No internet service,No internet service,Two year,Yes,Bank transfer (automatic),30.34,1698.39,No
CUST-02515,Female,0,Yes,No,48,Yes,No,DSL,No,No,Yes,No,Yes,No,Month-to-month,No,Bank transfer (automatic),59.51,2800.72,No
CUST-02516,Male,1,Yes,Yes,4,Yes,Yes,Fiber optic,Yes,Yes,Yes,Yes,No,Yes,Month-to-month,Yes,Electronic check,115.89,431.4,Yes
CUST-02517,Male,0,No,No,72,Yes,Yes,Fiber optic,Yes,Yes,Yes,No,No,Yes,Month-to-month,No,Credit card (automatic),112.13,7661.75,Yes
CUST-02518,Male,0,Yes,Yes,53,Yes,No,DSL,No,No,No,No,Yes,No,One year,Yes,Bank transfer (automatic),65.85,3118.32,No
CUST-02519,Female,0,Yes,Yes,40,Yes,Yes,DSL,No,No,No,Yes,Yes,No,Two year,Yes,Electronic check,69.34,2657.18,No
CUST-02520,Male,0,No,No,22,Yes,No,DSL,No,Yes,No,No,Yes,No,Month-to-month,Yes,Mailed check,68.08,1488.2,No
CUST-02521,Female,0,Yes,No,38,No,No phone service,Fiber optic,No,No,No,No,No,Yes,Month-to-month,No,Mailed check,70.52,2544.33,Yes
CUST-02522,Female,0,Yes,No,6,Yes,Yes,DSL,Yes,Yes,Yes,No,Yes,No,Two year,Yes,Mailed check,82.39,486.39,Yes
CUST-02523,Female,0,No,No,37,Yes,Yes,Fiber optic,No,No,No,No,Yes,Yes,Month-to-month,Yes,Credit card (automatic),98.66,3345.41,Yes
CUST-02524,Female,0,Yes,No,51,Yes,Yes,No,No internet service,No internet service,No internet service,No internet service,No internet service,No internet service,Month-to-month,Yes,Mailed check,43.11,2235.75,No
CUST-02525,Female,0,No,No,33,Yes,No,DSL,No,No,Yes,No,No,Yes,Month-to-month,No,Electronic check,66.72,2063.61,No
CUST-02526,Female,1,No,No,22,No,No phone service,No,No internet service,No internet service,No internet service,No internet service,No internet service,No internet service,One year,No,Mailed check,23.43,467.25,No
CUST-02527,Female,0,Yes,No,63,Yes,No,Fiber optic,No,No,Yes,No,No,No,Two year,No,Electronic check,82.01,4559.46,No
CUST-02528,Male,0,No,No,72,Yes,No,No,No internet service,No internet service,No internet service,No internet service,No internet service,No internet service,One year,No,Electronic check,32.2,2234.89,No
CUST-02529,Female,1,No,No,40,Yes,Yes,No,No internet service,No internet service,No internet service,No internet service,No internet service,No internet service,Two year,Yes,Mailed check,38.93,1527.2,Yes
CUST-02530,Male,0,No,No,50,Yes,No,DSL,No,Yes,Yes,No,Yes,Yes,Month-to-month,Yes,Credit card (automatic),86.3,3791.61,Yes
CUST-02531,Male,0,No,No,26,Yes,Yes,No,No internet service,No internet service,No internet service,No internet service,No internet service,No internet service,Month-to-month,Yes,Electronic check,38.02,947.82,Yes
CUST-02532,Male,1,Yes,No,19,Yes,Yes,DSL,Yes,No,No,No,No,Yes,One year,Yes,Mailed check,82.08,1453.45,No
CUST-02533,Male,0,Yes,Yes,53,Yes,Yes,No,No internet service,No internet service,No internet service,No internet service,No internet service,No internet service,Two year,No,Electronic check,35.16,1821.61,No
CUST-02534,Female,0,No,No,72,Yes,No,DSL,No,No,No,Yes,No,Yes,Two year,Yes,Electronic check,80.38,5289.77,No
CUST-02535,Male,1,Yes,Yes,15,Yes,Yes,No,No internet service,No internet service,No internet service,No internet service,No internet service,No internet service,Month-to-month,Yes,Electronic check,32.81,474.41,No
CUST-02536,Male,0,Yes,No,11,Yes,No,Fiber optic,Yes,No,Yes,Yes,Yes,Yes,Two year,Yes,Credit card (automatic),109.06,1208.47,No
CUST-02537,Female,0,No,Yes,17,Yes,Yes,Fiber optic,No,No,Yes,No,Yes,Yes,Month-to-month,Yes,Bank transfer (automatic),99.69,1560.9,No
CUST-02538,Female,0,Yes,Yes,14,Yes,Yes,DSL,No,No,Yes,No,No,Yes,Month-to-month,No,Mailed check,65.57,834.3,Yes
CUST-02539,Male,0,No,No,66,Yes,Yes,DSL,No,Yes,No,Yes,Yes,No,Month-to-month,No,Electronic check,83.45,5548.25,No
CUST-02540,Female,0,No,No,61,Yes,Yes,Fiber optic,No,No,No,No,No,Yes,Two year,Yes,Electronic check,93.2,5364.09,Yes
CUST-02541,Female,1,No,No,17,Yes,Yes,Fiber optic,Yes,No,Yes,No,No,No,Two year,Yes,Electronic check,100.62,1597.53,Yes
CUST-02542,Male,0,Yes,Yes,32,Yes,Yes,Fiber optic,No,Yes,No,No,Yes,Yes,One year,No,Credit card (automatic),99.32,2914.23,No
CUST-02543,Male,0,Yes,Yes,11,Yes,Yes,No,No internet service,No internet service,No internet service,No internet service,No internet service,No internet service,One year,No,Mailed check,39.57,427.31,Yes
CUST-02544,Female,0,No,No,25,Yes,No,DSL,No,No,Yes,No,No,Yes,One year,No,Electronic check,73.58,1715.37,Yes
CUST-02545,Male,0,Yes,No,10,Yes,Yes,Fiber optic,No,Yes,Yes,No,Yes,Yes,One year,Yes,Credit card (automatic),106.17,991.41,No
CUST-02546,Female,0,No,No,22,Yes,No,Fiber optic,No,No,Yes,Yes,Yes,No,Month-to-month,Yes,Bank transfer (automatic),93.09,1888.7,Yes
CUST-02547,Male,1,No,Yes,11,Yes,No,No,No internet service,No internet service,No internet service,No internet service,No internet service,No internet service,Month-to-month,No,Credit card (automatic),33.81,350.21,No
CUST-02548,Male,0,Yes,No,63,Yes,No,Fiber optic,Yes,No,Yes,No,Yes,Yes,Month-to-month,No,Electronic check,108.11,6486.39,Yes
CUST-02549,Female,0,Yes,No,32,Yes,Yes,DSL,Yes,Yes,Yes,No,Yes,Yes,Month-to-month,Yes,Electronic check,90.08,2834.69,No
CUST-02550,Female,0,No,No,36,Yes,Yes,No,No internet service,No internet service,No internet service,No internet service,No internet service,No internet service,Month-to-month,Yes,Credit card (automatic),38.06,1231.73,Yes
CUST-02551,Male,0,Yes,No,15,Yes,Yes,No,No internet service,No internet service,No internet service,No internet service,No internet service,No internet service,Two year,No,Mailed check,34.49,478.83,No
CUST-02552,Female,0,No,No,20,Yes,Yes,Fiber optic,No,No,Yes,No,No,No,Month-to-month,Yes,Bank transfer (automatic),91.1,1826.13,Yes
CUST-02553,Female,0,No,Yes,30,Yes,No,DSL,Yes,No,No,No,Yes,No,One year,Yes,Electronic check,74.66,2113.94,Yes
CUST-02554,Female,0,Yes,No,72,Yes,No,No,No internet service,No internet service,No internet service,No internet service,No internet service,No internet service,Two year,Yes,Credit card (automatic),25.87,1792.27,No
CUST-02555,Male,0,No,No,28,Yes,Yes,Fiber optic,No,No,No,Yes,Yes,Yes,One year,Yes,Credit card (automatic),100.3,2608.64,No
CUST-02556,Female,1,Yes,Yes,70,Yes,Yes,DSL,Yes,Yes,No,No,No,No,Month-to-month,Yes,Bank transfer (automatic),80.56,5242.9,Yes
CUST-02557,Male,0,Yes,No,21,Yes,No,DSL,No,Yes,Yes,Yes,No,No,One year,No,Bank transfer (automatic),73.31,1493.07,No
CUST-02558,Male,0,No,No,29,Yes,Yes,Fiber optic,No,Yes,No,No,Yes,No,One year,No,Mailed check,93.14,2510.38,Yes
CUST-02559,Female,0,No,Yes,60,Yes,No,Fiber optic,Yes,No,No,No,No,Yes,Month-to-month,Yes,Mailed check,87.4,5054.7,No
CUST-02560,Male,0,No,No,46,Yes,No,Fiber optic,No,Yes,Yes,No,No,Yes,One year,No,Electronic check,98.42,4423.06,No
CUST-02561,Male,1,No,No,14,No,No phone service,Fiber optic,No,No,No,No,No,No,One year,Yes,Electronic check,64.64,802.73,Yes
CUST-02562,Female,0,No,No,37,Yes,Yes,Fiber optic,Yes,No,Yes,Yes,No,Yes,Two year,No,Electronic check,112.04,3907.63,No
CUST-02563,Male,0,Yes,No,38,Yes,Yes,Fiber optic,No,No,Yes,Yes,Yes,No,One year,Yes,Mailed check,99.58,3548.55,Yes
CUST-02564,Female,0,Yes,No,43,Yes,No,DSL,No,No,No,Yes,Yes,No,Month-to-month,Yes,Credit card (automatic),70.43,2905.68,Yes
CUST-02565,Female,1,Yes,No,15,Yes,Yes,No,No internet service,No internet service,No internet service,No internet service,No internet service,No internet service,One year,No,Electronic check,38.64,569.4,No
CUST-02566,Female,0,Yes,Yes,9,No,No phone service,No,No internet service,No internet service,No internet service,No internet service,No internet service,No internet service,Month-to-month,No,Mailed check,19.94,165.78,Yes
CUST-02567,Male,0,Yes,Yes,72,Yes,Yes,No,No internet service,No internet service,No internet service,No internet service,No internet service,No internet service,One year,No,Electronic check,31.94,2237.83,No
CUST-02568,Male,0,No,No,72,Yes,Yes,DSL,No,Yes,No,Yes,Yes,Yes,Month-to-month,Yes,Bank transfer (automatic),87.19,6100.54,No
CUST-02569,Female,0,Yes,Yes,42,Yes,Yes,Fiber optic,Yes,Yes,No,Yes,Yes,Yes,Month-to-month,Yes,Bank transfer (automatic),114.55,4548.72,Yes
CUST-02570,Male,1,No,No,20,Yes,No,Fiber optic,Yes,No,No,No,No,Yes,Month-to-month,Yes,Mailed check,75.54,1434.69,Yes
CUST-02571,Male,0,No,No,66,Yes,Yes,DSL,No,Yes,Yes,No,Yes,Yes,Month-to-month,No,Electronic check,84.56,5207.97,No
CUST-02572,Male,0,No,No,13,Yes,Yes,No,No internet service,No internet service,No internet service,No internet service,No internet service,No internet service,Two year,Yes,Mailed check,38.94,461.4,No
CUST-02573,Male,0,Yes,No,14,Yes,Yes,DSL,Yes,Yes,No,No,Yes,Yes,Month-to-month,Yes,Electronic check,89.25,1206.34,Yes
CUST-02574,Female,1,No,No,72,Yes,No,DSL,Yes,Yes,Yes,No,No,Yes,Two year,Yes,Bank transfer (automatic),87.01,5956.42,No
CUST-02575,Male,0,No,Yes,72,Yes,No,No,No internet service,No internet service,No internet service,No internet service,No internet service,No internet service,Two year,Yes,Bank transfer (automatic),43.19,2954.81,No
CUST-02576,Female,0,Yes,No,18,Yes,Yes,DSL,No,No,Yes,Yes,Yes,No,Two year,Yes,Bank transfer (automatic),82.31,1457.74,No
CUST-02577,Female,1,Yes,No,15,Yes,Yes,DSL,Yes,No,No,No,No,No,Month-to-month,No,Electronic check,73.45,1012.06,Yes
CUST-02578,Female,0,Yes,Yes,28,Yes,No,No,No internet service,No internet service,No internet service,No internet service,No internet service,No internet service,Month-to-month,No,Credit card (automatic),32.19,838.9,Yes
CUST-02579,Male,1,No,No,12,Yes,No,DSL,Yes,No,No,No,No,No,Month-to-month,Yes,Electronic check,67.96,698.49,Yes
CUST-02580,Male,0,No,No,8,Yes,Yes,Fiber optic,Yes,Yes,No,No,No,No,Two year,Yes,Credit card (automatic),95.54,731.21,No
CUST-02581,Female,0,No,Yes,8,No,No phone service,No,No internet service,No internet service,No internet service,No internet service,No internet service,No internet service,Month-to-month,Yes,Electronic check,27.04,195.83,No
CUST-02582,Female,0,No,No,36,Yes,No,DSL,No,No,Yes,No,Yes,Yes,Month-to-month,No,Electronic check,82.18,2798.64,Yes
CUST-02583,Female,0,Yes,No,27,No,No phone service,Fiber optic,Yes,No,Yes,Yes,Yes,No,One year,Yes,Bank transfer (automatic),86.84,2072.98,No
CUST-02584,Male,0,Yes,Yes,59,Yes,Yes,No,No internet service,No internet service,No internet service,No internet service,No internet service,No internet service,Month-to-month,Yes,Mailed check,37.52,2092.16,No
CUST-02585,Female,0,No,Yes,72,Yes,Yes,Fiber optic,No,Yes,Yes,No,Yes,No,Month-to-month,Yes,Credit card (automatic),102.46,6993.28,Yes
CUST-02586,Male,1,No,No,41,Yes,No,No,No internet service,No internet service,No internet service,No internet service,No internet service,No internet service,Month-to-month,Yes,Mailed check,31.16,1194.4,No
CUST-02587,Female,0,No,No,12,No,No phone service,DSL,Yes,Yes,No,No,No,No,Two year,Yes,Credit card (automatic),56.0,626.2,Yes
CUST-02588,Female,0,Yes,Yes,4,Yes,No,Fiber optic,No,No,No,No,No,No,Month-to-month,Yes,Credit card (automatic),73.87,271.35,Yes
CUST-02589,Male,0,Yes,No,21,Yes,No,No,No internet service,No internet service,No internet service,No internet service,No internet service,No internet service,Month-to-month,Yes,Bank transfer (automatic),39.53,822.1,No
CUST-02590,Female,0,Yes,Yes,19,Yes,No,Fiber optic,No,No,Yes,Yes,No,Yes,Two year,Yes,Bank transfer (automatic),93.01,1600.75,Yes
CUST-02591,Female,0,Yes,No,12,Yes,Yes,No,No internet service,No internet service,No internet service,No internet service,No internet service,No internet service,Two year,No,Credit card (automatic),42.06,504.99,No
CUST-02592,Female,0,Yes,No,40,Yes,Yes,DSL,No,Yes,Yes,Yes,Yes,Yes,One year,No,Bank transfer (automatic),82.41,3068.43,No
CUST-02593,Male,0,No,Yes,42,Yes,No,DSL,No,No,Yes,Yes,Yes,Yes,One year,Yes,Bank transfer (automatic),77.42,3226.74,No
CUST-02594,Female,0,No,No,35,No,No phone service,No,No internet service,No internet service,No internet service,No internet service,No internet service,No internet service,Month-to-month,No,Bank transfer (automatic),26.18,864.53,No
CUST-02595,Female,0,Yes,No,72,Yes,No,Fiber optic,No,Yes,No,Yes,No,Yes,Month-to-month,Yes,Electronic check,97.42,6795.82,Yes
CUST-02596,Female,0,Yes,Yes,8,Yes,No,DSL,Yes,No,Yes,No,No,Yes,One year,Yes,Electronic check,83.08,598.53,No
CUST-02597,Male,1,Yes,Yes,22,Yes,No,DSL,Yes,Yes,Yes,No,Yes,Yes,Month-to-month,No,Electronic check,86.45,1674.68,No
CUST-02598,Male,0,Yes,No,28,Yes,No,Fiber optic,Yes,Yes,Yes,Yes,No,Yes,One year,Yes,Bank transfer (automatic),105.18,2906.54,Yes
CUST-02599,Male,0,No,No,20,No,No phone service,Fiber optic,Yes,Yes,No,No,Yes,No,One year,Yes,Electronic check,85.04,1689.54,No
CUST-02600,Female,0,Yes,No,18,Yes,No,DSL,Yes,No,No,Yes,Yes,No,Two year,No,Credit card (automatic),76.36,1255.66,No
CUST-02601,Male,0,No,No,47,Yes,Yes,Fiber optic,Yes,Yes,No,Yes,No,Yes,Month-to-month,Yes,Electronic check,106.52,5019.81,Yes
CUST-02602,Female,0,Yes,Yes,15,Yes,No,DSL,No,No,No,Yes,Yes,Yes,Month-to-month,No,Credit card (automatic),83.47,1093.03,Yes
CUST-02603,Male,1,Yes,Yes,13,Yes,Yes,DSL,No,No,Yes,Yes,Yes,No,Month-to-month,Yes,Bank transfer (automatic),89.25,1090.18,No
CUST-02604,Male,1,No,No,42,Yes,No,Fiber optic,No,No,No,Yes,Yes,No,Two year,Yes,Credit card (automatic),96.6,3732.59,Yes
CUST-02605,Male,0,Yes,Yes,41,Yes,Yes,Fiber optic,No,No,No,No,Yes,No,One year,No,Electronic check,88.71,3402.95,Yes
CUST-02606,Male,0,Yes,No,7,Yes,Yes,Fiber optic,No,Yes,No,No,Yes,Yes,One year,Yes,Credit card (automatic),87.07,600.37,Yes
CUST-02607,Male,0,No,No,60,Yes,No,Fiber optic,Yes,No,No,Yes,No,No,One year,Yes,Mailed check,87.11,4603.21,No
CUST-02608,Female,0,Yes,Yes,72,Yes,No,DSL,No,No,Yes,No,No,Yes,Month-to-month,Yes,Electronic check,69.24,4727.49,Yes
CUST-02609,Male,0,Yes,No,5,Yes,No,Fiber optic,Yes,Yes,No,No,No,Yes,One year,Yes,Mailed check,91.84,406.23,No
CUST-02610,Male,0,Yes,No,48,Yes,Yes,No,No internet service,No internet service,No internet service,No internet service,No internet service,No internet service,One year,Yes,Bank transfer (automatic),36.82,1609.46,No
CUST-02611,Male,0,Yes,Yes,34,Yes,No,Fiber optic,No,No,No,No,No,No,Two year,Yes,Electronic check,82.63,2685.41,Yes
CUST-02612,Male,0,No,No,31,Yes,No,Fiber optic,Yes,No,No,Yes,Yes,Yes,Month-to-month,No,Bank transfer (automatic),95.57,2787.69,No
CUST-02613,Female,0,Yes,Yes,62,Yes,Yes,DSL,No,Yes,No,No,Yes,No,One year,No,Electronic check,71.56,4197.85,No
CUST-02614,Male,0,No,No,33,Yes,No,Fiber optic,No,Yes,No,No,No,No,Month-to-month,Yes,Mailed check,82.81,2441.35,Yes
CUST-02615,Female,0,No,No,32,Yes,Yes,DSL,Yes,No,No,No,No,No,Month-to-month,No,Mailed check,70.36,2210.69,No
CUST-02616,Male,0,Yes,No,19,Yes,No,Fiber optic,No,Yes,No,No,Yes,No,One year,No,Electronic check,98.57,1709.0,No
CUST-02617,Male,0,Yes,No,64,Yes,Yes,No,No internet service,No internet service,No internet service,No internet service,No internet service,No internet service,Month-to-month,No,Mailed check,37.06,2309.16,No
CUST-02618,Female,1,Yes,Yes,7,Yes,No,Fiber optic,Yes,Yes,Yes,No,No,No,Month-to-month,No,Bank transfer (automatic),101.86,667.02,No
CUST-02619,Male,0,Yes,No,54,No,No phone service,Fiber optic,No,Yes,No,No,Yes,No,Month-to-month,No,Electronic check,75.0,3937.39,Yes
CUST-02620,Male,0,Yes,Yes,15,Yes,No,DSL,Yes,No,Yes,No,No,No,Two year,No,Electronic check,72.46,1090.4,No
CUST-02621,Male,0,No,No,27,No,No phone service,Fiber optic,No,No,No,Yes,Yes,Yes,One year,No,Credit card (automatic),84.83,2140.53,Yes
CUST-02622,Female,0,Yes,Yes,12,Yes,Yes,No,No internet service,No internet service,No internet service,No internet service,No internet service,No internet service,Month-to-month,Yes,Bank transfer (automatic),49.93,603.69,No
CUST-02623,Female,0,No,No,21,Yes,Yes,No,No internet service,No internet service,No internet service,No internet service,No internet service,No internet service,Month-to-month,Yes,Credit card (automatic),35.58,719.83,Yes
CUST-02624,Male,0,No,No,14,Yes,No,DSL,No,Yes,Yes,No,No,No,Month-to-month,No,Mailed check,72.04,957.77,No
CUST-02625,Male,0,No,No,23,Yes,No,Fiber optic,No,Yes,No,No,Yes,Yes,Month-to-month,Yes,Electronic check,99.1,2048.75,Yes
CUST-02626,Male,0,Yes,No,57,Yes,Yes,DSL,No,No,Yes,No,No,Yes,Month-to-month,Yes,Bank transfer (automatic),70.34,3696.9,Yes
CUST-02627,Male,0,Yes,No,19,Yes,Yes,Fiber optic,No,No,Yes,No,No,Yes,Month-to-month,Yes,Electronic check,88.88,1609.69,Yes
CUST-02628,Female,0,No,Yes,40,Yes,Yes,Fiber optic,No,No,No,No,Yes,No,Two year,No,Electronic check,82.64,3073.82,No
CUST-02629,Male,0,Yes,No,17,Yes,No,Fiber optic,No,Yes,No,Yes,Yes,No,One year,No,Electronic check,86.36,1400.46,No
CUST-02630,Female,0,No,No,14,Yes,Yes,DSL,Yes,Yes,Yes,No,Yes,Yes,Month-to-month,Yes,Bank transfer (automatic),89.37,1191.06,Yes
CUST-02631,Male,0,No,No,29,No,No phone service,DSL,No,No,Yes,No,No,No,Month-to-month,Yes,Electronic check,52.79,1380.02,Yes
CUST-02632,Male,0,No,No,2,No,No phone service,DSL,Yes,No,No,No,Yes,No,Two year,Yes,Mailed check,52.42,96.72,No
CUST-02633,Male,0,Yes,Yes,18,Yes,Yes,DSL,No,No,No,No,No,Yes,Month-to-month,No,Bank transfer (automatic),69.43,1233.83,Yes
CUST-02634,Male,0,Yes,No,66,Yes,Yes,Fiber optic,Yes,Yes,No,Yes,No,Yes,One year,Yes,Mailed check,105.21,,No
CUST-02635,Female,0,Yes,No,38,Yes,No,Fiber optic,Yes,No,Yes,Yes,Yes,No,One year,Yes,Mailed check,105.0,3573.38,No
CUST-02636,Female,0,No,No,27,No,No phone service,DSL,Yes,No,No,No,Yes,Yes,Two year,No,Credit card (automatic),63.61,1563.66,No
CUST-02637,Female,0,No,No,26,Yes,Yes,DSL,No,No,Yes,Yes,No,No,Two year,Yes,Credit card (automatic),77.57,1951.2,No
CUST-02638,Male,0,No,No,57,Yes,Yes,Fiber optic,Yes,Yes,Yes,Yes,Yes,Yes,One year,Yes,Credit card (automatic),124.88,6562.68,No
CUST-02639,Female,0,No,No,17,No,No phone service,DSL,Yes,Yes,No,No,Yes,Yes,One year,No,Bank transfer (automatic),64.9,984.73,No
CUST-02640,Male,0,No,No,22,Yes,Yes,No,No internet service,No internet service,No internet service,No internet service,No internet service,No internet service,Month-to-month,Yes,Mailed check,41.71,851.16,Yes
CUST-02641,Female,0,No,Yes,2,Yes,Yes,Fiber optic,Yes,Yes,No,Yes,Yes,No,Month-to-month,Yes,Bank transfer (automatic),105.17,201.91,Yes
CUST-02642,Female,0,Yes,No,26,Yes,Yes,DSL,No,Yes,No,No,Yes,Yes,One year,Yes,Bank transfer (automatic),76.46,1815.99,Yes
CUST-02643,Female,0,Yes,No,40,Yes,Yes,No,No internet service,No internet service,No internet service,No internet service,No internet service,No internet service,Month-to-month,Yes,Mailed check,41.38,1584.03,No
CUST-02644,Female,0,No,Yes,18,Yes,No,No,No internet service,No internet service,No internet service,No internet service,No internet service,No internet service,Month-to-month,No,Mailed check,33.12,567.25,No
CUST-02645,Female,0,No,No,36,Yes,No,Fiber optic,Yes,No,No,Yes,Yes,No,One year,No,Mailed check,94.59,3224.0,No
CUST-02646,Female,0,Yes,Yes,22,Yes,No,Fiber optic,No,Yes,No,Yes,No,No,One year,Yes,Bank transfer (automatic),91.27,1823.72,No
CUST-02647,Male,0,No,No,37,No,No phone service,DSL,No,Yes,No,Yes,No,Yes,One year,No,Electronic check,61.37,2042.33,Yes
CUST-02648,Male,0,Yes,Yes,30,Yes,Yes,Fiber optic,Yes,No,No,No,No,No,One year,No,Credit card (automatic),89.84,2640.51,No
CUST-02649,Male,0,Yes,No,15,No,No phone service,Fiber optic,No,Yes,No,No,No,Yes,Two year,No,Mailed check,66.27,957.78,No
CUST-02650,Female,0,No,No,22,Yes,Yes,Fiber optic,No,Yes,No,Yes,Yes,Yes,Two year,No,Bank transfer (automatic),103.48,2166.63,Yes
CUST-02651,Male,1,Yes,Yes,26,Yes,No,DSL,No,No,Yes,No,No,No,Month-to-month,No,Electronic check,63.9,1582.71,No
CUST-02652,Male,0,No,No,25,No,No phone service,Fiber optic,Yes,Yes,No,No,No,Yes,Month-to-month,Yes,Mailed check,81.56,1968.39,No
CUST-02653,Male,0,No,No,72,Yes,Yes,Fiber optic,Yes,No,Yes,Yes,Yes,Yes,Month-to-month,Yes,Mailed check,113.58,7523.72,No
CUST-02654,Female,0,No,No,25,Yes,Yes,DSL,No,No,No,No,No,Yes,Month-to-month,Yes,Bank transfer (automatic),65.98,1606.69,Yes
CUST-02655,Male,0,Yes,Yes,66,Yes,Yes,DSL,Yes,Yes,No,No,No,Yes,Month-to-month,No,Mailed check,80.09,4913.44,No
CUST-02656,Male,0,No,Yes,11,Yes,No,Fiber optic,Yes,Yes,Yes,No,No,No,Month-to-month,Yes,Bank transfer (automatic),81.33,,Yes
CUST-02657,Female,1,Yes,No,36,Yes,No,No,No internet service,No internet service,No internet service,No internet service,No internet service,No internet service,Month-to-month,Yes,Bank transfer (automatic),34.59,1240.15,Yes
CUST-02658,Female,0,No,No,48,No,No phone service,DSL,Yes,No,No,Yes,Yes,Yes,Month-to-month,Yes,Bank transfer (automatic),70.13,3241.08,No
CUST-02659,Male,0,Yes,Yes,7,Yes,Yes,Fiber optic,Yes,Yes,No,No,Yes,Yes,Two year,Yes,Bank transfer (automatic),112.76,723.32,No
CUST-02660,Female,0,No,No,41,Yes,Yes,Fiber optic,Yes,Yes,No,No,Yes,Yes,Month-to-month,Yes,Bank transfer (automatic),101.89,4002.68,Yes
CUST-02661,Female,0,No,No,3,Yes,No,DSL,Yes,No,No,No,Yes,No,One year,No,Mailed check,65.15,181.33,No
CUST-02662,Male,0,Yes,Yes,17,No,No phone service,DSL,No,Yes,Yes,No,Yes,No,One year,No,Credit card (automatic),65.1,1040.5,No
CUST-02663,Female,0,Yes,Yes,28,Yes,No,No,No internet service,No internet service,No internet service,No internet service,No internet service,No internet service,Month-to-month,No,Mailed check,38.37,1020.76,No
CUST-02664,Female,0,Yes,No,72,Yes,Yes,Fiber optic,No,No,Yes,No,No,Yes,One year,Yes,Credit card (automatic),94.67,6008.78,No
CUST-02665,Female,0,No,Yes,41,Yes,No,DSL,No,No,Yes,No,No,No,Two year,Yes,Electronic check,65.19,2470.45,No
CUST-02666,Male,0,No,No,16,Yes,Yes,Fiber optic,No,Yes,No,No,No,Yes,One year,No,Electronic check,98.6,1464.59,No
CUST-02667,Female,0,No,No,56,Yes,Yes,No,No internet service,No internet service,No internet service,No internet service,No internet service,No internet service,One year,Yes,Mailed check,33.19,1757.24,No
CUST-02668,Male,1,No,No,9,Yes,No,Fiber optic,No,No,Yes,Yes,No,No,Month-to-month,Yes,Electronic check,92.58,742.79,Yes
CUST-02669,Female,0,Yes,No,5,Yes,No,DSL,No,Yes,Yes,No,Yes,No,Two year,Yes,Credit card (automatic),79.95,354.05,No
CUST-02670,Male,1,No,No,36,Yes,Yes,DSL,No,No,No,Yes,No,No,Month-to-month,Yes,Bank transfer (automatic),69.48,2364.69,No
CUST-02671,Male,0,Yes,No,18,Yes,No,DSL,Yes,Yes,No,Yes,No,Yes,One year,No,Credit card (automatic),88.82,1568.53,No
CUST-02672,Male,1,No,Yes,29,Yes,Yes,DSL,No,Yes,No,No,Yes,Yes,Two year,No,Mailed check,80.06,2205.55,No
CUST-02673,Male,0,Yes,No,9,Yes,Yes,DSL,No,Yes,No,No,No,No,One year,Yes,Electronic check,62.88,582.69,No
CUST-02674,Female,0,No,No,60,Yes,No,No,No internet service,No internet service,No internet service,No internet service,No internet service,No internet service,Month-to-month,Yes,Electronic check,32.56,1825.22,Yes
CUST-02675,Male,0,Yes,No,56,Yes,No,DSL,No,No,Yes,No,No,Yes,Month-to-month,Yes,Mailed check,63.89,3351.38,Yes
CUST-02676,Male,1,Yes,Yes,7,Yes,Yes,DSL,Yes,No,No,Yes,No,Yes,Two year,No,Electronic check,83.56,534.47,Yes
CUST-02677,Male,0,Yes,No,11,Yes,No,No,No internet service,No internet service,No internet service,No internet service,No internet service,No internet service,Month-to-month,No,Credit card (automatic),37.84,411.62,No
CUST-02678,Male,0,No,No,67,Yes,Yes,Fiber optic,Yes,Yes,No,No,Yes,No,Month-to-month,Yes,Mailed check,96.3,5902.28,No
CUST-02679,Male,0,No,No,18,Yes,No,DSL,No,No,Yes,Yes,No,No,Month-to-month,No,Electronic check,73.52,1248.57,No
CUST-02680,Female,0,Yes,No,9,Yes,No,Fiber optic,Yes,No,No,No,Yes,Yes,One year,Yes,Mailed check,98.29,759.63,Yes
CUST-02681,Female,1,Yes,No,32,Yes,No,Fiber optic,No,No,No,Yes,Yes,No,Month-to-month,Yes,Bank transfer (automatic),86.69,2737.48,Yes
CUST-02682,Female,0,Yes,No,19,Yes,No,DSL,No,Yes,Yes,No,Yes,Yes,Month-to-month,Yes,Bank transfer (automatic),80.16,1473.66,Yes
CUST-02683,Female,0,No,No,9,Yes,Yes,Fiber optic,No,No,No,Yes,No,No,Two year,No,Mailed check,91.12,764.93,No
CUST-02684,Male,0,No,No,72,Yes,No,Fiber optic,No,Yes,Yes,Yes,Yes,Yes,One year,Yes,Bank transfer (automatic),107.14,7205.37,No
CUST-02685,Male,0,No,No,4,Yes,No,DSL,No,Yes,Yes,No,No,No,Month-to-month,Yes,Credit card (automatic),68.29,259.76,Yes
CUST-02686,Female,0,No,No,24,Yes,Yes,DSL,No,No,Yes,Yes,No,Yes,Month-to-month,Yes,Credit card (automatic),78.48,1905.9,Yes
CUST-02687,Female,0,Yes,Yes,49,No,No phone service,Fiber optic,No,Yes,No,Yes,No,No,Month-to-month,Yes,Bank transfer (automatic),69.52,3147.52,No
CUST-02688,Male,0,Yes,Yes,63,No,No phone service,DSL,No,Yes,Yes,Yes,No,No,Month-to-month,Yes,Electronic check,56.25,3374.89,No
CUST-02689,Male,0,No,No,41,Yes,No,Fiber optic,No,No,No,No,No,Yes,Month-to-month,No,Electronic check,81.83,3004.61,Yes
CUST-02690,Male,1,No,No,51,Yes,Yes,Fiber optic,No,Yes,Yes,No,Yes,No,Month-to-month,Yes,Bank transfer (automatic),105.27,5231.71,Yes
CUST-02691,Male,0,Yes,Yes,45,Yes,No,Fiber optic,Yes,No,Yes,No,No,Yes,Month-to-month,Yes,Electronic check,87.51,3869.63,Yes
CUST-02692,Male,0,No,No,28,No,No phone service,DSL,No,Yes,No,No,Yes,Yes,Month-to-month,No,Credit card (automatic),60.02,1529.35,No
CUST-02693,Male,0,Yes,No,13,Yes,No,DSL,No,Yes,Yes,No,Yes,No,Month-to-month,Yes,Bank transfer (automatic),81.9,989.08,Yes
CUST-02694,Female,1,Yes,No,20,Yes,Yes,No,No internet service,No internet service,No internet service,No internet service,No internet service,No internet service,Two year,Yes,Credit card (automatic),28.25,556.86,No
CUST-02695,Male,0,Yes,No,10,No,No phone service,DSL,No,No,No,No,No,No,Two year,No,Bank transfer (automatic),45.44,430.72,No
CUST-02696,Female,0,No,No,30,Yes,No,No,No internet service,No internet service,No internet service,No internet service,No internet service,No internet service,Month-to-month,Yes,Electronic check,31.22,832.3,Yes
CUST-02697,Female,0,No,No,13,Yes,No,Fiber optic,No,No,No,Yes,Yes,No,Two year,Yes,Mailed check,90.08,1145.91,No
CUST-02698,Female,1,No,No,24,Yes,Yes,DSL,No,No,Yes,Yes,No,Yes,Two year,No,Electronic check,81.12,1804.8,No
CUST-02699,Female,1,No,No,22,Yes,No,DSL,No,No,No,Yes,No,Yes,Month-to-month,Yes,Electronic check,75.55,1499.26,Yes
CUST-02700,Female,0,No,No,34,Yes,Yes,DSL,No,No,No,No,Yes,Yes,One year,Yes,Bank transfer (automatic),74.03,2427.39,No
CUST-02701,Male,0,Yes,No,24,Yes,No,No,No internet service,No internet service,No internet service,No internet service,No internet service,No internet service,Two year,Yes,Bank transfer (automatic),31.74,777.55,No
CUST-02702,Male,0,No,No,26,Yes,Yes,DSL,No,No,Yes,No,Yes,No,One year,Yes,Mailed check,74.23,1822.05,No
CUST-02703,Female,0,Yes,Yes,8,Yes,Yes,Fiber optic,No,Yes,Yes,No,No,No,Month-to-month,Yes,Mailed check,98.1,732.71,Yes
CUST-02704,Male,0,No,No,16,Yes,No,DSL,Yes,No,Yes,Yes,No,Yes,Month-to-month,Yes,Electronic check,79.48,1123.24,Yes
CUST-02705,Female,0,Yes,No,0,Yes,No,Fiber optic,No,Yes,No,No,Yes,No,Month-to-month,Yes,Credit card (automatic),91.12,81.42,Yes
CUST-02706,Female,0,Yes,No,40,Yes,No,Fiber optic,Yes,No,Yes,No,Yes,Yes,Month-to-month,No,Credit card (automatic),104.63,3624.41,No
CUST-02707,Male,1,No,No,21,Yes,No,DSL,No,Yes,Yes,No,Yes,No,One year,No,Electronic check,74.93,1430.49,Yes
CUST-02708,Female,1,Yes,Yes,19,Yes,Yes,Fiber optic,Yes,No,No,Yes,No,Yes,Month-to-month,Yes,Credit card (automatic),97.72,1693.93,Yes
CUST-02709,Male,0,Yes,No,31,Yes,No,DSL,No,No,Yes,Yes,No,No,Month-to-month,No,Bank transfer (automatic),59.2,1671.29,No
CUST-02710,Male,0,No,No,27,Yes,Yes,Fiber optic,Yes,No,Yes,No,No,Yes,Month-to-month,Yes,Electronic check,107.43,2699.55,No
CUST-02711,Female,0,No,No,30,Yes,Yes,No,No internet service,No internet service,No internet service,No internet service,No internet service,No internet service,Two year,Yes,Electronic check,41.94,1179.89,No
CUST-02712,Female,0,Yes,No,34,Yes,Yes,Fiber optic,No,Yes,Yes,No,Yes,Yes,Month-to-month,No,Mailed check,102.66,3146.69,Yes
CUST-02713,Male,1,Yes,No,24,Yes,Yes,Fiber optic,Yes,No,No,No,Yes,Yes,Two year,No,Bank transfer (automatic),100.43,2255.23,Yes
CUST-02714,Male,0,Yes,No,10,Yes,Yes,Fiber optic,No,No,Yes,Yes,No,Yes,Two year,No,Mailed check,110.21,1059.87,No
CUST-02715,Male,0,No,No,9,Yes,Yes,DSL,Yes,No,Yes,No,Yes,Yes,Month-to-month,Yes,Credit card (automatic),83.05,728.96,Yes
CUST-02716,Female,0,No,Yes,15,Yes,Yes,Fiber optic,Yes,No,No,No,No,Yes,Month-to-month,Yes,Electronic check,100.63,1442.94,Yes
CUST-02717,Female,0,Yes,No,72,No,No phone service,Fiber optic,No,Yes,No,Yes,Yes,Yes,One year,No,Electronic check,93.46,6644.57,No
CUST-02718,Male,1,No,No,27,Yes,Yes,Fiber optic,Yes,No,Yes,No,No,Yes,One year,No,Bank transfer (automatic),100.01,2397.07,Yes
CUST-02719,Male,0,No,No,37,Yes,No,Fiber optic,No,Yes,No,Yes,No,Yes,One year,No,Bank transfer (automatic),90.55,2800.68,Yes
CUST-02720,Female,0,No,No,19,Yes,No,No,No internet service,No internet service,No internet service,No internet service,No internet service,No internet service,Month-to-month,No,Electronic check,34.04,620.06,No
CUST-02721,Male,0,Yes,No,22,Yes,No,DSL,No,Yes,Yes,No,Yes,No,Month-to-month,Yes,Credit card (automatic),74.34,1626.36,Yes
CUST-02722,Male,0,No,No,13,Yes,Yes,DSL,No,Yes,No,No,Yes,Yes,Two year,Yes,Bank transfer (automatic),82.63,952.91,No
CUST-02723,Female,0,No,No,39,Yes,Yes,Fiber optic,No,Yes,No,Yes,No,Yes,One year,Yes,Electronic check,98.82,3588.66,Yes
CUST-02724,Female,1,Yes,Yes,21,Yes,No,DSL,Yes,No,Yes,No,No,No,One year,Yes,Bank transfer (automatic),67.34,1306.48,No
CUST-02725,Male,0,Yes,Yes,41,Yes,Yes,DSL,Yes,No,Yes,No,Yes,Yes,Month-to-month,Yes,Electronic check,89.62,3671.75,Yes
CUST-02726,Male,1,Yes,No,3,Yes,Yes,Fiber optic,No,No,No,No,No,No,Month-to-month,No,Electronic check,76.05,218.45,Yes
CUST-02727,Female,0,Yes,Yes,43,Yes,Yes,No,No internet service,No internet service,No internet service,No internet service,No internet service,No internet service,One year,Yes,Credit card (automatic),40.23,1615.41,No
CUST-02728,Female,0,No,Yes,12,Yes,No,Fiber optic,No,No,Yes,No,Yes,Yes,Month-to-month,Yes,Electronic check,92.72,1089.38,Yes
CUST-02729,Male,1,No,No,14,Yes,No,Fiber optic,No,Yes,Yes,No,No,Yes,Month-to-month,Yes,Electronic check,95.76,1268.45,Yes
CUST-02730,Female,0,Yes,No,50,Yes,Yes,DSL,No,No,Yes,No,No,Yes,Month-to-month,Yes,Mailed check,68.51,3125.5,No
CUST-02731,Male,0,No,No,55,No,No phone service,DSL,Yes,Yes,Yes,No,Yes,No,Two year,Yes,Bank transfer (automatic),74.62,4021.42,No
CUST-02732,Male,1,Yes,Yes,28,No,No phone service,DSL,No,Yes,No,No,No,No,Two year,Yes,Credit card (automatic),50.33,1248.55,No
CUST-02733,Male,0,No,No,52,No,No phone service,No,No internet service,No internet service,No internet service,No internet service,No internet service,No internet service,Two year,Yes,Mailed check,22.49,1088.37,No
CUST-02734,Female,1,Yes,Yes,16,Yes,No,DSL,No,No,No,No,No,No,One year,No,Bank transfer (automatic),54.13,803.91,No
CUST-02735,Female,0,No,No,19,Yes,No,No,No internet service,No internet service,No internet service,No internet service,No internet service,No internet service,One year,No,Mailed check,30.08,585.68,No
CUST-02736,Female,1,No,No,64,Yes,No,DSL,Yes,Yes,Yes,Yes,Yes,Yes,Month-to-month,Yes,Credit card (automatic),92.34,5223.73,No
CUST-02737,Male,0,No,No,4,No,No phone service,DSL,No,No,Yes,No,No,Yes,Month-to-month,Yes,Credit card (automatic),55.0,198.62,Yes
CUST-02738,Female,0,No,No,38,Yes,Yes,DSL,Yes,No,Yes,Yes,No,No,One year,Yes,Bank transfer (automatic),83.15,3063.65,No
CUST-02739,Female,1,Yes,No,23,Yes,Yes,Fiber optic,Yes,No,No,No,No,No,Two year,Yes,Electronic check,90.13,1889.85,No
CUST-02740,Female,0,No,Yes,31,Yes,Yes,Fiber optic,No,No,Yes,No,No,No,One year,No,Electronic check,90.06,2655.75,No
CUST-02741,Female,0,No,No,28,Yes,No,DSL,No,No,Yes,No,No,Yes,Two year,No,Mailed check,70.42,1833.0,No
CUST-02742,Female,0,Yes,No,31,Yes,No,Fiber optic,Yes,Yes,Yes,No,Yes,Yes,Month-to-month,Yes,Mailed check,105.92,3001.9,Yes
CUST-02743,Male,0,No,No,23,Yes,No,No,No internet service,No internet service,No internet service,No internet service,No internet service,No internet service,Month-to-month,No,Mailed check,31.38,681.37,Yes
CUST-02744,Male,1,Yes,No,30,Yes,Yes,Fiber optic,No,Yes,No,No,No,No,Two year,No,Electronic check,87.97,2535.37,No
CUST-02745,Female,0,Yes,No,38,Yes,No,Fiber optic,No,No,No,Yes,No,No,One year,No,Electronic check,88.6,3060.42,No
CUST-02746,Female,0,No,No,20,Yes,Yes,Fiber optic,No,No,No,No,No,No,Month-to-month,Yes,Bank transfer (automatic),80.86,1451.42,Yes
CUST-02747,Female,0,Yes,No,24,Yes,Yes,Fiber optic,No,Yes,Yes,No,Yes,Yes,Month-to-month,Yes,Credit card (automatic),101.38,2261.53,Yes
CUST-02748,Male,1,Yes,No,30,Yes,No,Fiber optic,No,Yes,No,Yes,Yes,No,Month-to-month,Yes,Mailed check,95.48,2634.28,Yes
CUST-02749,Female,1,Yes,No,53,Yes,Yes,Fiber optic,Yes,Yes,Yes,No,Yes,No,Month-to-month,Yes,Bank transfer (automatic),109.32,5560.13,Yes
CUST-02750,Male,1,No,No,6,Yes,Yes,DSL,Yes,Yes,No,No,No,No,Two year,Yes,Electronic check,91.77,519.77,No
CUST-02751,Female,0,No,No,11,Yes,Yes,Fiber optic,No,No,No,No,Yes,Yes,Month-to-month,No,Electronic check,93.0,974.67,Yes
CUST-02752,Female,0,Yes,Yes,72,Yes,Yes,Fiber optic,No,No,Yes,Yes,No,No,Month-to-month,No,Electronic check,96.49,6517.98,No
CUST-02753,Male,0,No,No,35,No,No phone service,Fiber optic,Yes,No,Yes,Yes,No,No,One year,No,Electronic check,78.72,2532.05,No
CUST-02754,Male,0,No,No,34,Yes,No,Fiber optic,Yes,No,Yes,Yes,No,No,Two year,No,Electronic check,95.7,3228.42,No
CUST-02755,Male,0,No,No,72,Yes,Yes,No,No internet service,No internet service,No internet service,No internet service,No internet service,No internet service,Month-to-month,Yes,Bank transfer (automatic),41.74,2853.54,Yes
CUST-02756,Male,0,No,No,33,Yes,Yes,No,No internet service,No internet service,No internet service,No internet service,No internet service,No internet service,Month-to-month,Yes,Electronic check,35.42,1032.4,No
CUST-02757,Male,0,No,No,18,Yes,Yes,Fiber optic,No,No,No,No,Yes,No,Month-to-month,No,Bank transfer (automatic),92.12,1583.04,Yes
CUST-02758,Male,0,Yes,No,2,Yes,Yes,Fiber optic,No,No,No,No,Yes,No,Month-to-month,No,Bank transfer (automatic),86.82,154.71,No
CUST-02759,Female,0,Yes,Yes,23,Yes,No,Fiber optic,No,No,Yes,No,No,No,Month-to-month,No,Electronic check,82.54,1810.58,Yes
CUST-02760,Female,0,No,No,27,Yes,No,DSL,No,Yes,Yes,Yes,No,Yes,Month-to-month,Yes,Credit card (automatic),84.7,2256.25,Yes
CUST-02761,Female,0,Yes,No,47,Yes,No,Fiber optic,Yes,Yes,Yes,Yes,No,No,Month-to-month,Yes,Electronic check,99.34,4414.95,Yes
CUST-02762,Female,1,Yes,No,49,Yes,No,DSL,No,Yes,No,No,No,No,Two year,Yes,Electronic check,63.86,3176.94,No
CUST-02763,Female,0,Yes,No,39,Yes,No,Fiber optic,No,No,No,No,No,Yes,One year,Yes,Credit card (automatic),89.28,3103.81,Yes
CUST-02764,Female,1,Yes,No,54,Yes,Yes,DSL,No,Yes,No,No,No,Yes,Two year,No,Electronic check,85.66,4486.23,No
CUST-02765,Female,0,No,No,31,Yes,No,Fiber optic,No,Yes,Yes,No,No,Yes,One year,Yes,Mailed check,100.22,2887.63,No
CUST-02766,Male,0,Yes,Yes,6,Yes,Yes,Fiber optic,Yes,No,Yes,No,No,Yes,Two year,Yes,Bank transfer (automatic),101.62,550.19,No
CUST-02767,Female,0,No,No,21,Yes,Yes,Fiber optic,No,No,No,No,Yes,Yes,Month-to-month,No,Electronic check,92.31,1926.54,Yes
CUST-02768,Male,0,No,No,21,No,No phone service,DSL,No,No,Yes,Yes,Yes,Yes,Two year,Yes,Electronic check,62.6,1225.1,Yes
CUST-02769,Female,0,Yes,Yes,29,Yes,No,DSL,No,Yes,No,No,No,Yes,Two year,Yes,Mailed check,65.28,1780.16,Yes
CUST-02770,Male,0,Yes,No,55,No,No phone service,DSL,No,No,Yes,Yes,Yes,No,Month-to-month,Yes,Mailed check,57.4,2963.63,Yes
CUST-02771,Male,0,Yes,No,25,Yes,No,Fiber optic,No,Yes,Yes,No,No,Yes,Two year,No,Bank transfer (automatic),95.33,2454.16,No
CUST-02772,Female,1,No,No,26,Yes,No,DSL,Yes,Yes,Yes,No,No,No,Two year,Yes,Credit card (automatic),74.51,1868.5,No
CUST-02773,Female,0,Yes,No,72,Yes,No,Fiber optic,Yes,No,Yes,Yes,Yes,Yes,One year,Yes,Mailed check,105.35,7442.03,No
CUST-02774,Male,0,No,Yes,12,Yes,No,DSL,No,No,Yes,No,No,No,Month-to-month,No,Electronic check,66.52,726.46,Yes
CUST-02775,Male,0,Yes,No,33,Yes,No,DSL,No,Yes,No,Yes,No,Yes,One year,Yes,Bank transfer (automatic),77.75,2327.12,No
CUST-02776,Female,0,Yes,Yes,16,Yes,No,Fiber optic,No,No,No,Yes,No,Yes,Month-to-month,No,Mailed check,90.93,1331.25,No
CUST-02777,Male,0,Yes,No,35,No,No phone service,DSL,No,Yes,No,Yes,No,No,Two year,No,Mailed check,57.48,1861.41,No
CUST-02778,Male,0,Yes,Yes,60,Yes,Yes,No,No internet service,No internet service,No internet service,No internet service,No internet service,No internet service,Two year,Yes,Bank transfer (automatic),52.06,2821.3,No
CUST-02779,Female,0,Yes,Yes,43,Yes,No,No,No internet service,No internet service,No internet service,No internet service,No internet service,No internet service,Month-to-month,Yes,Credit card (automatic),35.55,1420.55,No
CUST-02780,Female,0,No,No,32,Yes,Yes,Fiber optic,No,Yes,Yes,No,No,No,One year,Yes,Mailed check,100.79,3174.86,No
CUST-02781,Female,1,Yes,Yes,26,Yes,No,No,No internet service,No internet service,No internet service,No internet service,No internet service,No internet service,Two year,Yes,Bank transfer (automatic),36.63,897.42,No
CUST-02782,Male,1,No,Yes,54,No,No phone service,Fiber optic,No,Yes,Yes,No,Yes,Yes,Month-to-month,Yes,Bank transfer (automatic),84.67,3985.55,No
CUST-02783,Male,0,No,No,45,Yes,No,Fiber optic,No,Yes,No,No,Yes,No,One year,Yes,Electronic check,94.21,4198.33,Yes
CUST-02784,Male,1,No,No,26,Yes,No,DSL,Yes,Yes,No,Yes,No,No,Month-to-month,No,Bank transfer (automatic),72.46,1666.19,No
CUST-02785,Male,0,No,No,72,Yes,Yes,Fiber optic,Yes,Yes,No,No,Yes,Yes,Month-to-month,Yes,Credit card (automatic),101.74,7195.89,No
CUST-02786,Female,0,Yes,Yes,15,Yes,Yes,Fiber optic,Yes,Yes,No,No,Yes,Yes,Two year,Yes,Bank transfer (automatic),111.97,1573.26,No
CUST-02787,Female,1,No,No,72,No,No phone service,No,No internet service,No internet service,No internet service,No internet service,No internet service,No internet service,Month-to-month,No,Electronic check,27.54,2046.69,No
CUST-02788,Female,0,Yes,Yes,56,Yes,No,Fiber optic,No,No,No,No,No,No,Month-to-month,No,Mailed check,77.1,4313.27,No
CUST-02789,Female,0,No,Yes,9,Yes,Yes,DSL,No,Yes,Yes,Yes,Yes,No,Month-to-month,Yes,Mailed check,89.76,777.97,Yes
CUST-02790,Male,0,Yes,Yes,16,Yes,No,DSL,No,No,Yes,No,Yes,No,Month-to-month,No,Credit card (automatic),63.8,958.14,Yes
CUST-02791,Male,0,No,No,32,Yes,Yes,Fiber optic,Yes,Yes,No,Yes,No,Yes,Two year,No,Mailed check,115.45,3664.46,No
CUST-02792,Female,0,No,Yes,7,Yes,No,No,No internet service,No internet service,No internet service,No internet service,No internet service,No internet service,Two year,Yes,Electronic check,31.8,210.35,No
CUST-02793,Male,0,No,No,46,Yes,No,No,No internet service,No internet service,No internet service,No internet service,No internet service,No internet service,One year,Yes,Bank transfer (automatic),34.15,1507.88,No
CUST-02794,Male,0,Yes,Yes,25,Yes,No,Fiber optic,Yes,Yes,No,No,No,Yes,One year,No,Credit card (automatic),94.38,2233.83,No
CUST-02795,Female,0,No,No,48,Yes,No,DSL,Yes,Yes,No,No,Yes,No,Two year,No,Bank transfer (automatic),75.09,3302.39,No
CUST-02796,Male,0,No,No,43,Yes,Yes,Fiber optic,Yes,Yes,No,No,No,Yes,Month-to-month,No,Electronic check,94.65,3875.47,Yes
CUST-02797,Male,0,Yes,No,22,Yes,Yes,No,No internet service,No internet service,No internet service,No internet service,No internet service,No internet service,Month-to-month,Yes,Credit card (automatic),35.16,705.67,Yes
CUST-02798,Male,1,Yes,Yes,16,Yes,No,Fiber optic,No,Yes,Yes,No,Yes,No,One year,No,Electronic check,95.57,1477.88,Yes
CUST-02799,Male,0,Yes,Yes,3,Yes,Yes,Fiber optic,Yes,No,Yes,No,No,No,One year,No,Electronic check,97.72,275.56,No
CUST-02800,Female,0,Yes,No,72,Yes,No,DSL,Yes,Yes,Yes,No,Yes,Yes,Month-to-month,Yes,Credit card (automatic),91.22,6048.85,No
CUST-02801,Male,0,No,No,41,Yes,Yes,DSL,No,No,Yes,Yes,Yes,No,Month-to-month,Yes,Bank transfer (automatic),81.82,3073.33,No
CUST-02802,Female,0,Yes,No,10,Yes,Yes,DSL,Yes,Yes,No,No,No,Yes,Month-to-month,No,Credit card (automatic),92.17,921.74,No
CUST-02803,Male,0,No,No,25,No,No phone service,Fiber optic,No,No,No,Yes,No,No,Month-to-month,Yes,Bank transfer (automatic),71.96,1622.19,Yes
CUST-02804,Female,0,No,No,54,No,No phone service,DSL,Yes,Yes,Yes,No,No,Yes,Month-to-month,Yes,Bank transfer (automatic),69.09,3548.42,No
CUST-02805,Female,0,No,No,28,Yes,No,DSL,No,Yes,No,Yes,No,Yes,Two year,Yes,Mailed check,72.34,1820.48,No
CUST-02806,Male,0,No,No,8,Yes,Yes,DSL,No,No,Yes,Yes,No,Yes,Month-to-month,Yes,Electronic check,86.4,660.44,No
CUST-02807,Female,0,No,No,45,Yes,Yes,DSL,No,Yes,Yes,No,No,Yes,Month-to-month,No,Electronic check,84.0,3508.99,No
CUST-02808,Female,1,No,No,8,Yes,Yes,Fiber optic,Yes,No,No,No,Yes,Yes,Month-to-month,Yes,Electronic check,108.34,817.34,Yes
CUST-02809,Male,0,Yes,Yes,50,Yes,No,Fiber optic,Yes,Yes,Yes,No,Yes,No,Two year,Yes,Electronic check,94.89,4390.02,No
CUST-02810,Female,0,No,No,36,Yes,No,Fiber optic,No,No,No,Yes,No,Yes,Month-to-month,No,Credit card (automatic),79.24,2473.37,No
CUST-02811,Male,0,No,Yes,26,Yes,No,Fiber optic,No,No,Yes,No,No,No,One year,Yes,Mailed check,84.92,2102.59,Yes
CUST-02812,Female,0,Yes,No,25,No,No phone service,Fiber optic,Yes,Yes,Yes,Yes,No,Yes,Month-to-month,No,Mailed check,94.74,2249.18,Yes
CUST-02813,Female,0,No,Yes,21,No,No phone service,Fiber optic,No,No,Yes,Yes,No,Yes,Month-to-month,Yes,Mailed check,84.79,1606.99,Yes
CUST-02814,Male,0,No,No,41,Yes,Yes,Fiber optic,No,Yes,No,Yes,No,Yes,Month-to-month,No,Bank transfer (automatic),101.85,3934.23,Yes
CUST-02815,Female,0,Yes,No,9,Yes,Yes,DSL,Yes,No,Yes,Yes,Yes,No,Month-to-month,Yes,Electronic check,96.83,827.89,Yes
CUST-02816,Female,0,No,Yes,17,Yes,No,DSL,No,Yes,Yes,No,Yes,Yes,Two year,No,Electronic check,80.42,1303.62,No
CUST-02817,Male,0,No,No,69,Yes,No,DSL,No,Yes,Yes,No,No,No,Month-to-month,Yes,Credit card (automatic),69.85,4541.32,Yes
CUST-02818,Male,0,Yes,Yes,72,Yes,Yes,Fiber optic,No,No,No,No,No,Yes,Month-to-month,Yes,Electronic check,92.1,6068.62,Yes
CUST-02819,Female,0,Yes,No,23,Yes,No,Fiber optic,Yes,Yes,Yes,No,Yes,Yes,Month-to-month,Yes,Electronic check,102.02,2270.8,Yes
CUST-02820,Male,0,Yes,Yes,30,Yes,Yes,Fiber optic,Yes,No,Yes,No,No,No,Month-to-month,Yes,Electronic check,96.09,2743.35,No
CUST-02821,Male,0,No,No,11,Yes,No,DSL,Yes,No,Yes,No,No,Yes,Month-to-month,No,Electronic check,72.83,698.56,Yes
CUST-02822,Male,1,Yes,Yes,14,No,No phone service,DSL,Yes,No,No,Yes,Yes,No,Two year,Yes,Bank transfer (automatic),63.25,818.37,No
CUST-02823,Female,0,No,No,3,Yes,No,Fiber optic,Yes,Yes,Yes,No,Yes,No,Month-to-month,No,Credit card (automatic),100.07,289.05,No
CUST-02824,Male,0,No,Yes,6,Yes,No,Fiber optic,Yes,No,No,No,No,No,One year,Yes,Bank transfer (automatic),83.99,503.8,No
CUST-02825,Male,0,No,No,19,No,No phone service,Fiber optic,No,No,Yes,Yes,No,Yes,Two year,Yes,Mailed check,79.09,1423.47,No
CUST-02826,Male,0,Yes,No,51,Yes,No,Fiber optic,No,Yes,No,Yes,Yes,No,Month-to-month,Yes,Electronic check,97.33,4443.05,Yes
CUST-02827,Female,0,Yes,Yes,26,Yes,No,Fiber optic,No,Yes,No,Yes,No,No,Month-to-month,Yes,Electronic check,96.19,2203.93,No
CUST-02828,Male,0,Yes,No,66,Yes,Yes,DSL,No,No,Yes,No,Yes,No,Month-to-month,No,Bank transfer (automatic),72.44,4507.61,No
CUST-02829,Male,0,Yes,No,17,Yes,Yes,Fiber optic,No,Yes,No,Yes,Yes,Yes,Month-to-month,No,Bank transfer (automatic),107.19,1702.08,Yes
CUST-02830,Female,0,Yes,No,58,Yes,Yes,No,No internet service,No internet service,No internet service,No internet service,No internet service,No internet service,Month-to-month,No,Credit card (automatic),42.58,2352.84,No
CUST-02831,Male,0,Yes,No,72,Yes,Yes,Fiber optic,No,No,No,No,No,Yes,One year,No,Mailed check,92.31,5988.56,Yes
CUST-02832,Male,0,Yes,Yes,35,Yes,Yes,Fiber optic,Yes,No,No,No,Yes,No,Month-to-month,Yes,Electronic check,102.69,3407.13,Yes
CUST-02833,Female,0,No,No,3,Yes,Yes,No,No internet service,No internet service,No internet service,No internet service,No internet service,No internet service,Month-to-month,Yes,Electronic check,30.13,84.68,Yes
CUST-02834,Male,0,Yes,Yes,3,Yes,No,Fiber optic,No,Yes,No,No,No,Yes,Month-to-month,Yes,Bank transfer (automatic),87.23,237.38,Yes
CUST-02835,Female,0,Yes,No,6,Yes,No,DSL,No,No,No,No,No,No,Month-to-month,No,Electronic check,58.64,350.28,Yes
CUST-02836,Male,0,No,No,14,Yes,Yes,Fiber optic,Yes,No,Yes,No,Yes,No,Month-to-month,No,Bank transfer (automatic),103.9,1411.13,Yes
CUST-02837,Male,1,No,No,49,Yes,No,DSL,No,No,No,No,No,No,Month-to-month,No,Credit card (automatic),58.04,2660.27,No
CUST-02838,Male,0,No,No,19,Yes,Yes,No,No internet service,No internet service,No internet service,No internet service,No internet service,No internet service,Month-to-month,No,Credit card (automatic),37.69,639.35,Yes
CUST-02839,Female,0,No,No,58,No,No phone service,Fiber optic,Yes,Yes,Yes,Yes,Yes,No,One year,Yes,Bank transfer (automatic),90.99,5051.03,No
CUST-02840,Male,0,Yes,No,16,Yes,Yes,Fiber optic,Yes,Yes,No,Yes,Yes,Yes,Month-to-month,No,Mailed check,111.11,1628.56,Yes
CUST-02841,Female,0,No,No,72,Yes,Yes,Fiber optic,No,No,No,Yes,Yes,No,Month-to-month,No,Electronic check,101.82,7061.55,Yes
CUST-02842,Male,0,No,No,69,No,No phone service,Fiber optic,Yes,No,No,Yes,No,Yes,Month-to-month,Yes,Electronic check,82.24,5414.97,No
CUST-02843,Male,0,No,No,18,Yes,No,Fiber optic,Yes,Yes,Yes,No,Yes,No,Two year,Yes,Electronic check,100.36,1633.08,Yes
CUST-02844,Female,0,No,No,12,Yes,No,DSL,No,Yes,No,No,No,No,One year,No,Bank transfer (automatic),66.03,743.96,No
CUST-02845,Female,0,Yes,No,70,Yes,No,Fiber optic,No,No,No,No,No,No,Month-to-month,Yes,Electronic check,73.32,4999.67,Yes
CUST-02846,Female,1,Yes,Yes,10,Yes,Yes,DSL,Yes,Yes,No,Yes,Yes,No,Two year,No,Electronic check,84.51,747.81,No
CUST-02847,Male,1,No,No,16,Yes,No,DSL,Yes,No,No,Yes,Yes,Yes,Two year,No,Credit card (automatic),78.6,1197.04,No
CUST-02848,Female,0,No,Yes,9,Yes,Yes,DSL,No,Yes,No,No,Yes,No,One year,No,Electronic check,81.11,728.86,Yes
CUST-02849,Female,0,Yes,Yes,31,Yes,Yes,No,No internet service,No internet service,No internet service,No internet service,No internet service,No internet service,Month-to-month,Yes,Bank transfer (automatic),45.3,1266.52,Yes
CUST-02850,Female,0,Yes,No,61,Yes,Yes,DSL,No,Yes,No,No,No,No,Month-to-month,No,Electronic check,67.59,3624.33,No
CUST-02851,Female,1,Yes,No,18,Yes,Yes,Fiber optic,No,Yes,Yes,No,Yes,Yes,Two year,Yes,Electronic check,112.57,2096.18,No
CUST-02852,Female,1,Yes,No,52,Yes,No,Fiber optic,No,Yes,No,No,No,No,Month-to-month,No,Mailed check,85.6,3822.0,No
CUST-02853,Female,0,Yes,Yes,33,Yes,No,DSL,Yes,Yes,No,No,Yes,Yes,Month-to-month,Yes,Mailed check,80.05,2475.93,No
CUST-02854,Female,0,No,No,9,Yes,No,Fiber optic,No,Yes,Yes,No,Yes,No,Two year,Yes,Electronic check,93.22,823.59,Yes
CUST-02855,Male,0,Yes,No,17,No,No phone service,Fiber optic,No,No,No,No,No,Yes,Two year,Yes,Mailed check,68.43,1148.29,No
CUST-02856,Female,0,Yes,Yes,6,Yes,Yes,DSL,No,No,No,Yes,No,Yes,Month-to-month,No,Electronic check,75.35,429.71,Yes
CUST-02857,Male,0,Yes,No,72,Yes,No,DSL,No,Yes,No,No,Yes,No,One year,Yes,Electronic check,63.75,4555.65,Yes
CUST-02858,Male,0,No,No,29,Yes,Yes,Fiber optic,No,Yes,No,No,No,No,Month-to-month,Yes,Mailed check,89.55,2420.05,No
CUST-02859,Male,0,No,No,26,No,No phone service,DSL,No,No,No,No,Yes,No,Two year,Yes,Mailed check,49.69,1193.1,No
CUST-02860,Female,0,No,No,29,Yes,Yes,Fiber optic,No,No,No,No,Yes,Yes,Month-to-month,No,Bank transfer (automatic),90.37,2475.94,No
CUST-02861,Female,0,No,Yes,12,Yes,No,Fiber optic,Yes,No,No,Yes,Yes,Yes,One year,Yes,Electronic check,98.89,1132.33,Yes
CUST-02862,Male,0,No,No,19,Yes,Yes,No,No internet service,No internet service,No internet service,No internet service,No internet service,No internet service,Month-to-month,Yes,Mailed check,37.11,673.99,No
CUST-02863,Male,0,No,No,35,Yes,Yes,Fiber optic,Yes,No,No,Yes,No,Yes,One year,No,Electronic check,95.48,3029.31,No
CUST-02864,Male,0,No,No,4,Yes,No,DSL,Yes,Yes,No,Yes,Yes,No,Month-to-month,No,Bank transfer (automatic),86.44,326.09,Yes
CUST-02865,Female,0,Yes,No,2,Yes,No,Fiber optic,No,Yes,No,No,Yes,No,Month-to-month,No,Electronic check,90.07,162.66,No
CUST-02866,Female,0,No,No,16,Yes,Yes,Fiber optic,No,Yes,No,No,No,No,Month-to-month,No,Credit card (automatic),82.99,1240.61,Yes
CUST-02867,Female,0,Yes,Yes,13,Yes,Yes,Fiber optic,Yes,Yes,No,No,Yes,No,Two year,No,Mailed check,104.31,1302.79,No
CUST-02868,Female,0,No,Yes,64,Yes,No,Fiber optic,No,Yes,Yes,No,Yes,Yes,Month-to-month,Yes,Mailed check,97.84,6003.7,No
CUST-02869,Male,0,Yes,No,12,Yes,No,DSL,Yes,Yes,No,Yes,No,Yes,Month-to-month,Yes,Electronic check,75.01,907.71,No
CUST-02870,Female,0,Yes,No,36,Yes,No,Fiber optic,Yes,Yes,Yes,No,Yes,No,Month-to-month,Yes,Bank transfer (automatic),100.58,3338.16,Yes
CUST-02871,Female,0,Yes,No,13,Yes,Yes,DSL,No,Yes,Yes,Yes,No,Yes,One year,Yes,Credit card (automatic),94.84,1204.46,No
CUST-02872,Male,0,No,No,34,Yes,Yes,DSL,Yes,No,Yes,No,No,Yes,Month-to-month,Yes,Credit card (automatic),81.39,2796.8,Yes
CUST-02873,Male,0,No,No,30,Yes,No,Fiber optic,No,Yes,No,No,No,Yes,Two year,Yes,Electronic check,87.21,2670.8,No
CUST-02874,Female,0,Yes,No,72,Yes,No,Fiber optic,No,No,No,No,Yes,Yes,Month-to-month,Yes,Mailed check,93.14,6550.65,Yes
CUST-02875,Female,0,No,No,11,Yes,Yes,Fiber optic,No,No,No,No,No,Yes,Month-to-month,Yes,Mailed check,86.97,852.54,Yes
CUST-02876,Male,0,Yes,Yes,11,Yes,Yes,Fiber optic,No,No,Yes,No,No,No,Two year,No,Mailed check,97.43,970.29,No
CUST-02877,Male,0,No,No,72,Yes,Yes,Fiber optic,No,No,Yes,No,Yes,No,Month-to-month,No,Electronic check,95.62,6262.93,Yes
CUST-02878,Male,0,Yes,No,59,Yes,No,Fiber optic,No,No,Yes,No,Yes,Yes,Month-to-month,No,Credit card (automatic),98.5,5490.47,No
CUST-02879,Male,0,Yes,Yes,17,Yes,No,Fiber optic,Yes,Yes,No,No,Yes,No,One year,Yes,Mailed check,87.83,1503.73,No
CUST-02880,Male,0,No,No,11,Yes,Yes,Fiber optic,No,Yes,Yes,Yes,No,Yes,Month-to-month,No,Credit card (automatic),107.14,1102.03,Yes
CUST-02881,Female,0,No,No,10,Yes,No,Fiber optic,No,Yes,No,No,Yes,No,Month-to-month,No,Credit card (automatic),85.06,776.99,Yes
CUST-02882,Female,0,No,Yes,58,Yes,No,DSL,No,No,Yes,Yes,No,Yes,Month-to-month,No,Electronic check,74.14,4227.26,Yes
CUST-02883,Male,0,No,Yes,14,Yes,No,Fiber optic,Yes,Yes,No,Yes,Yes,Yes,Month-to-month,Yes,Bank transfer (automatic),107.44,1388.65,Yes
CUST-02884,Female,1,No,No,12,Yes,Yes,Fiber optic,No,Yes,No,No,No,Yes,Month-to-month,No,Electronic check,93.96,1100.12,No
CUST-02885,Female,0,Yes,No,12,Yes,No,No,No internet service,No internet service,No internet service,No internet service,No internet service,No internet service,Two year,Yes,Electronic check,30.83,343.09,No
CUST-02886,Female,0,Yes,No,40,Yes,Yes,DSL,Yes,Yes,No,No,Yes,No,Month-to-month,No,Mailed check,87.78,3412.71,No
CUST-02887,Male,0,No,No,21,Yes,No,Fiber optic,No,No,Yes,No,Yes,No,Two year,No,Electronic check,79.8,1591.13,Yes
CUST-02888,Female,0,Yes,No,59,No,No phone service,DSL,No,No,No,No,No,No,One year,No,Credit card (automatic),47.42,2601.25,No
CUST-02889,Female,1,No,No,72,Yes,No,No,No internet service,No internet service,No internet service,No internet service,No internet service,No internet service,Two year,Yes,Electronic check,31.96,2048.19,No
CUST-02890,Female,0,Yes,Yes,30,Yes,No,DSL,No,No,Yes,No,Yes,Yes,One year,Yes,Credit card (automatic),72.48,2047.75,Yes
CUST-02891,Female,1,Yes,Yes,32,Yes,Yes,DSL,No,No,No,Yes,No,Yes,Two year,No,Electronic check,73.53,2106.69,No
CUST-02892,Male,0,Yes,No,20,Yes,No,DSL,No,No,Yes,No,No,Yes,Two year,No,Mailed check,71.15,1356.14,Yes
CUST-02893,Female,0,No,No,29,Yes,No,No,No internet service,No internet service,No internet service,No internet service,No internet service,No internet service,Month-to-month,No,Electronic check,35.25,994.6,No
CUST-02894,Male,1,No,No,3,No,No phone service,Fiber optic,Yes,No,Yes,No,Yes,No,Two year,No,Credit card (automatic),77.69,223.74,Yes
CUST-02895,Female,0,Yes,Yes,34,Yes,Yes,DSL,Yes,No,Yes,Yes,No,Yes,Two year,No,Credit card (automatic),88.2,2814.22,No
CUST-02896,Male,0,Yes,No,50,Yes,Yes,Fiber optic,No,No,No,No,Yes,Yes,Two year,No,Mailed check,86.9,4075.84,No
CUST-02897,Male,0,Yes,No,9,Yes,No,DSL,No,No,No,No,No,Yes,One year,No,Bank transfer (automatic),68.83,598.02,Yes
CUST-02898,Male,1,Yes,Yes,72,No,No phone service,Fiber optic,Yes,Yes,No,No,No,Yes,Two year,Yes,Credit card (automatic),81.46,5388.47,No
CUST-02899,Male,0,Yes,No,16,Yes,Yes,DSL,No,No,No,No,No,No,Month-to-month,Yes,Electronic check,58.44,885.13,Yes
CUST-02900,Female,0,No,Yes,70,No,No phone service,Fiber optic,Yes,No,No,No,Yes,No,Month-to-month,No,Bank transfer (automatic),80.03,4994.65,Yes
CUST-02901,Male,1,Yes,No,42,Yes,No,DSL,No,Yes,Yes,No,No,Yes,Month-to-month,Yes,Electronic check,77.1,2961.02,Yes
CUST-02902,Male,0,Yes,No,8,Yes,No,No,No internet service,No internet service,No internet service,No internet service,No internet service,No internet service,One year,Yes,Electronic check,33.92,257.47,No
CUST-02903,Male,0,Yes,No,57,Yes,No,Fiber optic,Yes,Yes,No,Yes,Yes,No,Month-to-month,No,Bank transfer (automatic),97.19,4947.7,Yes
CUST-02904,Male,0,Yes,Yes,26,Yes,No,Fiber optic,No,No,No,No,No,Yes,Month-to-month,No,Mailed check,79.13,1948.29,Yes
CUST-02905,Male,0,Yes,No,37,Yes,No,Fiber optic,No,No,No,No,No,Yes,Month-to-month,Yes,Electronic check,80.85,2879.9,No
CUST-02906,Male,1,No,No,21,Yes,No,DSL,Yes,Yes,No,No,Yes,Yes,Month-to-month,Yes,Electronic check,93.61,1799.57,Yes
CUST-02907,Male,0,No,No,23,Yes,No,Fiber optic,Yes,No,No,Yes,No,No,One year,Yes,Electronic check,88.27,1932.53,No
CUST-02908,Male,0,No,No,5,Yes,No,DSL,No,No,Yes,Yes,Yes,Yes,Month-to-month,No,Electronic check,84.0,374.9,Yes
CUST-02909,Female,0,Yes,No,39,Yes,No,DSL,No,No,No,No,No,Yes,One year,Yes,Credit card (automatic),67.88,2530.33,Yes
CUST-02910,Female,0,No,No,25,Yes,No,Fiber optic,No,No,No,Yes,No,No,Month-to-month,Yes,Credit card (automatic),92.5,2136.51,Yes
CUST-02911,Female,1,No,No,32,Yes,No,DSL,Yes,Yes,No,No,Yes,No,Month-to-month,Yes,Electronic check,77.68,2252.45,Yes
CUST-02912,Female,0,No,No,38,No,No phone service,Fiber optic,Yes,Yes,No,Yes,Yes,No,Two year,No,Mailed check,80.42,2833.82,No
CUST-02913,Female,0,No,No,36,Yes,No,Fiber optic,Yes,Yes,No,No,No,No,Two year,No,Electronic check,88.23,2853.32,No
CUST-02914,Female,0,Yes,No,40,Yes,No,No,No internet service,No internet service,No internet service,No internet service,No internet service,No internet service,One year,Yes,Credit card (automatic),29.55,1142.78,No
CUST-02915,Female,0,No,No,4,Yes,No,Fiber optic,No,Yes,Yes,No,Yes,No,Month-to-month,Yes,Credit card (automatic),97.47,368.21,Yes
CUST-02916,Female,0,No,No,21,Yes,No,Fiber optic,No,No,No,No,No,No,Month-to-month,No,Electronic check,82.62,1693.92,Yes
CUST-02917,Male,0,No,No,8,Yes,Yes,Fiber optic,No,No,No,No,No,No,Month-to-month,Yes,Electronic check,88.66,621.82,No
CUST-02918,Male,0,No,No,1,No,No phone service,DSL,Yes,No,No,No,No,No,One year,Yes,Credit card (automatic),53.32,51.79,No
CUST-02919,Male,1,No,No,36,Yes,No,DSL,No,No,No,No,Yes,No,Month-to-month,Yes,Credit card (automatic),74.45,2365.76,Yes
CUST-02920,Female,0,Yes,Yes,72,Yes,No,Fiber optic,Yes,Yes,No,No,Yes,Yes,Two year,Yes,Bank transfer (automatic),105.58,7130.83,No
CUST-02921,Female,0,No,Yes,2,Yes,No,Fiber optic,No,Yes,Yes,No,Yes,Yes,One year,Yes,Mailed check,94.45,193.39,Yes
CUST-02922,Male,0,No,No,39,No,No phone service,DSL,No,Yes,Yes,No,No,No,Two year,Yes,Electronic check,51.99,1792.75,No
CUST-02923,Female,0,No,No,19,Yes,Yes,Fiber optic,No,Yes,No,No,No,Yes,One year,Yes,Credit card (automatic),103.8,1853.76,Yes
CUST-02924,Male,0,No,No,23,Yes,No,Fiber optic,Yes,No,Yes,Yes,Yes,Yes,Month-to-month,No,Electronic check,104.56,2171.58,Yes
CUST-02925,Female,0,Yes,No,38,Yes,Yes,No,No internet service,No internet service,No internet service,No internet service,No internet service,No internet service,Month-to-month,No,Bank transfer (automatic),40.2,1404.35,Yes
CUST-02926,Female,0,Yes,No,34,No,No phone service,DSL,No,No,Yes,Yes,No,No,Month-to-month,Yes,Bank transfer (automatic),52.52,1615.87,Yes
CUST-02927,Male,0,Yes,No,21,Yes,Yes,Fiber optic,Yes,No,Yes,Yes,Yes,No,Month-to-month,Yes,Credit card (automatic),101.12,1798.24,No
CUST-02928,Female,0,No,No,16,Yes,Yes,Fiber optic,No,Yes,No,No,Yes,Yes,Month-to-month,Yes,Electronic check,103.0,1578.69,Yes
CUST-02929,Female,1,No,No,35,Yes,No,Fiber optic,Yes,Yes,Yes,No,Yes,Yes,One year,No,Mailed check,111.91,3684.15,No
CUST-02930,Male,0,No,No,2,Yes,No,DSL,No,Yes,No,No,No,No,Month-to-month,Yes,Bank transfer (automatic),63.58,115.33,Yes
CUST-02931,Female,1,No,No,38,Yes,Yes,Fiber optic,No,Yes,Yes,No,Yes,Yes,Month-to-month,No,Electronic check,97.12,3630.41,Yes
CUST-02932,Male,0,No,No,19,Yes,No,DSL,No,Yes,No,Yes,Yes,No,Two year,Yes,Credit card (automatic),74.73,1361.24,No
CUST-02933,Female,0,Yes,Yes,65,No,No phone service,Fiber optic,No,No,No,No,No,Yes,Month-to-month,Yes,Mailed check,68.41,4180.37,Yes
CUST-02934,Female,0,No,No,25,Yes,Yes,Fiber optic,No,No,Yes,No,No,Yes,One year,Yes,Bank transfer (automatic),95.96,2299.89,Yes
CUST-02935,Male,0,No,No,63,Yes,Yes,DSL,No,No,No,Yes,No,Yes,Month-to-month,Yes,Electronic check,73.46,4437.9,Yes
CUST-02936,Female,0,No,No,10,Yes,Yes,DSL,Yes,Yes,No,No,Yes,No,Two year,No,Mailed check,74.52,699.41,No
CUST-02937,Male,0,No,No,10,Yes,No,DSL,No,No,Yes,No,No,Yes,Two year,Yes,Electronic check,66.4,634.49,Yes
CUST-02938,Male,0,No,No,13,Yes,No,Fiber optic,Yes,No,Yes,Yes,No,Yes,Two year,No,Credit card (automatic),96.68,1191.94,No
CUST-02939,Male,0,Yes,No,72,Yes,No,Fiber optic,No,No,Yes,No,Yes,No,Month-to-month,Yes,Mailed check,93.61,6246.19,Yes
CUST-02940,Female,1,No,No,24,No,No phone service,Fiber optic,No,No,No,No,No,No,Two year,No,Mailed check,64.15,1408.78,No
CUST-02941,Male,0,No,No,15,Yes,Yes,Fiber optic,Yes,Yes,Yes,Yes,Yes,No,Two year,Yes,Mailed check,115.86,1591.8,No
CUST-02942,Male,0,Yes,Yes,34,Yes,No,Fiber optic,Yes,Yes,No,No,No,Yes,Month-to-month,Yes,Electronic check,93.96,2900.95,No
CUST-02943,Male,0,Yes,Yes,14,Yes,No,DSL,No,Yes,Yes,Yes,No,Yes,One year,Yes,Electronic check,78.46,1026.33,No
CUST-02944,Female,0,Yes,Yes,34,Yes,No,DSL,Yes,Yes,Yes,No,No,Yes,Month-to-month,Yes,Bank transfer (automatic),79.37,2584.79,No
CUST-02945,Male,0,Yes,No,24,Yes,No,No,No internet service,No internet service,No internet service,No internet service,No internet service,No internet service,Two year,Yes,Mailed check,29.34,684.16,No
CUST-02946,Female,0,No,Yes,15,Yes,Yes,DSL,Yes,No,No,Yes,Yes,Yes,Month-to-month,Yes,Electronic check,89.59,1273.01,Yes
CUST-02947,Male,0,Yes,Yes,25,Yes,Yes,DSL,Yes,No,Yes,No,No,Yes,Month-to-month,No,Credit card (automatic),73.27,1792.17,No
CUST-02948,Female,0,Yes,No,25,Yes,Yes,Fiber optic,No,Yes,No,Yes,No,No,One year,No,Electronic check,94.62,2128.04,Yes
CUST-02949,Male,0,No,Yes,47,Yes,No,DSL,No,Yes,No,No,Yes,Yes,Two year,Yes,Electronic check,73.77,3387.29,Yes
CUST-02950,Male,0,Yes,No,8,Yes,Yes,Fiber optic,No,Yes,Yes,Yes,Yes,No,One year,Yes,Mailed check,105.75,824.24,Yes
CUST-02951,Female,0,No,Yes,17,Yes,No,Fiber optic,No,Yes,No,Yes,Yes,Yes,One year,Yes,Electronic check,102.88,1557.66,No
CUST-02952,Male,0,Yes,No,30,Yes,No,Fiber optic,Yes,Yes,No,No,Yes,No,Month-to-month,Yes,Mailed check,87.63,2363.29,Yes
CUST-02953,Male,0,Yes,Yes,12,Yes,Yes,DSL,No,No,No,No,No,No,Two year,Yes,Bank transfer (automatic),66.79,734.5,Yes
CUST-02954,Female,0,No,No,22,Yes,No,DSL,No,Yes,No,Yes,No,No,Month-to-month,Yes,Bank transfer (automatic),70.75,1489.19,No
CUST-02955,Female,0,No,No,15,Yes,Yes,Fiber optic,No,Yes,No,No,No,Yes,Two year,No,Mailed check,97.95,1264.14,No
CUST-02956,Male,0,No,No,18,Yes,No,DSL,Yes,No,No,No,No,Yes,Month-to-month,Yes,Credit card (automatic),72.19,1233.19,No
CUST-02957,Female,0,No,No,10,Yes,Yes,No,No internet service,No internet service,No internet service,No internet service,No internet service,No internet service,Month-to-month,Yes,Electronic check,37.94,364.05,No
CUST-02958,Female,0,Yes,No,72,Yes,No,DSL,No,Yes,No,No,Yes,Yes,Month-to-month,Yes,Credit card (automatic),76.16,5506.65,No
CUST-02959,Male,0,No,No,3,Yes,Yes,Fiber optic,No,Yes,No,No,No,Yes,One year,Yes,Mailed check,102.14,303.88,Yes
CUST-02960,Female,0,Yes,No,15,Yes,No,DSL,No,No,Yes,No,No,No,One year,Yes,Bank transfer (automatic),56.63,785.92,Yes
CUST-02961,Male,0,Yes,No,25,Yes,No,Fiber optic,No,No,No,No,Yes,Yes,Month-to-month,Yes,Electronic check,96.54,2216.16,Yes
CUST-02962,Female,0,Yes,No,25,Yes,Yes,Fiber optic,No,No,Yes,No,Yes,No,Month-to-month,Yes,Electronic check,105.96,2594.63,Yes
CUST-02963,Male,0,No,No,58,Yes,Yes,Fiber optic,Yes,Yes,No,No,No,No,One year,Yes,Mailed check,99.94,5705.03,No
CUST-02964,Female,0,Yes,No,8,No,No phone service,Fiber optic,No,No,Yes,No,No,No,Month-to-month,Yes,Electronic check,68.54,525.7,Yes
CUST-02965,Male,0,Yes,No,5,Yes,No,Fiber optic,Yes,No,Yes,No,Yes,No,Two year,No,Electronic check,95.56,428.72,No
CUST-02966,Male,0,Yes,No,16,Yes,No,Fiber optic,Yes,Yes,Yes,Yes,Yes,Yes,Two year,Yes,Electronic check,116.67,1752.2,No
CUST-02967,Female,0,No,No,25,Yes,Yes,Fiber optic,Yes,Yes,No,No,Yes,No,Month-to-month,Yes,Electronic check,105.07,2417.33,Yes
CUST-02968,Female,0,Yes,No,20,Yes,Yes,DSL,No,Yes,No,Yes,Yes,No,One year,No,Mailed check,83.21,1492.63,No
CUST-02969,Male,0,No,No,50,Yes,No,No,No internet service,No internet service,No internet service,No internet service,No internet service,No internet service,Month-to-month,Yes,Credit card (automatic),28.45,1351.19,Yes
CUST-02970,Male,0,Yes,Yes,9,Yes,Yes,DSL,Yes,No,No,No,No,Yes,Month-to-month,Yes,Bank transfer (automatic),82.67,675.93,Yes
CUST-02971,Male,0,No,No,15,No,No phone service,Fiber optic,No,No,No,No,No,Yes,Month-to-month,No,Electronic check,72.49,1108.81,Yes
CUST-02972,Female,0,Yes,No,38,Yes,Yes,DSL,No,No,No,No,No,No,One year,Yes,Bank transfer (automatic),67.09,2303.08,No
CUST-02973,Male,0,No,No,25,Yes,Yes,DSL,No,No,Yes,Yes,Yes,Yes,Month-to-month,No,Electronic check,91.82,1966.0,Yes
CUST-02974,Male,1,Yes,No,59,Yes,Yes,Fiber optic,No,No,Yes,Yes,Yes,Yes,Month-to-month,Yes,Bank transfer (automatic),106.57,5952.37,Yes
CUST-02975,Female,1,Yes,No,25,Yes,No,Fiber optic,No,Yes,No,Yes,No,No,One year,No,Electronic check,91.77,2279.1,Yes
CUST-02976,Female,0,Yes,No,7,Yes,No,Fiber optic,Yes,No,Yes,No,Yes,Yes,Month-to-month,Yes,Mailed check,98.72,653.46,Yes
CUST-02977,Female,0,Yes,No,54,Yes,Yes,Fiber optic,No,Yes,No,Yes,No,Yes,Month-to-month,No,Bank transfer (automatic),100.63,5006.85,No
CUST-02978,Male,0,Yes,No,50,Yes,No,DSL,No,No,No,No,Yes,No,Two year,No,Electronic check,67.26,3035.16,No
CUST-02979,Female,0,Yes,No,34,Yes,Yes,Fiber optic,No,Yes,No,No,Yes,Yes,Two year,Yes,Bank transfer (automatic),101.94,3082.61,No
CUST-02980,Female,0,No,No,72,Yes,No,Fiber optic,Yes,No,No,No,Yes,No,One year,Yes,Electronic check,90.82,6010.64,No
CUST-02981,Male,0,No,No,26,Yes,Yes,DSL,Yes,Yes,Yes,No,No,No,Month-to-month,No,Mailed check,80.6,1894.47,No
CUST-02982,Female,0,Yes,No,28,No,No phone service,DSL,Yes,No,Yes,No,Yes,No,One year,No,Bank transfer (automatic),52.34,1386.83,No
CUST-02983,Male,0,Yes,No,49,Yes,No,DSL,Yes,No,Yes,No,No,Yes,Month-to-month,No,Electronic check,81.35,3725.44,Yes
CUST-02984,Male,0,Yes,No,31,Yes,Yes,DSL,No,Yes,Yes,No,Yes,Yes,Month-to-month,Yes,Electronic check,83.36,2435.46,Yes
CUST-02985,Male,0,Yes,No,28,Yes,No,DSL,Yes,No,No,No,Yes,Yes,Month-to-month,No,Electronic check,79.54,2023.63,Yes
CUST-02986,Male,0,Yes,Yes,5,Yes,No,Fiber optic,Yes,Yes,No,No,Yes,No,One year,Yes,Credit card (automatic),95.63,446.27,Yes
CUST-02987,Male,0,Yes,Yes,7,Yes,No,DSL,No,Yes,No,Yes,No,No,One year,No,Bank transfer (automatic),72.04,490.96,No
CUST-02988,Male,0,Yes,Yes,7,Yes,Yes,No,No internet service,No internet service,No internet service,No internet service,No internet service,No internet service,Month-to-month,Yes,Bank transfer (automatic),38.1,233.99,No
CUST-02989,Male,1,No,No,19,Yes,No,DSL,No,Yes,Yes,No,No,Yes,Two year,Yes,Credit card (automatic),73.84,1276.94,Yes
CUST-02990,Female,0,No,No,61,Yes,Yes,Fiber optic,Yes,No,Yes,Yes,Yes,Yes,Month-to-month,Yes,Credit card (automatic),108.17,6128.85,No
CUST-02991,Female,0,No,No,72,Yes,No,No,No internet service,No internet service,No internet service,No internet service,No internet service,No internet service,Month-to-month,Yes,Mailed check,38.92,2589.33,Yes
CUST-02992,Male,0,Yes,Yes,67,Yes,Yes,Fiber optic,No,Yes,No,No,No,Yes,Month-to-month,Yes,Credit card (automatic),99.43,6612.38,No
CUST-02993,Female,1,No,No,69,Yes,No,DSL,No,No,No,No,No,Yes,Month-to-month,No,Electronic check,66.66,4058.26,Yes
CUST-02994,Male,1,Yes,Yes,11,Yes,No,DSL,Yes,No,Yes,Yes,Yes,No,Month-to-month,Yes,Mailed check,84.49,778.46,No
CUST-02995,Male,0,Yes,Yes,25,No,No phone service,Fiber optic,No,Yes,Yes,No,No,No,Month-to-month,No,Mailed check,76.99,1887.52,Yes
CUST-02996,Male,0,No,Yes,10,Yes,No,Fiber optic,No,Yes,Yes,Yes,Yes,Yes,Month-to-month,No,Mailed check,101.44,900.77,No
CUST-02997,Female,0,Yes,No,33,Yes,No,DSL,Yes,No,Yes,No,Yes,Yes,One year,Yes,Mailed check,83.76,2521.07,No
CUST-02998,Female,0,Yes,No,19,Yes,No,Fiber optic,No,No,Yes,No,Yes,Yes,Month-to-month,Yes,Mailed check,93.68,1692.48,Yes
CUST-02999,Female,1,No,No,5,Yes,No,Fiber optic,Yes,No,Yes,Yes,No,No,Two year,No,Bank transfer (automatic),97.9,481.66,No
CUST-03000,Male,0,No,No,36,No,No phone service,DSL,Yes,Yes,No,No,No,Yes,Two year,Yes,Electronic check,57.69,1900.0,No
CUST-03001,Male,0,No,No,13,Yes,No,DSL,No,No,Yes,Yes,No,Yes,Two year,Yes,Mailed check,66.22,790.15,No
CUST-03002,Male,0,Yes,No,23,Yes,Yes,No,No internet service,No internet service,No internet service,No internet service,No internet service,No internet service,One year,Yes,Bank transfer (automatic),37.0,763.17,Yes
CUST-03003,Male,0,Yes,No,16,No,No phone service,No,No internet service,No internet service,No internet service,No internet service,No internet service,No internet service,Month-to-month,No,Bank transfer (automatic),18.0,270.96,No
CUST-03004,Male,0,No,No,40,Yes,Yes,No,No internet service,No internet service,No internet service,No internet service,No internet service,No internet service,One year,Yes,Mailed check,45.37,1801.38,Yes
CUST-03005,Male,0,Yes,No,28,Yes,Yes,Fiber optic,Yes,Yes,Yes,Yes,Yes,No,Month-to-month,Yes,Electronic check,115.95,2978.94,No
CUST-03006,Female,0,Yes,No,25,Yes,No,Fiber optic,Yes,No,No,Yes,Yes,Yes,Month-to-month,Yes,Mailed check,114.5,2599.71,Yes
CUST-03007,Male,0,Yes,No,65,Yes,No,DSL,Yes,Yes,Yes,No,No,Yes,Month-to-month,Yes,Bank transfer (automatic),81.48,4952.66,Yes
CUST-03008,Female,1,No,No,17,Yes,Yes,No,No internet service,No internet service,No internet service,No internet service,No internet service,No internet service,Two year,Yes,Bank transfer (automatic),38.6,629.61,No
CUST-03009,Male,0,No,No,34,Yes,No,DSL,Yes,No,Yes,No,Yes,No,Month-to-month,No,Electronic check,74.94,2467.63,No
CUST-03010,Male,1,Yes,Yes,18,Yes,Yes,DSL,No,No,No,No,Yes,Yes,Two year,Yes,Mailed check,76.13,1279.19,No
CUST-03011,Female,0,No,No,72,Yes,No,DSL,No,No,Yes,No,Yes,No,One year,Yes,Mailed check,70.62,5059.93,Yes
CUST-03012,Male,0,Yes,No,55,Yes,No,Fiber optic,No,No,No,No,No,No,Two year,No,Electronic check,76.14,4025.76,Yes
CUST-03013,Female,0,No,No,72,Yes,Yes,DSL,No,No,No,No,No,No,One year,Yes,Electronic check,64.19,4345.97,No
CUST-03014,Male,0,Yes,Yes,28,Yes,No,Fiber optic,No,No,No,Yes,Yes,Yes,Month-to-month,Yes,Electronic check,92.98,2444.44,Yes
CUST-03015,Female,0,Yes,Yes,57,Yes,No,DSL,No,No,No,No,No,Yes,Month-to-month,No,Credit card (automatic),64.7,3194.26,Yes
CUST-03016,Female,0,Yes,No,9,Yes,No,Fiber optic,No,No,No,No,Yes,Yes,Month-to-month,Yes,Bank transfer (automatic),97.85,809.04,Yes
CUST-03017,Male,0,No,No,7,No,No phone service,Fiber optic,Yes,Yes,No,No,No,Yes,Month-to-month,No,Electronic check,86.01,543.96,Yes
CUST-03018,Female,0,No,No,21,Yes,Yes,Fiber optic,No,Yes,No,No,No,No,One year,Yes,Credit card (automatic),104.52,2042.65,Yes
CUST-03019,Male,0,No,No,32,Yes,No,DSL,Yes,Yes,No,No,No,Yes,Month-to-month,Yes,Bank transfer (automatic),76.38,2221.93,Yes
CUST-03020,Male,1,Yes,No,61,Yes,No,DSL,No,No,No,No,Yes,Yes,Month-to-month,No,Bank transfer (automatic),76.1,4132.22,No
CUST-03021,Female,1,Yes,No,26,Yes,No,DSL,No,Yes,No,No,Yes,Yes,Month-to-month,No,Credit card (automatic),74.55,1880.49,No
CUST-03022,Female,1,Yes,No,21,Yes,No,No,No internet service,No internet service,No internet service,No internet service,No internet service,No internet service,Month-to-month,Yes,Mailed check,35.68,659.07,Yes
CUST-03023,Female,0,Yes,Yes,46,Yes,No,Fiber optic,No,Yes,Yes,No,No,Yes,Month-to-month,Yes,Mailed check,94.73,4463.03,Yes
CUST-03024,Female,1,Yes,No,72,Yes,No,Fiber optic,No,No,Yes,No,Yes,No,Two year,No,Bank transfer (automatic),100.14,6499.76,No
CUST-03025,Female,1,No,No,48,Yes,No,Fiber optic,No,Yes,No,No,No,No,Month-to-month,No,Credit card (automatic),84.46,3798.5,Yes
CUST-03026,Male,1,No,No,36,Yes,No,Fiber optic,No,No,No,No,Yes,Yes,Month-to-month,Yes,Credit card (automatic),87.5,2804.88,No
CUST-03027,Female,0,No,No,57,Yes,Yes,DSL,Yes,Yes,Yes,No,Yes,No,Month-to-month,Yes,Bank transfer (automatic),88.55,4570.69,Yes
CUST-03028,Male,0,Yes,Yes,54,Yes,No,DSL,No,No,No,Yes,No,No,One year,No,Credit card (automatic),62.65,3274.93,No
CUST-03029,Female,1,Yes,No,48,Yes,No,Fiber optic,No,No,No,No,Yes,Yes,Month-to-month,Yes,Mailed check,99.64,4368.87,Yes
CUST-03030,Male,0,No,No,55,Yes,No,DSL,No,Yes,No,No,Yes,No,Month-to-month,No,Mailed check,71.86,3621.45,Yes
CUST-03031,Male,0,Yes,Yes,33,Yes,Yes,DSL,No,No,Yes,No,Yes,No,Month-to-month,Yes,Bank transfer (automatic),85.66,2753.17,No
CUST-03032,Female,0,No,No,72,Yes,Yes,Fiber optic,Yes,No,Yes,No,No,No,One year,No,Electronic check,97.39,7061.0,Yes
CUST-03033,Male,0,No,No,8,Yes,No,No,No internet service,No internet service,No internet service,No internet service,No internet service,No internet service,Month-to-month,No,Bank transfer (automatic),34.4,254.68,No
CUST-03034,Female,0,Yes,No,41,Yes,Yes,Fiber optic,Yes,Yes,Yes,No,Yes,Yes,One year,Yes,Bank transfer (automatic),114.05,4079.01,Yes
CUST-03035,Female,1,Yes,No,14,Yes,Yes,Fiber optic,No,No,No,No,Yes,No,Month-to-month,Yes,Bank transfer (automatic),92.03,1194.98,Yes
CUST-03036,Male,1,No,No,30,Yes,No,Fiber optic,No,Yes,Yes,No,Yes,No,Month-to-month,Yes,Credit card (automatic),98.82,2758.55,Yes
CUST-03037,Male,1,No,Yes,8,Yes,Yes,Fiber optic,Yes,Yes,Yes,No,No,No,Two year,No,Mailed check,104.08,781.45,No
CUST-03038,Female,0,No,No,18,Yes,No,Fiber optic,Yes,Yes,Yes,No,Yes,Yes,Month-to-month,No,Electronic check,103.47,1790.64,No
CUST-03039,Female,0,No,No,21,Yes,Yes,Fiber optic,No,No,Yes,Yes,No,No,Month-to-month,Yes,Credit card (automatic),96.55,1963.64,Yes
CUST-03040,Female,0,No,No,37,Yes,Yes,Fiber optic,No,No,No,No,Yes,No,Month-to-month,Yes,Credit card (automatic),89.61,3020.84,Yes
CUST-03041,Female,0,Yes,Yes,17,Yes,No,DSL,No,Yes,No,Yes,Yes,Yes,One year,No,Mailed check,79.15,1269.49,No
CUST-03042,Female,0,No,No,22,Yes,No,Fiber optic,No,No,Yes,No,No,Yes,Month-to-month,Yes,Electronic check,83.27,1731.76,Yes
CUST-03043,Female,0,No,No,47,Yes,No,Fiber optic,No,No,No,Yes,No,Yes,Month-to-month,Yes,Mailed check,84.27,3968.17,Yes
CUST-03044,Male,1,Yes,Yes,62,Yes,No,DSL,No,No,Yes,No,Yes,No,One year,No,Electronic check,68.75,4139.66,No
CUST-03045,Female,0,Yes,No,20,Yes,No,DSL,Yes,No,No,No,Yes,No,One year,Yes,Electronic check,68.91,1264.02,No
CUST-03046,Male,0,No,Yes,69,No,No phone service,DSL,Yes,Yes,No,No,No,Yes,Month-to-month,Yes,Mailed check,67.21,4157.09,Yes
CUST-03047,Male,0,No,No,45,Yes,Yes,DSL,No,Yes,No,Yes,Yes,Yes,One year,No,Electronic check,84.7,3519.29,No
CUST-03048,Male,0,Yes,No,68,Yes,Yes,No,No internet service,No internet service,No internet service,No internet service,No internet service,No internet service,One year,Yes,Mailed check,32.54,2083.92,No
CUST-03049,Female,0,No,No,29,Yes,Yes,Fiber optic,No,No,No,No,No,No,One year,No,Mailed check,79.54,2146.25,No
CUST-03050,Male,0,No,No,22,Yes,No,DSL,Yes,No,Yes,No,Yes,Yes,One year,No,Bank transfer (automatic),80.79,1613.79,No
CUST-03051,Male,0,No,No,26,Yes,No,Fiber optic,No,Yes,No,No,No,Yes,Month-to-month,Yes,Electronic check,93.8,2217.64,Yes
CUST-03052,Female,0,Yes,Yes,37,Yes,No,No,No internet service,No internet service,No internet service,No internet service,No internet service,No internet service,Month-to-month,Yes,Bank transfer (automatic),37.63,1353.38,No
CUST-03053,Male,1,Yes,No,28,Yes,No,Fiber optic,No,Yes,No,No,No,No,Two year,Yes,Credit card (automatic),83.92,2053.2,No
CUST-03054,Female,0,Yes,Yes,29,Yes,Yes,No,No internet service,No internet service,No internet service,No internet service,No internet service,No internet service,Two year,Yes,Mailed check,48.07,1370.56,No
CUST-03055,Male,0,No,No,44,Yes,No,No,No internet service,No internet service,No internet service,No internet service,No internet service,No internet service,Two year,Yes,Credit card (automatic),30.88,1278.63,No
CUST-03056,Female,0,No,No,17,Yes,No,Fiber optic,Yes,Yes,Yes,No,No,Yes,Two year,Yes,Mailed check,95.79,1483.28,No
CUST-03057,Male,0,Yes,Yes,31,Yes,Yes,Fiber optic,No,Yes,Yes,No,Yes,Yes,Two year,Yes,Credit card (automatic),105.31,3071.71,Yes
CUST-03058,Female,0,No,Yes,8,Yes,No,Fiber optic,Yes,No,Yes,No,No,Yes,Month-to-month,Yes,Mailed check,90.46,704.43,Yes
CUST-03059,Female,0,Yes,No,27,Yes,Yes,Fiber optic,No,Yes,Yes,No,Yes,No,Month-to-month,No,Credit card (automatic),99.86,2558.68,Yes
CUST-03060,Female,1,No,No,20,Yes,No,Fiber optic,No,No,Yes,Yes,No,Yes,Two year,Yes,Credit card (automatic),94.5,1737.51,No
CUST-03061,Female,0,Yes,No,21,Yes,No,DSL,No,No,Yes,Yes,No,No,One year,No,Electronic check,77.42,1501.84,No
CUST-03062,Female,0,No,No,10,Yes,No,Fiber optic,No,No,Yes,No,Yes,No,Month-to-month,Yes,Bank transfer (automatic),85.59,797.53,Yes
CUST-03063,Female,0,No,No,17,Yes,No,Fiber optic,Yes,No,No,Yes,Yes,No,Month-to-month,No,Credit card (automatic),104.79,1702.78,No
CUST-03064,Female,0,No,No,37,Yes,Yes,Fiber optic,No,Yes,No,No,No,No,One year,Yes,Electronic check,92.2,3014.62,No
CUST-03065,Male,0,Yes,No,12,Yes,Yes,Fiber optic,No,Yes,No,Yes,Yes,Yes,One year,No,Mailed check,115.83,1280.21,Yes
CUST-03066,Male,1,Yes,No,4,Yes,No,Fiber optic,No,Yes,No,Yes,Yes,Yes,Month-to-month,Yes,Bank transfer (automatic),105.1,394.02,Yes
CUST-03067,Male,0,Yes,Yes,42,Yes,No,DSL,No,No,Yes,No,Yes,Yes,One year,Yes,Electronic check,73.16,2885.23,Yes
CUST-03068,Male,0,No,No,72,No,No phone service,Fiber optic,Yes,Yes,No,Yes,Yes,No,One year,No,Electronic check,84.68,5645.65,Yes
CUST-03069,Female,0,Yes,No,16,Yes,No,DSL,No,No,No,No,No,No,Month-to-month,No,Electronic check,58.46,882.45,No
CUST-03070,Female,0,No,No,72,Yes,No,DSL,No,No,No,No,Yes,Yes,Month-to-month,Yes,Electronic check,68.52,4289.69,Yes
CUST-03071,Female,1,No,No,4,Yes,No,No,No internet service,No internet service,No internet service,No internet service,No internet service,No internet service,Month-to-month,Yes,Mailed check,40.32,141.48,Yes
CUST-03072,Female,0,Yes,No,40,Yes,No,Fiber optic,No,No,No,No,Yes,Yes,Month-to-month,Yes,Electronic check,88.49,3502.92,Yes
CUST-03073,Female,0,Yes,Yes,14,Yes,No,Fiber optic,Yes,No,No,No,No,No,Month-to-month,No,Electronic check,76.17,1000.39,Yes
CUST-03074,Male,0,Yes,No,72,Yes,Yes,Fiber optic,No,Yes,No,Yes,Yes,Yes,One year,No,Electronic check,106.02,7128.02,No
CUST-03075,Male,0,No,Yes,24,No,No phone service,Fiber optic,No,No,No,No,No,Yes,Month-to-month,Yes,Credit card (automatic),68.54,1443.77,Yes
CUST-03076,Male,0,No,No,17,Yes,No,No,No internet service,No internet service,No internet service,No internet service,No internet service,No internet service,Month-to-month,No,Mailed check,31.97,471.2,Yes
CUST-03077,Female,0,Yes,No,1,Yes,No,DSL,No,Yes,Yes,No,No,Yes,Two year,No,Mailed check,75.88,72.31,No
CUST-03078,Male,0,No,No,49,Yes,No,No,No internet service,No internet service,No internet service,No internet service,No internet service,No internet service,Month-to-month,Yes,Electronic check,34.28,1654.94,Yes
CUST-03079,Female,0,Yes,Yes,47,Yes,Yes,No,No internet service,No internet service,No internet service,No internet service,No internet service,No internet service,Month-to-month,No,Bank transfer (automatic),45.94,1957.4,No
CUST-03080,Female,1,Yes,No,67,Yes,No,Fiber optic,Yes,Yes,No,Yes,Yes,Yes,Month-to-month,Yes,Electronic check,109.02,6935.08,Yes
CUST-03081,Female,0,No,No,33,Yes,No,Fiber optic,Yes,No,No,Yes,Yes,Yes,One year,No,Bank transfer (automatic),91.49,2952.17,Yes
CUST-03082,Male,0,No,No,22,No,No phone service,Fiber optic,No,Yes,No,Yes,No,Yes,Two year,Yes,Mailed check,75.5,1542.16,No
CUST-03083,Female,0,Yes,No,59,Yes,Yes,DSL,Yes,No,Yes,No,No,No,Two year,Yes,Mailed check,74.49,4321.13,No
CUST-03084,Female,0,No,Yes,19,Yes,Yes,DSL,No,No,Yes,No,No,No,One year,Yes,Mailed check,73.63,1296.62,No
CUST-03085,Female,0,No,No,7,Yes,Yes,Fiber optic,No,No,Yes,No,No,No,One year,Yes,Electronic check,92.07,611.47,No
CUST-03086,Female,0,No,No,39,No,No phone service,No,No internet service,No internet service,No internet service,No internet service,No internet service,No internet service,Month-to-month,No,Mailed check,18.0,702.89,No
CUST-03087,Female,0,No,No,54,No,No phone service,DSL,No,Yes,Yes,Yes,Yes,No,Month-to-month,No,Mailed check,68.93,3591.89,No
CUST-03088,Female,0,Yes,No,6,Yes,Yes,No,No internet service,No internet service,No internet service,No internet service,No internet service,No internet service,Month-to-month,No,Bank transfer (automatic),41.74,234.14,No
CUST-03089,Female,0,Yes,No,31,Yes,No,Fiber optic,No,No,Yes,Yes,Yes,No,Month-to-month,Yes,Credit card (automatic),100.44,2858.07,No
CUST-03090,Female,0,No,Yes,50,Yes,No,DSL,No,No,No,No,Yes,No,One year,Yes,Bank transfer (automatic),62.36,3048.93,No
CUST-03091,Female,0,No,No,17,Yes,Yes,DSL,No,No,Yes,Yes,No,No,Month-to-month,No,Mailed check,79.25,1294.22,Yes
CUST-03092,Female,0,Yes,No,72,Yes,No,Fiber optic,Yes,Yes,No,No,Yes,No,Month-to-month,No,Electronic check,96.73,6708.93,No
CUST-03093,Male,0,Yes,Yes,16,Yes,No,Fiber optic,No,Yes,No,No,No,No,One year,No,Electronic check,77.65,1174.08,No
CUST-03094,Female,0,Yes,No,16,Yes,No,Fiber optic,Yes,No,Yes,No,Yes,Yes,Two year,Yes,Electronic check,104.8,1625.76,Yes
CUST-03095,Male,1,No,No,19,Yes,Yes,Fiber optic,No,Yes,No,No,No,Yes,Month-to-month,Yes,Electronic check,96.32,1661.18,Yes
CUST-03096,Male,0,Yes,Yes,12,Yes,No,DSL,Yes,Yes,No,No,No,Yes,Month-to-month,Yes,Bank transfer (automatic),78.38,860.11,No
CUST-03097,Female,0,Yes,Yes,16,No,No phone service,No,No internet service,No internet service,No internet service,No internet service,No internet service,No internet service,One year,No,Mailed check,18.0,261.5,No
CUST-03098,Female,0,Yes,No,30,Yes,No,No,No internet service,No internet service,No internet service,No internet service,No internet service,No internet service,Month-to-month,No,Credit card (automatic),32.35,932.97,No
CUST-03099,Female,0,No,No,13,Yes,No,Fiber optic,No,No,Yes,No,No,No,One year,No,Mailed check,81.71,973.42,Yes
CUST-03100,Female,0,No,No,42,Yes,Yes,DSL,Yes,Yes,Yes,No,No,No,Month-to-month,No,Mailed check,86.87,3328.11,Yes
CUST-03101,Female,0,Yes,No,7,Yes,Yes,Fiber optic,No,Yes,No,No,No,No,Month-to-month,Yes,Electronic check,89.34,590.8,Yes
CUST-03102,Female,0,Yes,No,13,Yes,No,Fiber optic,Yes,No,Yes,Yes,Yes,No,Month-to-month,Yes,Electronic check,101.25,1190.5,Yes
CUST-03103,Female,1,Yes,Yes,72,Yes,No,DSL,No,Yes,Yes,No,No,No,Month-to-month,No,Credit card (automatic),69.1,4761.56,No
CUST-03104,Female,1,No,No,15,Yes,Yes,No,No internet service,No internet service,No internet service,No internet service,No internet service,No internet service,Month-to-month,Yes,Electronic check,40.76,562.56,Yes
CUST-03105,Male,0,No,No,27,Yes,Yes,No,No internet service,No internet service,No internet service,No internet service,No internet service,No internet service,Two year,No,Electronic check,39.16,1045.51,No
CUST-03106,Female,1,No,No,28,Yes,Yes,DSL,No,No,No,Yes,Yes,No,One year,No,Mailed check,73.59,2034.53,No
CUST-03107,Male,1,No,No,11,Yes,Yes,DSL,No,Yes,No,No,Yes,No,One year,Yes,Mailed check,78.28,859.61,Yes
CUST-03108,Female,0,Yes,No,14,Yes,Yes,Fiber optic,No,No,Yes,No,Yes,Yes,Month-to-month,No,Electronic check,101.48,1280.21,No
CUST-03109,Male,0,Yes,No,35,Yes,Yes,DSL,Yes,Yes,Yes,No,Yes,Yes,Month-to-month,No,Electronic check,90.58,2949.91,Yes
CUST-03110,Female,0,Yes,No,15,Yes,Yes,Fiber optic,No,No,No,No,Yes,No,Two year,No,Credit card (automatic),88.75,1300.53,No
CUST-03111,Male,0,Yes,No,15,Yes,No,Fiber optic,No,Yes,No,Yes,No,Yes,One year,Yes,Credit card (automatic),99.28,1488.22,No
CUST-03112,Male,0,Yes,No,14,Yes,No,No,No internet service,No internet service,No internet service,No internet service,No internet service,No internet service,Month-to-month,No,Electronic check,34.59,429.09,No
CUST-03113,Female,0,No,No,66,Yes,Yes,Fiber optic,No,Yes,Yes,No,Yes,Yes,Month-to-month,Yes,Electronic check,101.0,6420.76,Yes
CUST-03114,Male,1,Yes,Yes,57,Yes,No,No,No internet service,No internet service,No internet service,No internet service,No internet service,No internet service,Two year,No,Electronic check,32.85,1772.84,No
CUST-03115,Female,0,No,Yes,31,Yes,Yes,Fiber optic,Yes,Yes,No,No,Yes,No,Two year,Yes,Credit card (automatic),108.45,3196.69,No
CUST-03116,Female,0,Yes,Yes,23,Yes,No,DSL,No,Yes,Yes,No,Yes,Yes,Month-to-month,No,Mailed check,78.1,1622.76,Yes
CUST-03117,Male,0,Yes,Yes,29,Yes,No,No,No internet service,No internet service,No internet service,No internet service,No internet service,No internet service,Month-to-month,No,Bank transfer (automatic),33.66,903.79,No
CUST-03118,Male,0,No,No,37,Yes,Yes,Fiber optic,No,No,Yes,No,Yes,Yes,Month-to-month,Yes,Mailed check,97.27,3508.06,Yes
CUST-03119,Female,1,Yes,Yes,37,Yes,No,Fiber optic,No,Yes,Yes,No,No,Yes,Month-to-month,Yes,Mailed check,93.77,3378.47,Yes
CUST-03120,Male,0,Yes,No,16,Yes,Yes,DSL,No,Yes,No,Yes,Yes,No,One year,Yes,Credit card (automatic),80.69,1224.7,No
CUST-03121,Male,0,Yes,No,20,Yes,Yes,Fiber optic,Yes,Yes,Yes,No,Yes,No,Month-to-month,Yes,Electronic check,109.76,2160.06,Yes
CUST-03122,Male,0,No,Yes,18,Yes,Yes,Fiber optic,No,No,No,Yes,Yes,Yes,Month-to-month,Yes,Credit card (automatic),99.15,1735.11,Yes
CUST-03123,Female,0,Yes,No,33,Yes,Yes,Fiber optic,No,Yes,No,No,Yes,No,Month-to-month,Yes,Bank transfer (automatic),102.92,3387.08,No
CUST-03124,Male,0,No,No,64,No,No phone service,Fiber optic,No,Yes,Yes,No,Yes,No,One year,Yes,Mailed check,76.02,4677.14,Yes
CUST-03125,Female,0,No,No,27,No,No phone service,Fiber optic,No,Yes,No,No,Yes,No,One year,Yes,Bank transfer (automatic),76.39,2146.06,Yes
CUST-03126,Male,0,No,No,29,No,No phone service,Fiber optic,No,No,Yes,No,No,No,One year,Yes,Credit card (automatic),62.8,1693.08,No
CUST-03127,Male,0,Yes,Yes,13,Yes,No,Fiber optic,Yes,Yes,Yes,Yes,No,No,Month-to-month,No,Electronic check,101.63,1336.59,Yes
CUST-03128,Male,0,No,Yes,6,Yes,Yes,No,No internet service,No internet service,No internet service,No internet service,No internet service,No internet service,Month-to-month,No,Electronic check,43.9,238.51,No
CUST-03129,Male,0,Yes,No,19,Yes,Yes,Fiber optic,No,No,Yes,No,No,Yes,Two year,No,Mailed check,97.53,1735.65,Yes
CUST-03130,Male,0,No,No,43,Yes,No,Fiber optic,No,No,Yes,No,Yes,Yes,Month-to-month,Yes,Mailed check,90.08,3739.04,Yes
CUST-03131,Female,0,No,No,13,Yes,No,DSL,No,Yes,No,No,Yes,Yes,Month-to-month,Yes,Mailed check,84.64,932.23,Yes
CUST-03132,Female,0,Yes,Yes,4,Yes,No,DSL,No,Yes,Yes,Yes,No,No,Two year,Yes,Electronic check,80.22,295.51,No
CUST-03133,Male,0,Yes,Yes,39,Yes,No,DSL,No,No,Yes,Yes,No,Yes,Month-to-month,Yes,Electronic check,74.02,2939.81,No
CUST-03134,Female,0,No,Yes,36,Yes,No,Fiber optic,No,No,No,Yes,Yes,No,Month-to-month,No,Bank transfer (automatic),90.5,3233.21,No
CUST-03135,Male,0,No,No,16,Yes,No,Fiber optic,No,Yes,No,No,Yes,No,Two year,No,Mailed check,90.78,1289.85,No
CUST-03136,Female,0,No,No,14,Yes,Yes,No,No internet service,No internet service,No internet service,No internet service,No internet service,No internet service,Month-to-month,Yes,Credit card (automatic),32.05,396.71,Yes
CUST-03137,Male,1,Yes,Yes,21,Yes,No,No,No internet service,No internet service,No internet service,No internet service,No internet service,No internet service,Month-to-month,No,Credit card (automatic),29.73,553.94,Yes
CUST-03138,Female,0,No,No,17,Yes,Yes,Fiber optic,No,No,No,No,No,No,Two year,Yes,Electronic check,85.1,1317.06,Yes
CUST-03139,Female,0,No,No,72,Yes,Yes,DSL,Yes,No,No,No,Yes,Yes,Month-to-month,No,Mailed check,87.77,5936.97,No
CUST-03140,Female,0,No,No,20,Yes,Yes,DSL,No,No,No,No,No,No,One year,Yes,Electronic check,62.03,1203.92,No
CUST-03141,Female,0,Yes,No,34,Yes,No,DSL,No,Yes,No,Yes,No,Yes,One year,Yes,Credit card (automatic),74.6,2480.14,No
CUST-03142,Female,0,No,No,23,Yes,No,Fiber optic,No,No,No,No,No,No,One year,No,Electronic check,83.17,1922.24,No
CUST-03143,Female,0,No,No,35,Yes,Yes,No,No internet service,No internet service,No internet service,No internet service,No internet service,No internet service,Month-to-month,No,Electronic check,42.02,1453.87,Yes
CUST-03144,Male,0,Yes,Yes,17,Yes,Yes,DSL,Yes,No,No,No,Yes,No,One year,Yes,Electronic check,82.37,1202.0,No
CUST-03145,Male,0,Yes,No,16,No,No phone service,DSL,Yes,No,Yes,No,Yes,Yes,One year,Yes,Mailed check,69.33,1024.46,No
CUST-03146,Male,0,Yes,Yes,27,No,No phone service,DSL,No,No,Yes,No,Yes,Yes,Two year,Yes,Mailed check,61.99,1492.65,No
CUST-03147,Male,0,Yes,No,14,Yes,No,DSL,No,No,Yes,No,No,No,Month-to-month,Yes,Electronic check,66.03,946.11,Yes
CUST-03148,Male,0,No,No,19,Yes,No,DSL,No,Yes,No,Yes,No,Yes,Month-to-month,Yes,Bank transfer (automatic),81.4,1434.03,No
CUST-03149,Male,1,Yes,No,42,Yes,No,DSL,Yes,Yes,No,Yes,No,No,Month-to-month,Yes,Mailed check,72.7,2792.9,Yes
CUST-03150,Female,0,No,No,59,No,No phone service,DSL,Yes,No,Yes,No,No,No,One year,No,Electronic check,58.44,3336.32,No
CUST-03151,Male,0,Yes,No,72,Yes,No,No,No internet service,No internet service,No internet service,No internet service,No internet service,No internet service,Month-to-month,No,Bank transfer (automatic),31.06,2083.74,No
CUST-03152,Female,0,No,Yes,40,Yes,No,DSL,Yes,No,No,Yes,No,Yes,Month-to-month,Yes,Mailed check,73.88,2894.97,No
CUST-03153,Female,0,No,No,33,Yes,No,Fiber optic,No,No,No,No,No,Yes,Month-to-month,Yes,Bank transfer (automatic),85.54,2595.27,Yes
CUST-03154,Male,0,No,No,12,Yes,No,Fiber optic,Yes,Yes,No,Yes,Yes,Yes,Month-to-month,No,Credit card (automatic),106.55,1245.86,Yes
CUST-03155,Female,0,No,No,54,Yes,Yes,Fiber optic,No,No,Yes,No,Yes,No,Month-to-month,Yes,Mailed check,93.47,4301.19,Yes
CUST-03156,Male,0,Yes,Yes,72,Yes,No,Fiber optic,No,No,Yes,No,No,No,Month-to-month,No,Bank transfer (automatic),83.81,6214.81,No
CUST-03157,Male,0,No,No,19,Yes,No,DSL,No,No,Yes,No,No,Yes,Month-to-month,Yes,Mailed check,69.79,1281.93,Yes
CUST-03158,Male,0,No,No,72,Yes,Yes,DSL,No,No,No,No,Yes,Yes,Two year,Yes,Electronic check,78.5,5385.55,No
CUST-03159,Male,0,Yes,No,58,No,No phone service,Fiber optic,No,No,No,No,No,No,Month-to-month,Yes,Bank transfer (automatic),64.09,3432.22,Yes
CUST-03160,Male,1,No,No,40,Yes,Yes,DSL,Yes,No,No,Yes,Yes,No,Month-to-month,Yes,Mailed check,83.39,3133.59,No
CUST-03161,Female,0,Yes,No,23,Yes,Yes,Fiber optic,Yes,Yes,No,No,Yes,No,Month-to-month,Yes,Electronic check,103.15,2227.12,Yes
CUST-03162,Male,0,No,No,9,Yes,No,No,No internet service,No internet service,No internet service,No internet service,No internet service,No internet service,Month-to-month,No,Bank transfer (automatic),30.43,255.72,No
CUST-03163,Female,0,Yes,No,72,Yes,No,DSL,No,Yes,Yes,No,No,Yes,One year,Yes,Electronic check,77.13,5279.86,No
CUST-03164,Female,0,No,No,8,Yes,No,Fiber optic,No,No,No,No,No,Yes,Two year,Yes,Electronic check,73.4,549.69,No
CUST-03165,Female,1,Yes,Yes,72,Yes,No,No,No internet service,No internet service,No internet service,No internet service,No internet service,No internet service,Month-to-month,Yes,Electronic check,41.69,2816.82,Yes
CUST-03166,Female,0,Yes,Yes,72,Yes,Yes,Fiber optic,No,No,No,Yes,No,Yes,Month-to-month,Yes,Mailed check,105.78,7054.91,No
CUST-03167,Male,0,Yes,No,12,Yes,Yes,Fiber optic,No,No,Yes,Yes,No,Yes,Two year,Yes,Mailed check,102.41,1149.85,No
CUST-03168,Female,0,No,No,8,Yes,Yes,Fiber optic,Yes,Yes,Yes,No,No,Yes,Month-to-month,Yes,Bank transfer (automatic),104.22,791.24,Yes
CUST-03169,Male,0,Yes,No,18,Yes,No,Fiber optic,Yes,Yes,Yes,No,Yes,Yes,Month-to-month,No,Credit card (automatic),108.73,1850.8,No
CUST-03170,Male,0,No,No,25,Yes,Yes,DSL,No,No,Yes,Yes,No,No,Month-to-month,No,Electronic check,70.09,1643.21,No
CUST-03171,Male,1,No,No,17,Yes,Yes,No,No internet service,No internet service,No internet service,No internet service,No internet service,No internet service,Month-to-month,No,Electronic check,45.16,714.88,No
CUST-03172,Male,0,No,No,18,Yes,No,DSL,Yes,Yes,No,No,Yes,Yes,Two year,No,Electronic check,83.38,1441.57,No
CUST-03173,Female,0,Yes,No,25,Yes,Yes,Fiber optic,Yes,No,Yes,No,No,No,Month-to-month,Yes,Mailed check,92.86,2131.29,Yes
CUST-03174,Female,0,No,Yes,72,Yes,No,Fiber optic,No,No,Yes,No,Yes,No,Two year,Yes,Bank transfer (automatic),84.67,5363.21,No
CUST-03175,Male,0,No,No,23,Yes,No,Fiber optic,Yes,Yes,No,Yes,No,No,Month-to-month,Yes,Credit card (automatic),84.73,1826.58,Yes
CUST-03176,Male,1,Yes,Yes,42,Yes,No,Fiber optic,No,No,No,No,Yes,No,One year,Yes,Mailed check,86.54,3533.03,Yes
CUST-03177,Male,0,Yes,Yes,9,Yes,Yes,No,No internet service,No internet service,No internet service,No internet service,No internet service,No internet service,Month-to-month,Yes,Mailed check,31.93,275.35,No
CUST-03178,Female,0,No,No,28,Yes,Yes,Fiber optic,No,Yes,No,No,No,No,Month-to-month,No,Electronic check,88.71,2406.54,Yes
CUST-03179,Female,0,Yes,No,19,Yes,Yes,Fiber optic,Yes,Yes,Yes,Yes,No,No,Two year,No,Credit card (automatic),106.83,1880.25,No
CUST-03180,Female,0,Yes,No,41,Yes,Yes,DSL,Yes,No,No,No,Yes,Yes,One year,Yes,Credit card (automatic),79.12,3100.89,No
CUST-03181,Female,0,Yes,No,8,Yes,Yes,DSL,No,Yes,No,No,Yes,Yes,Two year,No,Mailed check,75.33,,Yes
CUST-03182,Female,0,No,No,62,Yes,Yes,No,No internet service,No internet service,No internet service,No internet service,No internet service,No internet service,Month-to-month,No,Mailed check,39.2,2185.15,No
CUST-03183,Male,0,No,No,19,Yes,No,No,No internet service,No internet service,No internet service,No internet service,No internet service,No internet service,Month-to-month,No,Electronic check,33.11,602.46,No
CUST-03184,Female,0,No,No,14,Yes,Yes,Fiber optic,No,No,No,No,Yes,No,Month-to-month,Yes,Mailed check,89.9,1167.63,Yes
CUST-03185,Male,0,No,Yes,72,Yes,No,No,No internet service,No internet service,No internet service,No internet service,No internet service,No internet service,Two year,No,Mailed check,40.72,2890.69,No
CUST-03186,Male,0,Yes,Yes,32,Yes,Yes,No,No internet service,No internet service,No internet service,No internet service,No internet service,No internet service,Month-to-month,Yes,Credit card (automatic),47.54,1430.32,No
CUST-03187,Male,0,Yes,Yes,25,Yes,Yes,No,No internet service,No internet service,No internet service,No internet service,No internet service,No internet service,Month-to-month,Yes,Electronic check,38.22,889.21,No
CUST-03188,Female,0,Yes,No,8,Yes,No,No,No internet service,No internet service,No internet service,No internet service,No internet service,No internet service,Month-to-month,No,Credit card (automatic),36.82,262.58,No
CUST-03189,Female,0,Yes,No,12,Yes,Yes,DSL,Yes,No,No,No,No,No,Month-to-month,No,Credit card (automatic),68.4,744.91,Yes
CUST-03190,Male,0,Yes,No,8,Yes,No,Fiber optic,No,No,Yes,No,No,Yes,Month-to-month,Yes,Electronic check,83.29,617.99,Yes
CUST-03191,Female,1,No,No,27,Yes,No,No,No internet service,No internet service,No internet service,No internet service,No internet service,No internet service,Month-to-month,Yes,Bank transfer (automatic),34.74,912.6,Yes
CUST-03192,Male,0,Yes,Yes,57,Yes,No,Fiber optic,Yes,Yes,Yes,No,No,No,Month-to-month,Yes,Electronic check,89.22,5056.61,Yes
CUST-03193,Male,0,Yes,Yes,34,No,No phone service,No,No internet service,No internet service,No internet service,No internet service,No internet service,No internet service,One year,No,Mailed check,22.91,728.84,No
CUST-03194,Female,0,Yes,No,28,Yes,No,DSL,No,No,No,Yes,Yes,No,One year,No,Credit card (automatic),69.76,1813.6,No
CUST-03195,Male,0,Yes,Yes,25,No,No phone service,DSL,No,No,No,Yes,Yes,No,Month-to-month,No,Mailed check,53.6,1276.85,No
CUST-03196,Female,0,Yes,No,48,Yes,No,DSL,No,Yes,Yes,No,No,No,Two year,Yes,Mailed check,65.5,2979.77,No
CUST-03197,Female,0,Yes,Yes,22,Yes,No,Fiber optic,No,No,Yes,Yes,Yes,No,Two year,No,Electronic check,95.45,1961.99,Yes
CUST-03198,Male,0,Yes,Yes,6,Yes,No,Fiber optic,No,No,No,Yes,Yes,No,Two year,No,Electronic check,88.25,497.3,No
CUST-03199,Male,0,No,Yes,53,Yes,No,DSL,Yes,No,No,No,No,No,Month-to-month,No,Credit card (automatic),57.31,2887.05,Yes
CUST-03200,Female,1,No,Yes,10,Yes,No,Fiber optic,No,No,No,No,No,No,One year,Yes,Mailed check,77.96,765.29,No
CUST-03201,Male,0,No,No,6,No,No phone service,DSL,No,No,Yes,Yes,No,No,One year,Yes,Bank transfer (automatic),54.94,301.87,Yes
CUST-03202,Male,0,No,No,32,Yes,No,No,No internet service,No internet service,No internet service,No internet service,No internet service,No internet service,One year,No,Electronic check,35.12,1005.85,No
CUST-03203,Male,0,No,No,3,No,No phone service,Fiber optic,No,No,Yes,No,No,No,Month-to-month,Yes,Credit card (automatic),67.13,190.67,Yes
CUST-03204,Female,0,No,Yes,26,Yes,Yes,DSL,Yes,No,Yes,No,Yes,No,Month-to-month,Yes,Electronic check,81.0,1913.05,No
CUST-03205,Female,0,No,Yes,29,Yes,Yes,Fiber optic,No,No,Yes,Yes,Yes,Yes,Month-to-month,No,Bank transfer (automatic),104.93,3012.66,No
CUST-03206,Male,0,No,No,36,No,No phone service,DSL,No,Yes,Yes,No,Yes,Yes,Two year,Yes,Electronic check,63.87,2191.24,No
CUST-03207,Male,0,Yes,No,34,Yes,Yes,DSL,No,No,No,No,No,No,Month-to-month,No,Credit card (automatic),63.29,2013.52,Yes
CUST-03208,Male,0,Yes,No,8,Yes,No,Fiber optic,Yes,No,No,No,Yes,No,Two year,No,Mailed check,91.15,684.61,No
CUST-03209,Female,0,Yes,Yes,48,Yes,No,No,No internet service,No internet service,No internet service,No internet service,No internet service,No internet service,One year,No,Electronic check,31.42,1439.55,No
CUST-03210,Female,1,Yes,Yes,25,Yes,Yes,Fiber optic,Yes,Yes,No,Yes,No,Yes,Month-to-month,No,Electronic check,105.53,2537.87,Yes
CUST-03211,Male,0,No,No,19,Yes,No,DSL,No,Yes,No,No,Yes,No,Month-to-month,No,Bank transfer (automatic),74.44,1453.09,Yes
CUST-03212,Female,0,Yes,No,8,No,No phone service,Fiber optic,No,Yes,No,No,Yes,Yes,One year,No,Bank transfer (automatic),80.66,582.86,No
CUST-03213,Female,0,No,No,55,No,No phone service,No,No internet service,No internet service,No internet service,No internet service,No internet service,No internet service,Month-to-month,Yes,Electronic check,21.91,1174.19,No
CUST-03214,Male,0,No,No,51,Yes,No,DSL,No,Yes,No,No,No,Yes,Month-to-month,No,Credit card (automatic),62.94,3271.47,Yes
CUST-03215,Male,0,No,No,17,Yes,Yes,DSL,No,No,Yes,Yes,Yes,Yes,Month-to-month,Yes,Credit card (automatic),94.32,1529.41,Yes
CUST-03216,Female,0,Yes,No,37,Yes,Yes,Fiber optic,Yes,Yes,No,No,No,No,Month-to-month,Yes,Mailed check,97.36,3396.76,Yes
CUST-03217,Female,0,Yes,No,43,Yes,Yes,DSL,No,Yes,No,Yes,No,No,One year,No,Electronic check,75.39,3007.51,No
CUST-03218,Female,0,Yes,Yes,21,Yes,No,DSL,Yes,No,No,No,Yes,No,One year,No,Electronic check,73.36,1444.52,Yes
CUST-03219,Male,0,No,Yes,52,Yes,No,DSL,Yes,No,Yes,No,No,No,Two year,Yes,Credit card (automatic),77.2,3770.4,No
CUST-03220,Female,0,No,No,54,Yes,Yes,No,No internet service,No internet service,No internet service,No internet service,No internet service,No internet service,Two year,Yes,Electronic check,35.12,1861.91,No
CUST-03221,Male,0,No,Yes,5,No,No phone service,DSL,Yes,Yes,No,Yes,No,No,Month-to-month,Yes,Electronic check,51.6,254.09,Yes
CUST-03222,Female,0,No,No,42,Yes,No,DSL,Yes,No,Yes,Yes,Yes,Yes,One year,Yes,Mailed check,87.48,3390.09,No
CUST-03223,Male,0,No,No,17,Yes,No,No,No internet service,No internet service,No internet service,No internet service,No internet service,No internet service,Month-to-month,Yes,Mailed check,25.9,434.17,Yes
CUST-03224,Male,0,No,No,12,Yes,Yes,DSL,No,No,No,Yes,No,No,One year,Yes,Bank transfer (automatic),65.93,749.3,No
CUST-03225,Male,0,Yes,No,4,Yes,Yes,DSL,No,Yes,No,No,No,No,Month-to-month,Yes,Electronic check,79.75,302.71,No
CUST-03226,Male,0,Yes,No,28,Yes,Yes,No,No internet service,No internet service,No internet service,No internet service,No internet service,No internet service,Month-to-month,Yes,Mailed check,34.01,927.14,No
CUST-03227,Male,0,Yes,Yes,20,Yes,Yes,Fiber optic,No,Yes,No,No,No,No,Two year,No,Mailed check,84.51,1577.52,No
CUST-03228,Female,0,No,No,16,No,No phone service,DSL,Yes,No,No,No,No,Yes,Month-to-month,No,Electronic check,58.16,879.86,Yes
CUST-03229,Male,0,No,Yes,44,Yes,No,Fiber optic,No,No,No,Yes,Yes,Yes,Month-to-month,Yes,Bank transfer (automatic),98.87,4145.71,Yes
CUST-03230,Male,0,No,No,72,No,No phone service,DSL,No,Yes,No,No,No,Yes,Two year,No,Electronic check,61.2,4372.28,No
CUST-03231,Male,1,No,Yes,37,Yes,No,Fiber optic,No,Yes,Yes,No,Yes,No,Month-to-month,Yes,Electronic check,88.9,2877.69,Yes
CUST-03232,Female,0,No,No,20,Yes,Yes,DSL,No,No,Yes,No,No,Yes,Month-to-month,Yes,Credit card (automatic),74.53,1412.02,Yes
CUST-03233,Male,0,Yes,No,53,No,No phone service,Fiber optic,Yes,Yes,Yes,Yes,No,Yes,Month-to-month,Yes,Mailed check,94.46,4536.03,No
CUST-03234,Female,0,Yes,No,11,Yes,No,DSL,No,No,No,Yes,No,Yes,Month-to-month,No,Credit card (automatic),68.0,736.12,No
CUST-03235,Male,0,No,No,17,No,No phone service,Fiber optic,No,Yes,Yes,Yes,No,No,Month-to-month,No,Bank transfer (automatic),86.64,1326.84,Yes
CUST-03236,Male,0,No,No,29,Yes,No,Fiber optic,Yes,No,Yes,Yes,No,Yes,Month-to-month,No,Credit card (automatic),98.89,2810.13,Yes
CUST-03237,Female,0,No,No,29,Yes,Yes,DSL,Yes,Yes,Yes,No,No,No,Month-to-month,Yes,Credit card (automatic),80.1,2141.08,Yes
CUST-03238,Male,0,Yes,No,49,Yes,Yes,DSL,No,No,No,No,No,No,One year,No,Credit card (automatic),63.42,3143.23,No
CUST-03239,Male,1,No,No,72,Yes,No,DSL,No,No,No,No,Yes,No,Month-to-month,Yes,Mailed check,69.72,4553.43,No
CUST-03240,Female,0,No,No,48,Yes,Yes,DSL,No,Yes,Yes,No,No,No,Month-to-month,Yes,Credit card (automatic),77.72,3533.52,No
CUST-03241,Female,0,No,No,72,Yes,Yes,Fiber optic,No,Yes,No,No,No,Yes,Month-to-month,No,Credit card (automatic),94.3,6499.89,Yes
CUST-03242,Female,0,Yes,Yes,72,Yes,No,DSL,No,Yes,No,Yes,No,Yes,One year,Yes,Mailed check,71.85,4834.03,No
CUST-03243,Male,0,No,No,32,Yes,No,Fiber optic,No,No,Yes,No,No,Yes,Two year,No,Mailed check,90.54,2588.28,No
CUST-03244,Male,0,No,Yes,23,Yes,No,Fiber optic,No,No,Yes,Yes,Yes,Yes,Two year,Yes,Electronic check,102.69,2251.56,No
CUST-03245,Male,0,No,No,41,Yes,No,No,No internet service,No internet service,No internet service,No internet service,No internet service,No internet service,Month-to-month,Yes,Bank transfer (automatic),34.06,1226.75,Yes
CUST-03246,Male,0,No,No,5,Yes,Yes,No,No internet service,No internet service,No internet service,No internet service,No internet service,No internet service,Month-to-month,No,Credit card (automatic),39.04,185.75,Yes
CUST-03247,Male,1,No,No,49,No,No phone service,Fiber optic,No,No,Yes,No,No,No,Month-to-month,Yes,Electronic check,70.82,3285.32,Yes
CUST-03248,Female,1,No,No,45,Yes,No,Fiber optic,No,No,Yes,No,No,Yes,One year,Yes,Credit card (automatic),87.13,3612.67,No
CUST-03249,Female,0,No,No,10,Yes,No,DSL,Yes,No,No,No,No,No,One year,Yes,Bank transfer (automatic),65.27,557.11,Yes
CUST-03250,Female,0,Yes,Yes,67,Yes,Yes,No,No internet service,No internet service,No internet service,No internet service,No internet service,No internet service,Month-to-month,No,Mailed check,38.33,2222.38,No
CUST-03251,Female,1,Yes,Yes,55,Yes,No,Fiber optic,Yes,Yes,Yes,Yes,No,Yes,Month-to-month,No,Electronic check,101.79,5085.83,Yes
CUST-03252,Male,0,Yes,Yes,39,Yes,No,DSL,No,Yes,Yes,No,No,No,Month-to-month,No,Electronic check,70.17,2548.9,No
CUST-03253,Female,0,No,No,23,No,No phone service,Fiber optic,Yes,Yes,Yes,Yes,No,Yes,Month-to-month,Yes,Bank transfer (automatic),91.62,2015.06,Yes
CUST-03254,Female,0,Yes,Yes,69,Yes,Yes,Fiber optic,No,No,Yes,Yes,No,No,Two year,No,Electronic check,90.22,5883.77,No
CUST-03255,Female,1,Yes,No,6,Yes,No,Fiber optic,No,No,Yes,No,No,No,Month-to-month,No,Credit card (automatic),88.63,474.65,Yes
CUST-03256,Female,1,No,No,25,Yes,No,DSL,No,No,Yes,No,No,No,Month-to-month,No,Mailed check,62.46,1549.58,Yes
CUST-03257,Female,0,No,No,42,Yes,No,DSL,No,Yes,Yes,No,No,No,Two year,Yes,Mailed check,70.19,2892.45,No
CUST-03258,Female,0,Yes,No,59,Yes,No,DSL,Yes,Yes,No,Yes,No,Yes,Month-to-month,Yes,Mailed check,77.61,4282.47,No
CUST-03259,Male,0,Yes,Yes,54,Yes,Yes,Fiber optic,Yes,Yes,No,No,No,Yes,Month-to-month,Yes,Mailed check,100.74,5285.02,Yes
CUST-03260,Female,0,No,Yes,9,Yes,Yes,Fiber optic,No,No,Yes,No,Yes,No,Month-to-month,Yes,Credit card (automatic),105.66,865.73,Yes
CUST-03261,Female,1,Yes,No,36,Yes,No,DSL,No,No,Yes,Yes,Yes,No,One year,Yes,Electronic check,77.65,2597.2,No
CUST-03262,Female,0,Yes,No,30,Yes,No,DSL,No,Yes,Yes,Yes,Yes,No,Month-to-month,Yes,Credit card (automatic),79.88,2082.58,No
CUST-03263,Male,0,Yes,No,5,Yes,Yes,Fiber optic,No,No,Yes,No,Yes,No,One year,Yes,Bank transfer (automatic),90.66,414.32,Yes
CUST-03264,Male,0,Yes,No,9,Yes,Yes,DSL,Yes,Yes,Yes,No,No,No,One year,Yes,Mailed check,79.85,666.67,No
CUST-03265,Male,0,No,No,4,Yes,No,Fiber optic,No,Yes,Yes,Yes,No,No,One year,Yes,Credit card (automatic),93.34,361.06,No
CUST-03266,Male,1,Yes,No,5,No,No phone service,No,No internet service,No internet service,No internet service,No internet service,No internet service,No internet service,One year,Yes,Mailed check,19.77,95.79,No
CUST-03267,Male,0,No,No,9,Yes,Yes,DSL,No,Yes,No,No,Yes,No,Month-to-month,Yes,Electronic check,73.0,590.82,Yes
CUST-03268,Male,0,Yes,No,24,Yes,No,Fiber optic,No,No,No,Yes,Yes,Yes,Month-to-month,Yes,Electronic check,98.84,2153.53,Yes
CUST-03269,Female,0,Yes,Yes,25,Yes,No,No,No internet service,No internet service,No internet service,No internet service,No internet service,No internet service,Month-to-month,Yes,Bank transfer (automatic),32.0,741.81,No
CUST-03270,Male,0,Yes,No,35,Yes,No,DSL,Yes,No,No,Yes,No,No,Two year,No,Bank transfer (automatic),63.55,2194.17,No
CUST-03271,Female,0,No,No,15,Yes,No,DSL,No,Yes,Yes,No,No,Yes,Month-to-month,Yes,Electronic check,80.27,1171.36,Yes
CUST-03272,Female,0,Yes,No,61,Yes,No,DSL,No,No,Yes,No,No,No,Month-to-month,No,Electronic check,62.76,3642.24,No
CUST-03273,Male,0,Yes,Yes,52,Yes,No,No,No internet service,No internet service,No internet service,No internet service,No internet service,No internet service,One year,No,Credit card (automatic),29.43,1461.75,No
CUST-03274,Female,0,Yes,No,34,Yes,No,Fiber optic,No,Yes,No,No,No,Yes,One year,No,Electronic check,89.75,2880.47,Yes
CUST-03275,Female,0,No,No,72,Yes,No,Fiber optic,Yes,No,No,No,Yes,No,One year,No,Electronic check,91.74,6300.9,No
CUST-03276,Male,0,Yes,Yes,32,Yes,No,DSL,No,Yes,Yes,No,No,Yes,Month-to-month,Yes,Electronic check,73.13,2129.57,Yes
CUST-03277,Female,0,No,No,7,Yes,Yes,Fiber optic,No,Yes,No,No,Yes,Yes,Month-to-month,Yes,Mailed check,104.36,671.63,Yes
CUST-03278,Female,0,No,No,42,Yes,No,No,No internet service,No internet service,No internet service,No internet service,No internet service,No internet service,Month-to-month,Yes,Electronic check,28.85,1102.8,Yes
CUST-03279,Male,0,No,No,28,Yes,No,Fiber optic,No,No,Yes,Yes,No,Yes,Month-to-month,Yes,Electronic check,100.69,2765.13,Yes
CUST-03280,Male,0,No,No,19,Yes,Yes,No,No internet service,No internet service,No internet service,No internet service,No internet service,No internet service,Month-to-month,Yes,Credit card (automatic),31.77,603.77,No
CUST-03281,Female,0,Yes,Yes,21,Yes,No,Fiber optic,No,No,No,No,No,Yes,Month-to-month,No,Credit card (automatic),82.05,1619.09,Yes
CUST-03282,Male,0,No,No,37,Yes,Yes,No,No internet service,No internet service,No internet service,No internet service,No internet service,No internet service,Month-to-month,No,Credit card (automatic),43.75,1612.09,No
CUST-03283,Male,0,No,No,33,Yes,Yes,DSL,Yes,Yes,No,No,Yes,No,Month-to-month,Yes,Mailed check,78.95,2516.56,Yes
CUST-03284,Female,0,Yes,No,72,Yes,Yes,No,No internet service,No internet service,No internet service,No internet service,No internet service,No internet service,Month-to-month,Yes,Bank transfer (automatic),37.2,2508.21,No
CUST-03285,Female,1,No,No,30,Yes,No,Fiber optic,Yes,No,No,Yes,No,Yes,Month-to-month,No,Electronic check,88.52,2313.88,Yes
CUST-03286,Female,0,Yes,No,32,No,No phone service,Fiber optic,No,No,Yes,No,Yes,Yes,Month-to-month,No,Bank transfer (automatic),84.76,2764.57,Yes
CUST-03287,Female,0,No,No,28,Yes,No,Fiber optic,No,No,Yes,No,No,Yes,One year,No,Bank transfer (automatic),89.67,2444.88,No
CUST-03288,Female,1,No,No,28,Yes,Yes,DSL,No,No,No,Yes,No,Yes,One year,Yes,Bank transfer (automatic),79.21,2079.23,No
CUST-03289,Female,0,No,No,10,Yes,Yes,Fiber optic,No,No,Yes,No,Yes,No,Two year,Yes,Electronic check,97.55,919.47,Yes
CUST-03290,Female,1,Yes,No,17,Yes,Yes,DSL,No,Yes,No,No,Yes,No,Month-to-month,No,Bank transfer (automatic),68.09,1148.09,Yes
CUST-03291,Female,0,No,No,36,Yes,No,Fiber optic,No,No,Yes,No,No,Yes,One year,No,Credit card (automatic),81.66,2730.33,No
CUST-03292,Female,1,No,Yes,7,No,No phone service,DSL,No,Yes,Yes,No,No,Yes,Two year,No,Electronic check,57.72,359.62,Yes
CUST-03293,Female,1,Yes,No,22,Yes,No,DSL,Yes,Yes,Yes,No,No,Yes,Month-to-month,No,Bank transfer (automatic),88.98,1936.61,Yes
CUST-03294,Female,1,No,No,64,Yes,No,Fiber optic,No,No,No,No,No,Yes,Two year,No,Electronic check,83.04,4887.91,No
CUST-03295,Female,0,No,No,21,Yes,No,DSL,No,Yes,No,Yes,Yes,No,Month-to-month,Yes,Electronic check,83.16,1614.32,Yes
CUST-03296,Male,0,No,No,72,Yes,No,Fiber optic,No,No,Yes,No,Yes,No,Month-to-month,No,Electronic check,83.72,,No
CUST-03297,Female,0,No,No,21,Yes,No,No,No internet service,No internet service,No internet service,No internet service,No internet service,No internet service,One year,Yes,Mailed check,35.76,743.69,No
CUST-03298,Male,0,Yes,Yes,54,Yes,No,No,No internet service,No internet service,No internet service,No internet service,No internet service,No internet service,Two year,No,Electronic check,35.92,1885.2,No
CUST-03299,Male,0,Yes,No,29,Yes,No,Fiber optic,No,No,No,Yes,Yes,Yes,Two year,No,Electronic check,89.52,2278.17,Yes
CUST-03300,Male,1,Yes,Yes,10,Yes,Yes,Fiber optic,No,Yes,Yes,No,No,Yes,Month-to-month,Yes,Bank transfer (automatic),93.04,905.64,Yes
CUST-03301,Male,0,Yes,No,72,Yes,No,DSL,Yes,Yes,Yes,No,No,Yes,Month-to-month,Yes,Credit card (automatic),87.51,6083.84,No
CUST-03302,Female,0,Yes,Yes,9,No,No phone service,DSL,No,Yes,Yes,No,No,Yes,One year,No,Electronic check,56.36,499.23,No
CUST-03303,Male,0,No,No,18,Yes,No,No,No internet service,No internet service,No internet service,No internet service,No internet service,No internet service,Two year,No,Electronic check,38.4,635.82,No
CUST-03304,Female,0,Yes,No,72,Yes,No,Fiber optic,No,No,Yes,Yes,No,Yes,Month-to-month,Yes,Mailed check,92.21,5825.77,No
CUST-03305,Female,0,No,Yes,32,Yes,No,DSL,No,Yes,No,No,No,Yes,One year,Yes,Bank transfer (automatic),74.69,2201.36,Yes
CUST-03306,Female,0,Yes,No,14,Yes,Yes,Fiber optic,No,No,No,No,Yes,Yes,Month-to-month,Yes,Electronic check,95.24,1183.63,Yes
CUST-03307,Female,0,Yes,No,28,Yes,Yes,Fiber optic,Yes,No,Yes,Yes,Yes,No,Month-to-month,Yes,Electronic check,110.92,3040.51,Yes
CUST-03308,Female,1,No,No,41,Yes,Yes,No,No internet service,No internet service,No internet service,No internet service,No internet service,No internet service,Two year,Yes,Electronic check,42.2,1477.17,No
CUST-03309,Female,0,No,No,21,Yes,No,No,No internet service,No internet service,No internet service,No internet service,No internet service,No internet service,Two year,Yes,Electronic check,39.57,773.01,No
CUST-03310,Male,0,Yes,Yes,68,Yes,No,Fiber optic,No,No,Yes,No,No,Yes,One year,Yes,Electronic check,96.29,5929.28,No
CUST-03311,Male,0,No,No,15,Yes,Yes,Fiber optic,No,Yes,Yes,No,Yes,Yes,Month-to-month,No,Mailed check,110.15,1516.86,Yes
CUST-03312,Female,1,No,No,4,Yes,Yes,DSL,Yes,No,Yes,No,No,No,Month-to-month,Yes,Credit card (automatic),74.63,277.49,No
CUST-03313,Male,1,Yes,No,50,Yes,No,Fiber optic,No,No,Yes,Yes,Yes,Yes,One year,No,Electronic check,93.01,4438.86,No
CUST-03314,Female,0,Yes,Yes,24,No,No phone service,DSL,No,Yes,Yes,No,No,Yes,Month-to-month,Yes,Mailed check,59.72,1348.37,No
CUST-03315,Female,0,No,No,54,Yes,No,DSL,No,No,Yes,No,Yes,No,One year,Yes,Bank transfer (automatic),68.8,3485.22,No
CUST-03316,Male,0,Yes,No,20,Yes,Yes,DSL,No,No,No,No,No,Yes,One year,Yes,Mailed check,77.36,1438.99,Yes
CUST-03317,Male,0,No,No,36,Yes,No,Fiber optic,No,No,No,Yes,Yes,No,One year,No,Mailed check,96.06,3406.34,No
CUST-03318,Female,0,No,Yes,19,Yes,No,DSL,No,Yes,Yes,Yes,No,Yes,Month-to-month,Yes,Mailed check,81.55,1495.81,No
CUST-03319,Female,0,Yes,Yes,22,Yes,Yes,DSL,No,No,No,No,No,No,Month-to-month,Yes,Credit card (automatic),67.59,1362.68,No
CUST-03320,Female,0,No,No,7,No,No phone service,DSL,Yes,No,Yes,No,Yes,No,One year,Yes,Electronic check,68.54,427.48,No
CUST-03321,Female,0,Yes,No,10,Yes,No,DSL,No,Yes,Yes,Yes,No,No,Month-to-month,Yes,Mailed check,72.27,683.57,Yes
CUST-03322,Female,0,Yes,No,34,Yes,No,No,No internet service,No internet service,No internet service,No internet service,No internet service,No internet service,Two year,No,Bank transfer (automatic),34.19,1097.38,No
CUST-03323,Male,1,Yes,No,50,Yes,Yes,Fiber optic,No,Yes,Yes,Yes,No,Yes,Month-to-month,No,Credit card (automatic),103.63,4726.24,Yes
CUST-03324,Male,0,Yes,No,36,Yes,Yes,Fiber optic,Yes,No,No,Yes,Yes,Yes,Two year,No,Electronic check,110.33,3631.5,No
CUST-03325,Female,0,Yes,Yes,12,Yes,Yes,Fiber optic,No,No,Yes,No,No,No,Two year,No,Bank transfer (automatic),88.26,1010.61,No
CUST-03326,Male,0,Yes,No,39,Yes,No,DSL,No,Yes,Yes,Yes,No,Yes,One year,No,Electronic check,73.03,2897.04,No
CUST-03327,Female,1,No,Yes,12,No,No phone service,Fiber optic,No,No,No,No,Yes,No,Two year,No,Credit card (automatic),74.95,887.91,No
CUST-03328,Female,0,Yes,No,33,Yes,No,DSL,Yes,Yes,No,No,No,No,Month-to-month,No,Electronic check,69.69,2097.24,Yes
CUST-03329,Female,0,Yes,Yes,15,Yes,Yes,Fiber optic,No,No,No,No,No,Yes,Month-to-month,No,Mailed check,96.82,1368.81,Yes
CUST-03330,Male,0,No,No,24,Yes,No,No,No internet service,No internet service,No internet service,No internet service,No internet service,No internet service,Month-to-month,Yes,Electronic check,38.65,884.62,No
CUST-03331,Male,0,Yes,Yes,16,Yes,Yes,DSL,Yes,No,No,No,Yes,Yes,Two year,No,Bank transfer (automatic),82.95,1274.59,No
CUST-03332,Male,1,No,No,40,No,No phone service,Fiber optic,No,No,Yes,No,No,No,One year,Yes,Electronic check,62.96,2516.96,Yes
CUST-03333,Female,0,No,No,19,Yes,No,Fiber optic,No,Yes,No,No,Yes,No,Two year,Yes,Mailed check,91.95,1626.09,No
CUST-03334,Male,0,Yes,No,41,No,No phone service,Fiber optic,No,Yes,Yes,Yes,No,No,One year,Yes,Bank transfer (automatic),78.82,2936.78,No
CUST-03335,Female,0,Yes,Yes,2,Yes,No,No,No internet service,No internet service,No internet service,No internet service,No internet service,No internet service,Month-to-month,Yes,Credit card (automatic),43.36,82.03,Yes
CUST-03336,Female,0,Yes,No,52,Yes,Yes,No,No internet service,No internet service,No internet service,No internet service,No internet service,No internet service,Two year,No,Bank transfer (automatic),41.62,1967.84,No
CUST-03337,Male,0,Yes,Yes,12,Yes,No,DSL,Yes,Yes,Yes,No,Yes,Yes,Month-to-month,Yes,Electronic check,93.27,1054.58,No
CUST-03338,Female,0,No,No,72,Yes,No,Fiber optic,No,Yes,Yes,No,No,No,Two year,Yes,Mailed check,91.27,6026.78,No
CUST-03339,Male,0,No,No,20,Yes,Yes,No,No internet service,No internet service,No internet service,No internet service,No internet service,No internet service,Month-to-month,Yes,Electronic check,45.44,876.79,Yes
CUST-03340,Male,0,No,No,63,No,No phone service,Fiber optic,No,Yes,Yes,No,Yes,No,Month-to-month,Yes,Mailed check,83.56,5195.48,No
CUST-03341,Male,1,Yes,Yes,5,Yes,No,DSL,No,Yes,Yes,No,No,No,Month-to-month,Yes,Electronic check,68.64,309.27,Yes
CUST-03342,Female,1,No,Yes,57,Yes,No,DSL,Yes,Yes,No,No,Yes,Yes,Two year,Yes,Credit card (automatic),86.4,4455.26,No
CUST-03343,Female,1,Yes,Yes,14,Yes,Yes,Fiber optic,Yes,Yes,No,Yes,Yes,Yes,One year,Yes,Credit card (automatic),105.57,1337.05,No
CUST-03344,Male,0,No,No,57,Yes,No,Fiber optic,Yes,Yes,No,No,Yes,No,Month-to-month,Yes,Mailed check,102.3,5415.83,No
CUST-03345,Male,0,No,Yes,27,Yes,No,Fiber optic,No,Yes,No,No,Yes,Yes,Month-to-month,Yes,Bank transfer (automatic),102.65,2694.18,Yes
CUST-03346,Male,0,Yes,Yes,21,Yes,Yes,DSL,Yes,No,No,No,Yes,Yes,Two year,Yes,Mailed check,84.15,1569.04,No
CUST-03347,Male,1,Yes,No,64,Yes,No,DSL,No,Yes,No,Yes,No,Yes,Month-to-month,Yes,Bank transfer (automatic),73.28,4456.84,Yes
CUST-03348,Female,0,Yes,No,17,Yes,No,No,No internet service,No internet service,No internet service,No internet service,No internet service,No internet service,One year,Yes,Bank transfer (automatic),28.08,476.62,No
CUST-03349,Female,0,No,Yes,72,No,No phone service,DSL,No,No,Yes,Yes,No,Yes,One year,Yes,Credit card (automatic),64.43,4215.36,No
CUST-03350,Male,0,Yes,Yes,22,No,No phone service,Fiber optic,No,No,Yes,No,Yes,Yes,Month-to-month,Yes,Electronic check,83.36,1682.76,Yes
CUST-03351,Female,0,No,No,28,Yes,No,Fiber optic,No,Yes,No,No,Yes,Yes,One year,No,Mailed check,86.81,2231.71,Yes
CUST-03352,Male,1,No,No,31,Yes,No,DSL,Yes,Yes,No,Yes,Yes,No,Two year,No,Credit card (automatic),79.23,2434.37,No
CUST-03353,Female,0,Yes,No,10,No,No phone service,Fiber optic,Yes,Yes,Yes,Yes,Yes,No,Month-to-month,Yes,Electronic check,84.33,796.42,No
CUST-03354,Male,0,No,No,35,Yes,No,Fiber optic,Yes,No,Yes,Yes,Yes,Yes,Two year,No,Mailed check,106.24,3608.66,No
CUST-03355,Male,0,Yes,Yes,14,Yes,Yes,Fiber optic,No,No,No,No,Yes,No,Month-to-month,No,Electronic check,88.05,1132.79,Yes
CUST-03356,Female,0,Yes,Yes,11,Yes,No,DSL,No,Yes,Yes,Yes,No,Yes,One year,Yes,Mailed check,81.2,867.62,No
CUST-03357,Female,0,No,No,11,Yes,No,DSL,Yes,No,No,No,Yes,Yes,One year,Yes,Mailed check,70.68,727.48,No
CUST-03358,Male,1,Yes,Yes,20,Yes,Yes,Fiber optic,No,Yes,No,No,Yes,No,Month-to-month,Yes,Bank transfer (automatic),102.14,2041.68,No
CUST-03359,Female,0,No,No,66,Yes,Yes,No,No internet service,No internet service,No internet service,No internet service,No internet service,No internet service,Month-to-month,Yes,Electronic check,31.44,2013.05,Yes
CUST-03360,Male,0,No,Yes,15,Yes,No,No,No internet service,No internet service,No internet service,No internet service,No internet service,No internet service,One year,Yes,Mailed check,37.22,557.38,No
CUST-03361,Male,0,Yes,No,34,Yes,Yes,DSL,Yes,No,No,No,No,No,Month-to-month,Yes,Bank transfer (automatic),75.54,2513.21,No
CUST-03362,Male,0,No,No,62,Yes,Yes,Fiber optic,No,No,Yes,Yes,Yes,Yes,One year,No,Credit card (automatic),101.23,5709.72,No
CUST-03363,Female,0,Yes,Yes,22,Yes,Yes,DSL,No,Yes,Yes,No,Yes,Yes,Month-to-month,No,Bank transfer (automatic),84.99,1866.51,Yes
CUST-03364,Male,0,No,Yes,30,Yes,No,DSL,No,Yes,No,Yes,No,Yes,One year,No,Mailed check,75.78,2268.83,No
CUST-03365,Female,1,No,No,70,Yes,No,Fiber optic,Yes,Yes,No,No,No,No,One year,Yes,Electronic check,81.95,5121.97,Yes
CUST-03366,Male,0,No,Yes,39,Yes,Yes,DSL,No,No,Yes,No,No,Yes,Month-to-month,Yes,Credit card (automatic),75.02,2743.5,Yes
CUST-03367,Male,0,No,Yes,36,No,No phone service,No,No internet service,No internet service,No internet service,No internet service,No internet service,No internet service,Month-to-month,Yes,Bank transfer (automatic),18.0,591.62,No
CUST-03368,Female,0,Yes,No,27,Yes,No,Fiber optic,Yes,No,No,Yes,No,Yes,Month-to-month,Yes,Electronic check,94.61,2435.05,Yes
CUST-03369,Female,0,No,No,72,Yes,No,Fiber optic,Yes,No,No,Yes,No,Yes,Month-to-month,No,Electronic check,92.69,6316.53,Yes
CUST-03370,Female,0,Yes,Yes,20,Yes,Yes,Fiber optic,No,No,No,No,No,No,Month-to-month,No,Bank transfer (automatic),85.87,1645.32,No
CUST-03371,Male,1,No,Yes,18,Yes,No,DSL,No,Yes,No,No,Yes,No,Month-to-month,Yes,Bank transfer (automatic),68.22,1127.5,Yes
CUST-03372,Female,0,Yes,Yes,21,Yes,Yes,DSL,No,Yes,No,No,Yes,No,Month-to-month,No,Bank transfer (automatic),77.48,1445.59,No
CUST-03373,Female,1,Yes,No,42,Yes,No,Fiber optic,No,Yes,No,No,Yes,No,Month-to-month,Yes,Mailed check,86.76,3277.92,Yes
CUST-03374,Male,0,Yes,No,33,Yes,Yes,Fiber optic,No,No,No,No,Yes,Yes,One year,No,Credit card (automatic),80.76,2572.82,No
CUST-03375,Male,0,Yes,Yes,12,Yes,No,No,No internet service,No internet service,No internet service,No internet service,No internet service,No internet service,Month-to-month,Yes,Electronic check,31.66,346.02,No
CUST-03376,Male,0,Yes,No,45,Yes,No,No,No internet service,No internet service,No internet service,No internet service,No internet service,No internet service,Two year,Yes,Electronic check,26.41,1054.36,No
CUST-03377,Male,0,Yes,No,39,Yes,Yes,No,No internet service,No internet service,No internet service,No internet service,No internet service,No internet service,Month-to-month,Yes,Electronic check,43.23,1533.8,Yes
CUST-03378,Male,1,No,No,15,Yes,Yes,Fiber optic,No,Yes,No,No,No,No,Month-to-month,No,Credit card (automatic),84.89,1235.57,No
CUST-03379,Male,0,No,Yes,35,Yes,Yes,No,No internet service,No internet service,No internet service,No internet service,No internet service,No internet service,Month-to-month,No,Credit card (automatic),43.67,1388.22,No
CUST-03380,Female,0,Yes,No,53,Yes,Yes,Fiber optic,No,Yes,Yes,No,No,No,One year,Yes,Electronic check,98.55,4994.59,No
CUST-03381,Male,0,No,No,22,Yes,No,DSL,No,No,Yes,No,Yes,Yes,Two year,Yes,Electronic check,76.14,1575.42,Yes
CUST-03382,Male,1,Yes,Yes,5,Yes,Yes,DSL,No,No,Yes,Yes,No,Yes,One year,Yes,Bank transfer (automatic),86.91,410.37,No
CUST-03383,Male,0,No,No,25,Yes,Yes,No,No internet service,No internet service,No internet service,No internet service,No internet service,No internet service,One year,No,Credit card (automatic),27.76,661.78,No
CUST-03384,Male,0,Yes,No,21,Yes,Yes,Fiber optic,No,No,No,No,Yes,Yes,Month-to-month,Yes,Bank transfer (automatic),95.41,1780.29,Yes
CUST-03385,Male,0,No,No,3,No,No phone service,No,No internet service,No internet service,No internet service,No internet service,No internet service,No internet service,Two year,No,Electronic check,18.0,51.28,No
CUST-03386,Female,1,Yes,Yes,18,Yes,No,No,No internet service,No internet service,No internet service,No internet service,No internet service,No internet service,Month-to-month,Yes,Mailed check,31.01,516.94,No
CUST-03387,Male,0,Yes,No,10,Yes,Yes,No,No internet service,No internet service,No internet service,No internet service,No internet service,No internet service,Month-to-month,No,Bank transfer (automatic),39.02,361.88,No
CUST-03388,Male,0,No,No,64,Yes,Yes,Fiber optic,Yes,No,Yes,Yes,No,Yes,One year,Yes,Electronic check,105.96,6258.49,No
CUST-03389,Female,1,No,Yes,64,Yes,Yes,Fiber optic,No,Yes,No,No,No,Yes,One year,Yes,Electronic check,89.72,5339.63,No
CUST-03390,Male,0,No,Yes,37,Yes,Yes,Fiber optic,No,Yes,Yes,No,No,No,Two year,No,Mailed check,98.17,3456.59,No
CUST-03391,Female,0,Yes,Yes,24,Yes,Yes,DSL,No,Yes,No,Yes,No,No,Month-to-month,Yes,Electronic check,73.61,1706.84,Yes
CUST-03392,Male,0,No,Yes,20,Yes,Yes,Fiber optic,No,Yes,Yes,No,No,Yes,Month-to-month,Yes,Credit card (automatic),102.73,1993.59,Yes
CUST-03393,Male,0,No,Yes,50,Yes,Yes,DSL,No,Yes,Yes,No,Yes,No,Two year,Yes,Mailed check,81.69,4325.63,Yes
CUST-03394,Female,0,Yes,No,22,Yes,Yes,No,No internet service,No internet service,No internet service,No internet service,No internet service,No internet service,Two year,No,Bank transfer (automatic),43.29,897.52,No
CUST-03395,Female,0,Yes,Yes,26,Yes,No,No,No internet service,No internet service,No internet service,No internet service,No internet service,No internet service,One year,Yes,Credit card (automatic),41.02,1047.96,No
CUST-03396,Male,0,Yes,No,32,Yes,No,Fiber optic,Yes,Yes,No,No,Yes,No,Month-to-month,Yes,Electronic check,87.62,2578.19,Yes
CUST-03397,Female,0,Yes,No,72,Yes,No,Fiber optic,No,No,No,Yes,Yes,Yes,Month-to-month,No,Credit card (automatic),100.48,6569.2,No
CUST-03398,Male,0,Yes,No,6,Yes,No,DSL,No,No,Yes,No,No,Yes,Month-to-month,Yes,Electronic check,73.03,404.31,Yes
CUST-03399,Female,0,Yes,No,16,Yes,Yes,No,No internet service,No internet service,No internet service,No internet service,No internet service,No internet service,Month-to-month,Yes,Credit card (automatic),40.6,591.18,Yes
CUST-03400,Male,0,No,No,8,Yes,Yes,Fiber optic,Yes,No,Yes,No,No,No,Month-to-month,No,Bank transfer (automatic),100.34,786.08,Yes
CUST-03401,Male,0,No,No,36,Yes,No,Fiber optic,Yes,No,Yes,No,No,Yes,One year,No,Electronic check,103.38,3728.42,Yes
CUST-03402,Male,0,No,Yes,6,Yes,No,Fiber optic,Yes,No,Yes,No,No,Yes,Two year,Yes,Electronic check,92.82,535.73,No
CUST-03403,Female,0,No,Yes,13,Yes,Yes,DSL,No,No,No,No,No,No,One year,No,Bank transfer (automatic),79.95,976.01,No
CUST-03404,Male,0,Yes,Yes,30,Yes,No,Fiber optic,No,No,No,No,Yes,Yes,Month-to-month,No,Electronic check,84.24,2381.41,No
CUST-03405,Female,0,No,No,45,Yes,Yes,No,No internet service,No internet service,No internet service,No internet service,No internet service,No internet service,Month-to-month,Yes,Credit card (automatic),37.58,1610.96,Yes
CUST-03406,Female,0,No,Yes,25,Yes,Yes,No,No internet service,No internet service,No internet service,No internet service,No internet service,No internet service,One year,Yes,Bank transfer (automatic),41.85,1048.28,No
CUST-03407,Female,1,No,No,14,No,No phone service,No,No internet service,No internet service,No internet service,No internet service,No internet service,No internet service,One year,No,Credit card (automatic),18.0,245.63,No
CUST-03408,Male,0,Yes,No,20,Yes,No,DSL,No,Yes,No,No,Yes,No,Two year,No,Electronic check,69.57,1398.77,No
CUST-03409,Male,0,No,No,20,Yes,No,No,No internet service,No internet service,No internet service,No internet service,No internet service,No internet service,Month-to-month,No,Bank transfer (automatic),35.52,661.62,Yes
CUST-03410,Female,0,No,No,49,Yes,No,Fiber optic,No,No,No,No,No,Yes,Two year,No,Electronic check,85.55,3921.09,No
CUST-03411,Female,0,No,No,15,Yes,Yes,Fiber optic,Yes,Yes,No,Yes,No,No,Two year,Yes,Mailed check,109.34,1560.85,No
CUST-03412,Male,0,No,No,47,Yes,Yes,DSL,No,Yes,No,Yes,No,No,One year,Yes,Mailed check,82.24,3521.79,No
CUST-03413,Female,0,No,No,24,Yes,Yes,DSL,Yes,No,No,No,No,Yes,Two year,No,Credit card (automatic),73.74,1719.93,No
CUST-03414,Female,1,No,No,56,Yes,No,Fiber optic,Yes,Yes,Yes,Yes,No,No,One year,Yes,Credit card (automatic),102.47,5276.85,No
CUST-03415,Male,0,No,No,28,Yes,No,DSL,Yes,No,Yes,Yes,No,No,Month-to-month,Yes,Mailed check,79.81,2001.39,No
CUST-03416,Female,0,No,No,17,Yes,Yes,No,No internet service,No internet service,No internet service,No internet service,No internet service,No internet service,Month-to-month,Yes,Electronic check,29.68,514.1,Yes
CUST-03417,Male,0,No,No,55,Yes,Yes,Fiber optic,Yes,No,Yes,No,No,No,Month-to-month,No,Bank transfer (automatic),97.0,5264.52,Yes
CUST-03418,Male,0,Yes,No,72,Yes,No,Fiber optic,No,No,No,No,Yes,Yes,Month-to-month,No,Bank transfer (automatic),88.29,6100.2,Yes
CUST-03419,Female,1,No,No,30,Yes,Yes,No,No internet service,No internet service,No internet service,No internet service,No internet service,No internet service,Month-to-month,Yes,Credit card (automatic),38.81,1131.03,No
CUST-03420,Female,0,Yes,Yes,50,Yes,Yes,DSL,No,No,No,No,Yes,Yes,Month-to-month,Yes,Electronic check,84.54,4091.7,No
CUST-03421,Male,0,Yes,No,29,Yes,No,Fiber optic,Yes,Yes,Yes,No,Yes,No,One year,No,Mailed check,104.88,2846.51,No
CUST-03422,Male,0,Yes,Yes,15,Yes,Yes,DSL,Yes,Yes,No,No,No,No,Month-to-month,No,Mailed check,78.1,1172.07,No
CUST-03423,Male,0,Yes,No,57,Yes,No,Fiber optic,No,Yes,No,Yes,No,No,Month-to-month,Yes,Electronic check,86.82,4893.86,Yes
CUST-03424,Female,0,Yes,No,9,No,No phone service,Fiber optic,Yes,No,Yes,No,Yes,No,Two year,No,Mailed check,85.84,748.62,No
CUST-03425,Male,0,Yes,No,8,No,No phone service,Fiber optic,No,Yes,No,No,No,Yes,Month-to-month,Yes,Credit card (automatic),70.06,499.07,Yes
CUST-03426,Male,0,Yes,Yes,58,Yes,Yes,Fiber optic,No,No,No,Yes,Yes,No,Month-to-month,Yes,Bank transfer (automatic),95.45,4939.05,Yes
CUST-03427,Female,0,No,No,21,Yes,Yes,DSL,Yes,Yes,Yes,Yes,Yes,Yes,One year,No,Credit card (automatic),99.91,2012.02,No
CUST-03428,Male,0,No,No,10,No,No phone service,Fiber optic,Yes,Yes,Yes,No,Yes,No,Two year,Yes,Bank transfer (automatic),87.26,860.65,Yes
CUST-03429,Male,0,No,No,72,Yes,No,Fiber optic,No,No,Yes,No,No,No,Month-to-month,Yes,Credit card (automatic),82.85,5381.27,No
CUST-03430,Female,0,Yes,No,43,Yes,No,Fiber optic,No,No,Yes,No,No,Yes,Month-to-month,Yes,Mailed check,86.88,3658.82,Yes
CUST-03431,Female,0,Yes,No,25,Yes,Yes,Fiber optic,No,Yes,Yes,Yes,Yes,No,Month-to-month,Yes,Bank transfer (automatic),115.1,2649.87,Yes
CUST-03432,Male,0,No,Yes,34,Yes,Yes,DSL,Yes,Yes,No,Yes,Yes,Yes,Month-to-month,Yes,Bank transfer (automatic),86.95,2826.01,No
CUST-03433,Female,0,Yes,No,31,Yes,No,DSL,No,Yes,Yes,No,Yes,Yes,Month-to-month,Yes,Electronic check,85.31,2472.79,Yes
CUST-03434,Female,1,No,Yes,43,Yes,Yes,No,No internet service,No internet service,No internet service,No internet service,No internet service,No internet service,Month-to-month,Yes,Credit card (automatic),37.88,1508.82,No
CUST-03435,Female,0,No,Yes,24,Yes,Yes,Fiber optic,No,No,No,No,No,No,Two year,Yes,Credit card (automatic),80.86,1813.16,No
CUST-03436,Male,0,No,No,45,Yes,No,Fiber optic,No,No,No,No,Yes,No,Month-to-month,No,Mailed check,83.18,3592.37,Yes
CUST-03437,Female,0,Yes,Yes,29,No,No phone service,DSL,No,No,Yes,No,No,No,Month-to-month,No,Mailed check,48.49,1393.47,No
CUST-03438,Male,0,Yes,No,4,Yes,Yes,Fiber optic,Yes,No,Yes,No,No,Yes,Month-to-month,Yes,Bank transfer (automatic),96.37,355.02,Yes
CUST-03439,Male,1,No,No,17,Yes,Yes,DSL,Yes,Yes,No,Yes,No,No,One year,Yes,Credit card (automatic),87.97,1388.78,No
CUST-03440,Male,0,Yes,Yes,40,Yes,No,DSL,No,No,Yes,Yes,No,No,Month-to-month,No,Electronic check,71.32,2739.41,Yes
CUST-03441,Male,0,No,No,8,No,No phone service,Fiber optic,No,No,No,No,No,Yes,Month-to-month,Yes,Electronic check,64.93,498.16,Yes
CUST-03442,Female,1,No,No,29,Yes,No,Fiber optic,No,No,No,Yes,Yes,No,One year,Yes,Electronic check,86.64,2279.37,Yes
CUST-03443,Female,1,Yes,Yes,21,Yes,Yes,Fiber optic,No,No,No,No,Yes,Yes,Month-to-month,No,Credit card (automatic),87.77,1580.29,Yes
CUST-03444,Female,0,Yes,No,72,Yes,Yes,DSL,No,No,No,Yes,No,Yes,Two year,Yes,Mailed check,77.41,5001.79,No
CUST-03445,Male,0,Yes,No,47,No,No phone service,Fiber optic,No,No,Yes,No,No,Yes,One year,Yes,Bank transfer (automatic),73.31,3173.17,No
CUST-03446,Male,0,Yes,Yes,8,Yes,Yes,Fiber optic,No,No,Yes,Yes,No,Yes,Month-to-month,Yes,Credit card (automatic),94.66,710.56,Yes
CUST-03447,Female,0,No,No,41,Yes,Yes,DSL,No,No,Yes,Yes,No,No,Two year,Yes,Bank transfer (automatic),71.59,2850.11,Yes
CUST-03448,Male,0,No,No,21,No,No phone service,Fiber optic,No,No,Yes,Yes,Yes,Yes,Month-to-month,No,Electronic check,83.14,1555.96,No
CUST-03449,Male,0,No,No,28,Yes,No,Fiber optic,No,Yes,Yes,No,Yes,Yes,Month-to-month,No,Bank transfer (automatic),97.09,2535.2,No
CUST-03450,Female,0,Yes,Yes,21,Yes,Yes,Fiber optic,No,No,Yes,No,No,Yes,Month-to-month,Yes,Mailed check,107.46,2242.44,Yes
CUST-03451,Female,0,Yes,Yes,72,Yes,No,Fiber optic,No,Yes,Yes,No,Yes,Yes,One year,No,Bank transfer (automatic),105.44,6987.32,No
CUST-03452,Female,0,No,No,72,Yes,Yes,Fiber optic,Yes,No,Yes,No,No,Yes,Month-to-month,No,Bank transfer (automatic),95.72,6760.05,No
CUST-03453,Female,0,No,No,15,Yes,No,No,No internet service,No internet service,No internet service,No internet service,No internet service,No internet service,Two year,Yes,Electronic check,35.75,520.72,Yes
CUST-03454,Female,0,No,No,56,No,No phone service,Fiber optic,Yes,Yes,Yes,Yes,Yes,No,Two year,No,Electronic check,90.67,5009.11,No
CUST-03455,Male,0,No,No,17,Yes,Yes,No,No internet service,No internet service,No internet service,No internet service,No internet service,No internet service,Month-to-month,No,Credit card (automatic),39.81,621.06,No
CUST-03456,Male,0,No,No,14,Yes,Yes,No,No internet service,No internet service,No internet service,No internet service,No internet service,No internet service,Month-to-month,Yes,Bank transfer (automatic),37.3,490.95,Yes
CUST-03457,Male,0,Yes,No,29,Yes,No,Fiber optic,No,No,No,No,No,Yes,Two year,Yes,Bank transfer (automatic),87.39,2343.39,No
CUST-03458,Female,0,Yes,Yes,26,Yes,Yes,Fiber optic,No,No,No,No,No,Yes,One year,Yes,Bank transfer (automatic),96.54,2470.24,No
CUST-03459,Male,0,No,No,12,Yes,No,Fiber optic,No,No,No,Yes,Yes,Yes,One year,Yes,Mailed check,96.1,1083.98,No
CUST-03460,Female,0,Yes,No,6,Yes,Yes,No,No internet service,No internet service,No internet service,No internet service,No internet service,No internet service,One year,Yes,Bank transfer (automatic),34.75,196.0,No
CUST-03461,Female,0,No,No,27,Yes,No,No,No internet service,No internet service,No internet service,No internet service,No internet service,No internet service,Two year,No,Electronic check,33.22,766.28,No
CUST-03462,Male,0,Yes,No,12,Yes,No,DSL,No,No,Yes,No,No,No,Month-to-month,Yes,Bank transfer (automatic),68.11,722.42,No
CUST-03463,Male,0,Yes,Yes,22,Yes,Yes,No,No internet service,No internet service,No internet service,No internet service,No internet service,No internet service,Month-to-month,Yes,Credit card (automatic),43.12,926.17,No
CUST-03464,Female,0,Yes,No,59,Yes,No,DSL,Yes,Yes,Yes,Yes,Yes,No,Month-to-month,Yes,Credit card (automatic),85.26,4893.0,Yes
CUST-03465,Female,0,No,Yes,23,Yes,Yes,DSL,Yes,No,No,Yes,Yes,Yes,Month-to-month,Yes,Credit card (automatic),80.52,1754.55,Yes
CUST-03466,Male,1,No,No,6,Yes,No,No,No internet service,No internet service,No internet service,No internet service,No internet service,No internet service,Two year,No,Mailed check,38.16,237.53,No
CUST-03467,Male,0,Yes,Yes,55,Yes,Yes,DSL,Yes,No,No,Yes,Yes,Yes,One year,Yes,Credit card (automatic),86.23,4415.72,No
CUST-03468,Female,0,Yes,Yes,37,Yes,Yes,Fiber optic,No,No,No,Yes,No,Yes,Month-to-month,No,Bank transfer (automatic),97.83,3497.14,Yes
CUST-03469,Male,1,Yes,No,49,Yes,No,DSL,Yes,Yes,No,Yes,No,Yes,One year,Yes,Credit card (automatic),89.89,4233.03,No
CUST-03470,Male,1,Yes,No,26,Yes,Yes,DSL,No,Yes,Yes,No,No,No,Two year,No,Electronic check,78.61,1995.94,No
CUST-03471,Female,0,No,Yes,26,Yes,Yes,Fiber optic,No,No,No,No,Yes,Yes,One year,No,Electronic check,99.06,2495.06,Yes
CUST-03472,Male,0,Yes,No,72,Yes,Yes,DSL,No,No,Yes,No,Yes,Yes,Two year,Yes,Bank transfer (automatic),80.82,5241.73,No
CUST-03473,Male,1,Yes,No,38,Yes,No,Fiber optic,No,No,No,No,No,Yes,Month-to-month,No,Mailed check,87.74,3012.84,Yes
CUST-03474,Male,0,Yes,No,54,Yes,No,Fiber optic,No,No,Yes,No,No,No,Month-to-month,No,Electronic check,74.77,3784.68,Yes
CUST-03475,Female,0,No,No,72,Yes,No,Fiber optic,No,No,No,Yes,No,Yes,Month-to-month,Yes,Electronic check,79.84,5546.7,Yes
CUST-03476,Female,0,No,No,72,Yes,No,DSL,Yes,No,No,No,No,Yes,Month-to-month,Yes,Electronic check,70.92,5138.77,Yes
CUST-03477,Male,0,No,No,10,Yes,No,Fiber optic,No,Yes,No,No,No,No,One year,Yes,Electronic check,77.5,748.65,Yes
CUST-03478,Male,0,No,No,12,Yes,No,Fiber optic,No,No,Yes,Yes,No,Yes,One year,No,Credit card (automatic),103.13,1147.96,No
CUST-03479,Female,0,No,No,8,Yes,No,Fiber optic,No,No,No,No,No,No,One year,No,Mailed check,83.7,625.72,Yes
CUST-03480,Male,0,Yes,Yes,26,Yes,No,No,No internet service,No internet service,No internet service,No internet service,No internet service,No internet service,Month-to-month,Yes,Credit card (automatic),40.4,1020.16,No
CUST-03481,Male,0,No,No,72,Yes,No,DSL,Yes,Yes,No,No,No,No,Month-to-month,No,Electronic check,68.35,4575.88,No
CUST-03482,Female,0,No,No,1,Yes,Yes,Fiber optic,No,No,Yes,No,No,No,Month-to-month,Yes,Mailed check,91.93,88.77,Yes
CUST-03483,Male,1,Yes,No,17,Yes,No,DSL,Yes,Yes,No,Yes,Yes,No,Month-to-month,Yes,Mailed check,80.65,1194.88,Yes
CUST-03484,Female,0,No,No,26,Yes,No,DSL,No,No,Yes,Yes,No,No,Two year,No,Credit card (automatic),68.58,1605.47,No
CUST-03485,Female,1,No,No,11,Yes,Yes,DSL,No,Yes,No,No,Yes,Yes,Month-to-month,Yes,Electronic check,76.97,811.58,Yes
CUST-03486,Female,1,No,No,21,Yes,No,DSL,Yes,No,Yes,No,Yes,No,One year,No,Mailed check,74.17,1582.42,No
CUST-03487,Female,0,Yes,No,23,Yes,No,DSL,No,No,No,No,Yes,No,Two year,Yes,Electronic check,60.93,1288.76,No
CUST-03488,Male,0,Yes,Yes,7,Yes,No,Fiber optic,No,Yes,Yes,Yes,No,No,One year,No,Credit card (automatic),97.71,657.11,No
CUST-03489,Female,0,No,No,48,Yes,No,DSL,Yes,Yes,No,No,Yes,Yes,One year,Yes,Mailed check,78.44,3727.98,No
CUST-03490,Male,1,Yes,Yes,22,No,No phone service,Fiber optic,No,Yes,Yes,Yes,No,No,Two year,Yes,Electronic check,86.26,1815.37,No
CUST-03491,Female,0,Yes,Yes,10,Yes,No,No,No internet service,No internet service,No internet service,No internet service,No internet service,No internet service,Month-to-month,Yes,Electronic check,29.26,275.18,Yes
CUST-03492,Male,0,Yes,No,26,Yes,Yes,No,No internet service,No internet service,No internet service,No internet service,No internet service,No internet service,Two year,Yes,Electronic check,37.82,973.3,No
CUST-03493,Female,1,Yes,Yes,47,Yes,Yes,Fiber optic,Yes,No,No,Yes,No,Yes,Two year,Yes,Electronic check,103.18,4355.73,No
CUST-03494,Male,0,No,No,24,No,No phone service,DSL,No,No,Yes,No,No,No,One year,No,Electronic check,49.22,1024.59,Yes
CUST-03495,Male,1,No,No,11,Yes,No,No,No internet service,No internet service,No internet service,No internet service,No internet service,No internet service,Month-to-month,No,Credit card (automatic),30.36,297.92,No
CUST-03496,Male,0,No,No,30,Yes,No,No,No internet service,No internet service,No internet service,No internet service,No internet service,No internet service,Month-to-month,No,Bank transfer (automatic),36.51,963.43,No
CUST-03497,Female,0,Yes,Yes,72,Yes,No,Fiber optic,No,No,No,No,No,No,Month-to-month,No,Electronic check,77.5,5075.94,No
CUST-03498,Female,0,Yes,No,16,Yes,No,Fiber optic,No,No,No,No,Yes,Yes,Month-to-month,No,Electronic check,94.93,1420.3,Yes
CUST-03499,Female,0,Yes,No,12,Yes,No,DSL,No,No,Yes,Yes,No,Yes,Month-to-month,No,Electronic check,75.1,829.6,No
CUST-03500,Female,0,Yes,No,18,Yes,No,DSL,Yes,No,No,Yes,Yes,No,Month-to-month,No,Credit card (automatic),78.25,1204.24,No
CUST-03501,Female,1,No,No,13,Yes,Yes,Fiber optic,Yes,No,No,No,No,No,Two year,Yes,Electronic check,92.47,1119.04,Yes
CUST-03502,Male,0,Yes,No,14,Yes,No,Fiber optic,No,No,No,Yes,No,Yes,Month-to-month,Yes,Bank transfer (automatic),82.53,1083.15,No
CUST-03503,Female,0,Yes,No,9,Yes,No,Fiber optic,No,No,Yes,No,Yes,No,Month-to-month,Yes,Credit card (automatic),98.33,853.09,Yes
CUST-03504,Female,1,No,No,54,Yes,No,Fiber optic,Yes,Yes,No,No,Yes,Yes,Month-to-month,No,Bank transfer (automatic),94.03,4971.08,Yes
CUST-03505,Female,0,No,No,44,Yes,Yes,Fiber optic,Yes,Yes,No,No,Yes,No,Month-to-month,No,Mailed check,106.26,4504.66,Yes
CUST-03506,Male,0,Yes,No,20,Yes,No,Fiber optic,Yes,No,Yes,Yes,No,Yes,Month-to-month,No,Electronic check,99.2,1678.84,Yes
CUST-03507,Male,1,No,No,16,Yes,Yes,Fiber optic,Yes,No,Yes,Yes,Yes,No,Month-to-month,Yes,Bank transfer (automatic),106.86,1564.22,Yes
CUST-03508,Male,0,No,Yes,35,Yes,Yes,DSL,No,No,Yes,No,Yes,Yes,Two year,Yes,Mailed check,78.68,2538.75,No
CUST-03509,Female,0,No,No,30,Yes,Yes,Fiber optic,No,No,Yes,No,Yes,No,One year,Yes,Electronic check,100.37,2711.33,Yes
CUST-03510,Female,0,No,No,29,Yes,No,Fiber optic,No,No,Yes,No,Yes,No,One year,Yes,Credit card (automatic),86.61,2499.91,No
CUST-03511,Male,0,Yes,No,66,Yes,No,Fiber optic,Yes,Yes,No,No,No,No,Month-to-month,Yes,Bank transfer (automatic),84.95,5185.28,Yes
CUST-03512,Male,0,Yes,No,38,Yes,No,Fiber optic,No,No,No,Yes,Yes,No,Two year,Yes,Electronic check,96.08,3302.9,No
CUST-03513,Female,0,Yes,No,72,No,No phone service,Fiber optic,Yes,No,Yes,No,Yes,No,Two year,Yes,Mailed check,86.7,5977.33,No
CUST-03514,Female,0,No,No,17,Yes,No,DSL,No,Yes,No,No,No,No,One year,Yes,Bank transfer (automatic),64.03,963.56,Yes
CUST-03515,Female,0,No,No,72,Yes,Yes,DSL,Yes,No,Yes,No,Yes,Yes,Two year,No,Credit card (automatic),81.65,5325.61,Yes
CUST-03516,Male,0,No,No,37,Yes,No,Fiber optic,No,No,No,No,Yes,No,One year,Yes,Bank transfer (automatic),82.42,2908.21,No
CUST-03517,Female,0,No,No,10,Yes,Yes,No,No internet service,No internet service,No internet service,No internet service,No internet service,No internet service,Month-to-month,Yes,Electronic check,37.11,336.23,Yes
CUST-03518,Male,0,Yes,No,14,Yes,No,DSL,No,No,Yes,Yes,No,No,One year,Yes,Bank transfer (automatic),74.42,1041.1,No
CUST-03519,Male,0,Yes,No,42,Yes,Yes,No,No internet service,No internet service,No internet service,No internet service,No internet service,No internet service,Month-to-month,Yes,Mailed check,46.23,1865.9,No
CUST-03520,Male,0,Yes,Yes,8,Yes,Yes,DSL,No,No,Yes,No,Yes,Yes,Month-to-month,Yes,Mailed check,84.09,634.37,Yes
CUST-03521,Male,1,Yes,No,24,No,No phone service,DSL,Yes,No,Yes,No,No,No,One year,Yes,Bank transfer (automatic),54.19,1234.97,No
CUST-03522,Female,0,No,No,72,Yes,No,DSL,No,No,No,Yes,Yes,No,One year,No,Credit card (automatic),65.04,4170.27,No
CUST-03523,Male,0,No,No,1,Yes,No,DSL,No,No,Yes,Yes,No,Yes,Month-to-month,No,Electronic check,77.99,73.18,Yes
CUST-03524,Female,0,Yes,Yes,24,Yes,No,DSL,Yes,No,No,Yes,Yes,Yes,Two year,Yes,Mailed check,84.2,1811.75,Yes
CUST-03525,Female,0,No,No,14,Yes,Yes,Fiber optic,No,Yes,No,Yes,Yes,No,Month-to-month,No,Bank transfer (automatic),95.33,1311.67,Yes
CUST-03526,Female,1,Yes,No,72,Yes,No,Fiber optic,No,No,No,No,No,No,Two year,No,Mailed check,78.25,5707.97,No
CUST-03527,Female,0,No,No,23,Yes,Yes,DSL,No,No,Yes,No,Yes,No,One year,Yes,Credit card (automatic),79.27,1633.93,No
CUST-03528,Female,0,Yes,Yes,12,Yes,No,Fiber optic,No,Yes,No,Yes,Yes,Yes,Month-to-month,No,Bank transfer (automatic),99.42,1100.14,Yes
CUST-03529,Female,0,No,No,8,Yes,Yes,DSL,No,No,Yes,Yes,No,No,Month-to-month,Yes,Electronic check,76.2,576.89,Yes
CUST-03530,Female,0,Yes,Yes,9,Yes,Yes,Fiber optic,No,No,No,Yes,Yes,Yes,Month-to-month,No,Mailed check,105.67,933.82,Yes
CUST-03531,Female,0,Yes,No,72,Yes,No,DSL,No,Yes,No,No,No,Yes,Month-to-month,Yes,Mailed check,70.23,5110.89,No
CUST-03532,Female,1,No,No,2,Yes,No,DSL,Yes,No,Yes,No,No,Yes,One year,Yes,Bank transfer (automatic),65.23,122.57,No
CUST-03533,Female,0,Yes,Yes,38,Yes,Yes,DSL,Yes,Yes,No,No,Yes,No,Two year,Yes,Mailed check,86.71,3266.73,No
CUST-03534,Male,0,Yes,No,70,Yes,No,Fiber optic,No,Yes,No,Yes,Yes,Yes,One year,Yes,Credit card (automatic),103.05,6812.73,Yes
CUST-03535,Female,0,Yes,Yes,24,No,No phone service,Fiber optic,No,Yes,No,No,No,No,Month-to-month,Yes,Credit card (automatic),62.45,1388.27,Yes
CUST-03536,Female,0,No,No,10,Yes,Yes,Fiber optic,Yes,No,No,Yes,No,Yes,Month-to-month,No,Credit card (automatic),105.63,936.53,Yes
CUST-03537,Female,0,Yes,Yes,38,Yes,No,DSL,No,No,No,No,No,Yes,Month-to-month,Yes,Bank transfer (automatic),60.62,2110.04,No
CUST-03538,Female,0,No,No,12,Yes,No,Fiber optic,No,No,No,No,Yes,No,Month-to-month,Yes,Mailed check,88.49,997.96,Yes
CUST-03539,Male,0,No,No,15,Yes,No,Fiber optic,No,Yes,No,No,No,Yes,Two year,Yes,Credit card (automatic),83.91,1164.01,Yes
CUST-03540,Male,0,No,No,13,Yes,Yes,Fiber optic,Yes,Yes,No,No,No,No,Month-to-month,Yes,Electronic check,98.65,1327.65,Yes
CUST-03541,Male,1,Yes,No,14,Yes,No,DSL,No,Yes,Yes,No,No,No,Two year,Yes,Electronic check,71.11,945.62,No
CUST-03542,Male,0,No,No,52,Yes,No,Fiber optic,No,Yes,No,No,Yes,Yes,Month-to-month,Yes,Electronic check,91.0,4406.85,Yes
CUST-03543,Female,1,Yes,No,22,Yes,No,Fiber optic,No,No,No,Yes,Yes,No,Month-to-month,Yes,Credit card (automatic),90.25,1760.33,No
CUST-03544,Male,0,No,No,40,Yes,No,DSL,Yes,No,Yes,No,No,Yes,Month-to-month,Yes,Bank transfer (automatic),82.49,3056.41,Yes
CUST-03545,Female,0,Yes,No,40,Yes,Yes,DSL,No,No,No,Yes,Yes,No,Two year,Yes,Electronic check,84.74,3118.5,No
CUST-03546,Male,1,No,No,26,Yes,No,Fiber optic,No,Yes,No,No,Yes,No,Month-to-month,Yes,Credit card (automatic),88.68,2160.12,Yes
CUST-03547,Female,0,No,Yes,72,No,No phone service,DSL,No,Yes,No,Yes,Yes,No,One year,No,Credit card (automatic),65.13,4721.01,No
CUST-03548,Male,0,Yes,No,11,Yes,Yes,Fiber optic,Yes,No,No,Yes,Yes,Yes,Month-to-month,Yes,Mailed check,99.97,1059.57,No
CUST-03549,Female,0,Yes,Yes,23,Yes,No,DSL,Yes,No,Yes,No,Yes,Yes,Month-to-month,Yes,Mailed check,87.03,1905.39,No
CUST-03550,Male,0,Yes,No,4,Yes,Yes,Fiber optic,No,Yes,No,No,Yes,No,Month-to-month,No,Electronic check,100.62,374.68,Yes
CUST-03551,Female,1,No,Yes,27,Yes,No,DSL,Yes,No,No,No,Yes,No,Month-to-month,No,Credit card (automatic),77.57,1942.12,No
CUST-03552,Male,0,Yes,Yes,49,Yes,Yes,DSL,Yes,No,No,Yes,Yes,No,Month-to-month,Yes,Mailed check,79.2,3691.11,No
CUST-03553,Male,1,No,No,7,Yes,No,No,No internet service,No internet service,No internet service,No internet service,No internet service,No internet service,Month-to-month,Yes,Bank transfer (automatic),30.67,206.3,Yes
CUST-03554,Male,0,No,Yes,16,Yes,Yes,Fiber optic,Yes,No,No,Yes,No,No,Month-to-month,No,Bank transfer (automatic),101.3,1560.12,Yes
CUST-03555,Female,0,No,No,13,Yes,No,Fiber optic,No,Yes,Yes,Yes,No,Yes,Month-to-month,No,Credit card (automatic),102.56,1294.1,No
CUST-03556,Female,0,Yes,No,1,No,No phone service,Fiber optic,Yes,No,No,Yes,No,No,Month-to-month,No,Credit card (automatic),75.11,72.99,No
CUST-03557,Male,1,Yes,No,9,Yes,Yes,DSL,Yes,No,Yes,Yes,No,No,One year,Yes,Bank transfer (automatic),85.22,685.01,No
CUST-03558,Female,0,Yes,Yes,42,Yes,Yes,Fiber optic,No,No,No,Yes,Yes,No,Month-to-month,Yes,Electronic check,99.12,3954.1,No
CUST-03559,Female,1,No,No,25,Yes,No,No,No internet service,No internet service,No internet service,No internet service,No internet service,No internet service,Month-to-month,No,Bank transfer (automatic),33.25,815.69,No
CUST-03560,Female,0,Yes,No,33,Yes,Yes,Fiber optic,No,Yes,Yes,No,Yes,No,Two year,Yes,Mailed check,105.89,3221.88,Yes
CUST-03561,Female,0,Yes,No,50,Yes,No,No,No internet service,No internet service,No internet service,No internet service,No internet service,No internet service,One year,No,Electronic check,35.19,1603.09,No
CUST-03562,Female,0,Yes,No,72,Yes,No,Fiber optic,No,Yes,Yes,No,Yes,Yes,Two year,Yes,Electronic check,101.02,6383.85,No
CUST-03563,Female,0,No,No,9,Yes,No,DSL,No,No,No,No,Yes,No,Two year,No,Bank transfer (automatic),58.08,474.48,No
CUST-03564,Male,1,No,No,38,Yes,Yes,DSL,No,No,No,No,Yes,No,Month-to-month,No,Electronic check,68.67,2432.84,Yes
CUST-03565,Male,0,Yes,No,15,Yes,Yes,Fiber optic,Yes,Yes,No,No,No,No,Month-to-month,No,Bank transfer (automatic),97.32,1429.59,Yes
CUST-03566,Female,0,Yes,No,10,Yes,No,Fiber optic,No,Yes,No,Yes,Yes,No,Month-to-month,No,Electronic check,88.95,790.61,Yes
CUST-03567,Female,0,Yes,No,20,No,No phone service,Fiber optic,Yes,No,No,Yes,Yes,Yes,Month-to-month,Yes,Bank transfer (automatic),80.11,1571.29,No
CUST-03568,Female,0,Yes,Yes,40,Yes,No,Fiber optic,No,No,No,Yes,Yes,No,Two year,No,Mailed check,83.6,3153.14,No
CUST-03569,Male,0,No,No,27,No,No phone service,DSL,Yes,No,Yes,No,Yes,No,Two year,Yes,Credit card (automatic),60.21,1443.12,Yes
CUST-03570,Female,1,Yes,No,18,Yes,No,Fiber optic,No,No,Yes,No,No,No,Month-to-month,Yes,Credit card (automatic),84.14,1457.76,Yes
CUST-03571,Male,0,No,No,43,Yes,No,DSL,No,No,No,No,Yes,Yes,Month-to-month,Yes,Electronic check,64.05,2652.67,Yes
CUST-03572,Male,0,No,Yes,40,No,No phone service,Fiber optic,Yes,Yes,Yes,No,Yes,Yes,Two year,No,Electronic check,87.04,3300.41,No
CUST-03573,Male,0,No,No,17,Yes,No,No,No internet service,No internet service,No internet service,No internet service,No internet service,No internet service,Month-to-month,Yes,Bank transfer (automatic),38.32,621.88,No
CUST-03574,Female,0,Yes,No,38,Yes,Yes,No,No internet service,No internet service,No internet service,No internet service,No internet service,No internet service,Month-to-month,No,Credit card (automatic),41.6,1526.78,Yes
CUST-03575,Male,0,No,No,26,Yes,Yes,Fiber optic,No,Yes,Yes,No,Yes,Yes,Month-to-month,No,Electronic check,109.46,2692.51,Yes
CUST-03576,Male,0,Yes,No,13,Yes,Yes,DSL,Yes,Yes,No,No,No,No,Month-to-month,No,Mailed check,70.06,885.88,Yes
CUST-03577,Male,0,Yes,No,40,Yes,Yes,Fiber optic,Yes,Yes,No,Yes,Yes,Yes,Month-to-month,Yes,Bank transfer (automatic),114.62,4112.25,Yes
CUST-03578,Male,0,No,No,41,Yes,No,DSL,No,No,Yes,Yes,No,No,Month-to-month,Yes,Credit card (automatic),68.02,2657.11,Yes
CUST-03579,Male,1,Yes,No,9,Yes,No,DSL,No,No,Yes,Yes,No,Yes,Month-to-month,No,Mailed check,68.83,590.5,Yes
CUST-03580,Female,1,Yes,Yes,38,Yes,No,Fiber optic,No,No,No,No,No,Yes,One year,Yes,Bank transfer (automatic),78.78,2928.61,Yes
CUST-03581,Male,0,Yes,Yes,54,Yes,No,DSL,No,No,No,No,No,Yes,Month-to-month,No,Mailed check,69.1,3598.78,Yes
CUST-03582,Male,0,Yes,No,10,Yes,Yes,Fiber optic,No,Yes,Yes,No,No,Yes,Two year,Yes,Mailed check,93.71,867.85,No
CUST-03583,Female,0,No,No,30,Yes,Yes,No,No internet service,No internet service,No internet service,No internet service,No internet service,No internet service,One year,Yes,Bank transfer (automatic),50.62,1459.36,No
CUST-03584,Female,0,No,No,10,Yes,Yes,Fiber optic,No,Yes,No,Yes,Yes,No,Month-to-month,No,Bank transfer (automatic),92.86,845.91,Yes
CUST-03585,Male,0,No,No,11,Yes,No,Fiber optic,Yes,No,No,Yes,No,No,Month-to-month,No,Electronic check,94.74,945.91,Yes
CUST-03586,Female,0,Yes,Yes,5,Yes,Yes,Fiber optic,No,No,Yes,No,Yes,Yes,One year,Yes,Electronic check,102.76,481.56,Yes
CUST-03587,Female,0,Yes,Yes,59,Yes,Yes,DSL,No,Yes,No,No,No,Yes,Two year,No,Credit card (automatic),79.39,4239.35,No
CUST-03588,Male,1,Yes,Yes,55,No,No phone service,DSL,No,Yes,No,Yes,No,Yes,Two year,Yes,Bank transfer (automatic),63.42,3248.38,Yes
CUST-03589,Male,1,No,Yes,57,Yes,No,DSL,Yes,No,Yes,Yes,Yes,Yes,Month-to-month,No,Electronic check,91.14,5003.15,No
CUST-03590,Male,0,No,No,19,Yes,Yes,DSL,No,Yes,No,Yes,No,Yes,Month-to-month,Yes,Electronic check,81.15,1499.04,Yes
CUST-03591,Female,0,No,No,49,No,No phone service,Fiber optic,No,No,No,No,No,Yes,Month-to-month,No,Credit card (automatic),71.07,3143.85,Yes
CUST-03592,Female,0,No,Yes,10,No,No phone service,DSL,Yes,No,Yes,Yes,Yes,No,Month-to-month,No,Credit card (automatic),67.48,585.34,No
CUST-03593,Male,0,No,No,9,Yes,Yes,Fiber optic,No,No,No,No,No,Yes,Month-to-month,No,Mailed check,93.0,758.58,Yes
CUST-03594,Male,0,Yes,Yes,19,Yes,No,Fiber optic,No,Yes,No,Yes,No,No,Month-to-month,Yes,Credit card (automatic),90.73,1599.24,Yes
CUST-03595,Female,1,No,No,52,Yes,No,Fiber optic,No,No,Yes,No,Yes,No,One year,Yes,Electronic check,94.89,5035.11,No
CUST-03596,Female,0,No,No,31,Yes,No,DSL,Yes,No,No,Yes,Yes,Yes,One year,Yes,Credit card (automatic),75.41,2138.75,No
CUST-03597,Female,0,No,No,17,Yes,No,Fiber optic,Yes,No,Yes,Yes,Yes,Yes,Month-to-month,No,Bank transfer (automatic),109.49,1863.14,Yes
CUST-03598,Male,0,Yes,Yes,16,Yes,Yes,Fiber optic,No,No,Yes,No,Yes,No,Month-to-month,No,Mailed check,93.89,1451.35,No
CUST-03599,Female,0,No,No,59,Yes,No,No,No internet service,No internet service,No internet service,No internet service,No internet service,No internet service,One year,No,Electronic check,33.28,1841.88,No
CUST-03600,Male,0,Yes,Yes,44,Yes,No,Fiber optic,No,No,Yes,No,No,No,Month-to-month,Yes,Electronic check,94.64,3891.39,Yes
CUST-03601,Female,0,No,No,62,Yes,No,Fiber optic,No,No,Yes,Yes,Yes,Yes,Month-to-month,Yes,Electronic check,106.87,6502.23,No
CUST-03602,Male,0,No,Yes,59,Yes,No,Fiber optic,Yes,Yes,Yes,No,No,Yes,Month-to-month,Yes,Mailed check,93.53,5078.1,Yes
CUST-03603,Female,0,No,No,4,No,No phone service,No,No internet service,No internet service,No internet service,No internet service,No internet service,No internet service,Month-to-month,No,Electronic check,18.0,72.5,No
CUST-03604,Male,0,Yes,No,54,Yes,No,DSL,No,Yes,No,No,Yes,Yes,Month-to-month,Yes,Mailed check,72.25,3749.33,No
CUST-03605,Male,0,Yes,No,44,Yes,No,DSL,No,No,Yes,No,No,No,One year,Yes,Credit card (automatic),67.46,2759.21,No
CUST-03606,Female,0,No,No,11,Yes,No,DSL,No,No,Yes,No,Yes,No,Two year,Yes,Bank transfer (automatic),75.39,784.33,No
CUST-03607,Female,1,No,No,19,No,No phone service,DSL,Yes,No,Yes,No,Yes,Yes,Two year,Yes,Credit card (automatic),61.47,1144.27,No
CUST-03608,Male,0,No,No,22,Yes,No,DSL,Yes,No,No,Yes,Yes,Yes,One year,Yes,Bank transfer (automatic),79.96,1763.89,No
CUST-03609,Male,0,Yes,No,72,Yes,No,DSL,Yes,No,Yes,No,Yes,No,Month-to-month,Yes,Mailed check,76.07,5226.63,Yes
CUST-03610,Male,0,No,No,27,Yes,Yes,Fiber optic,No,No,No,Yes,Yes,No,Month-to-month,No,Electronic check,93.28,2327.2,Yes
CUST-03611,Male,0,No,No,43,Yes,No,Fiber optic,Yes,Yes,Yes,No,No,Yes,Month-to-month,Yes,Credit card (automatic),101.54,,Yes
CUST-03612,Male,0,Yes,No,53,Yes,No,Fiber optic,No,No,No,Yes,No,No,Month-to-month,Yes,Bank transfer (automatic),88.03,4204.92,Yes
CUST-03613,Male,0,Yes,No,18,Yes,No,DSL,Yes,No,No,No,Yes,No,Month-to-month,Yes,Mailed check,72.26,1257.5,Yes
CUST-03614,Female,0,No,No,58,Yes,Yes,Fiber optic,Yes,Yes,No,No,No,Yes,Month-to-month,No,Credit card (automatic),99.14,5278.53,Yes
CUST-03615,Male,1,Yes,No,25,Yes,Yes,DSL,Yes,Yes,No,No,Yes,Yes,Two year,Yes,Credit card (automatic),93.99,2172.31,No
CUST-03616,Female,0,No,No,72,Yes,No,No,No internet service,No internet service,No internet service,No internet service,No internet service,No internet service,Two year,Yes,Mailed check,23.06,1614.99,No
CUST-03617,Female,0,No,No,11,Yes,No,DSL,Yes,Yes,Yes,No,No,No,Month-to-month,Yes,Mailed check,65.84,703.44,No
CUST-03618,Female,1,Yes,No,23,Yes,No,Fiber optic,No,Yes,Yes,No,Yes,Yes,One year,Yes,Credit card (automatic),98.91,2071.41,No
CUST-03619,Female,0,Yes,No,55,Yes,No,Fiber optic,No,Yes,No,No,No,Yes,Month-to-month,Yes,Electronic check,91.48,4776.08,Yes
CUST-03620,Female,0,No,No,14,Yes,Yes,No,No internet service,No internet service,No internet service,No internet service,No internet service,No internet service,Month-to-month,Yes,Credit card (automatic),34.23,452.27,No
CUST-03621,Male,0,No,No,46,Yes,No,DSL,No,Yes,Yes,No,No,Yes,Month-to-month,Yes,Credit card (automatic),86.4,3651.41,Yes
CUST-03622,Female,0,No,No,20,Yes,Yes,DSL,No,Yes,No,Yes,Yes,Yes,Two year,No,Electronic check,87.7,1663.74,No
CUST-03623,Female,0,No,No,10,Yes,Yes,Fiber optic,Yes,Yes,No,No,Yes,No,Month-to-month,No,Electronic check,100.77,947.44,Yes
CUST-03624,Female,0,No,No,8,No,No phone service,DSL,No,No,No,Yes,No,Yes,One year,Yes,Electronic check,59.51,443.66,No
CUST-03625,Male,0,No,Yes,30,Yes,No,DSL,No,Yes,No,No,Yes,Yes,Two year,No,Credit card (automatic),68.54,1999.49,No
CUST-03626,Male,1,No,Yes,36,Yes,Yes,DSL,No,Yes,Yes,Yes,Yes,No,One year,Yes,Bank transfer (automatic),93.46,3011.1,No
CUST-03627,Male,0,No,No,11,Yes,No,DSL,No,No,No,No,Yes,Yes,Month-to-month,No,Electronic check,64.62,658.57,Yes
CUST-03628,Female,0,Yes,Yes,39,Yes,No,Fiber optic,Yes,No,Yes,No,Yes,Yes,One year,Yes,Mailed check,95.26,3416.35,No
CUST-03629,Male,0,Yes,Yes,7,Yes,No,DSL,No,Yes,No,No,Yes,No,Month-to-month,No,Mailed check,70.56,441.91,No
CUST-03630,Male,0,No,Yes,18,Yes,Yes,DSL,Yes,No,No,No,No,Yes,Month-to-month,No,Credit card (automatic),73.55,1253.07,No
CUST-03631,Female,0,Yes,Yes,24,Yes,No,Fiber optic,No,No,Yes,No,Yes,Yes,One year,Yes,Electronic check,98.94,2160.46,Yes
CUST-03632,Male,0,No,No,23,Yes,Yes,DSL,No,No,No,No,Yes,Yes,Two year,Yes,Electronic check,74.19,1568.92,Yes
CUST-03633,Female,1,No,No,29,Yes,Yes,Fiber optic,No,Yes,No,Yes,No,No,Month-to-month,Yes,Mailed check,100.0,2794.19,Yes
CUST-03634,Male,0,Yes,Yes,23,Yes,Yes,No,No internet service,No internet service,No internet service,No internet service,No internet service,No internet service,One year,Yes,Electronic check,41.85,851.97,No
CUST-03635,Male,0,Yes,No,21,Yes,Yes,Fiber optic,No,No,No,No,Yes,No,One year,Yes,Credit card (automatic),92.14,1857.1,Yes
CUST-03636,Female,0,No,Yes,21,No,No phone service,DSL,Yes,Yes,Yes,Yes,Yes,Yes,Month-to-month,No,Bank transfer (automatic),77.09,1603.59,Yes
CUST-03637,Male,0,Yes,No,15,Yes,Yes,DSL,Yes,No,Yes,No,No,No,One year,Yes,Bank transfer (automatic),74.2,1058.66,No
CUST-03638,Female,0,No,No,39,Yes,No,DSL,No,No,Yes,No,Yes,No,Month-to-month,No,Electronic check,69.1,2608.81,Yes
CUST-03639,Female,0,No,No,21,Yes,Yes,No,No internet service,No internet service,No internet service,No internet service,No internet service,No internet service,Month-to-month,Yes,Mailed check,39.2,849.81,Yes
CUST-03640,Male,0,Yes,No,14,Yes,Yes,Fiber optic,No,Yes,No,No,Yes,No,Month-to-month,No,Electronic check,99.7,1324.51,Yes
CUST-03641,Male,0,No,No,38,Yes,No,Fiber optic,No,No,Yes,No,No,Yes,Month-to-month,No,Credit card (automatic),90.74,3291.63,Yes
CUST-03642,Male,0,No,No,34,Yes,Yes,DSL,No,Yes,Yes,No,Yes,Yes,Month-to-month,No,Bank transfer (automatic),84.14,2795.71,No
CUST-03643,Male,0,Yes,No,10,Yes,No,DSL,Yes,No,No,Yes,Yes,Yes,One year,Yes,Credit card (automatic),84.36,778.73,No
CUST-03644,Female,0,Yes,Yes,66,Yes,Yes,DSL,No,Yes,No,No,Yes,No,Month-to-month,No,Electronic check,73.88,4461.43,No
CUST-03645,Male,0,Yes,No,18,No,No phone service,Fiber optic,No,Yes,No,No,No,Yes,Two year,Yes,Mailed check,81.56,1379.35,No
CUST-03646,Male,0,No,No,19,Yes,No,DSL,Yes,Yes,Yes,No,No,Yes,Month-to-month,Yes,Bank transfer (automatic),83.39,1473.66,Yes
CUST-03647,Male,0,Yes,Yes,25,Yes,Yes,DSL,Yes,No,Yes,No,No,No,One year,Yes,Mailed check,82.26,1846.23,No
CUST-03648,Male,0,Yes,No,33,Yes,No,Fiber optic,No,No,Yes,No,No,No,Two year,Yes,Mailed check,84.42,2493.93,Yes
CUST-03649,Male,1,Yes,Yes,26,Yes,No,Fiber optic,No,Yes,No,Yes,No,No,Two year,Yes,Bank transfer (automatic),92.94,2155.76,No
CUST-03650,Male,0,Yes,Yes,13,Yes,No,No,No internet service,No internet service,No internet service,No internet service,No internet service,No internet service,Two year,Yes,Credit card (automatic),32.83,393.64,No
CUST-03651,Female,0,Yes,No,5,Yes,Yes,Fiber optic,No,No,Yes,No,Yes,Yes,Month-to-month,No,Electronic check,98.84,445.99,Yes
CUST-03652,Female,1,No,No,65,Yes,Yes,Fiber optic,No,Yes,Yes,Yes,No,Yes,Month-to-month,Yes,Mailed check,110.17,6874.16,Yes
CUST-03653,Female,0,Yes,No,11,Yes,No,No,No internet service,No internet service,No internet service,No internet service,No internet service,No internet service,Two year,Yes,Electronic check,30.41,331.26,No
CUST-03654,Male,0,No,No,36,Yes,No,DSL,No,Yes,Yes,Yes,Yes,No,Month-to-month,Yes,Electronic check,78.35,2700.47,Yes
CUST-03655,Male,0,Yes,No,26,Yes,No,DSL,Yes,Yes,No,No,Yes,No,Two year,No,Electronic check,67.79,1612.81,Yes
CUST-03656,Female,0,Yes,No,3,Yes,Yes,DSL,Yes,No,No,No,No,No,One year,No,Electronic check,76.54,233.11,No
CUST-03657,Male,0,Yes,No,15,Yes,Yes,Fiber optic,No,No,No,Yes,Yes,No,Month-to-month,No,Electronic check,94.33,1301.09,Yes
CUST-03658,Male,1,No,No,72,Yes,Yes,DSL,No,Yes,No,Yes,Yes,No,Month-to-month,No,Mailed check,79.66,5307.44,Yes
CUST-03659,Female,0,No,No,5,Yes,No,Fiber optic,No,No,No,No,Yes,No,Two year,Yes,Credit card (automatic),81.96,381.4,No
CUST-03660,Female,0,Yes,No,19,Yes,No,No,No internet service,No internet service,No internet service,No internet service,No internet service,No internet service,Month-to-month,Yes,Credit card (automatic),31.24,577.92,No
CUST-03661,Male,0,No,No,33,Yes,Yes,Fiber optic,Yes,Yes,Yes,No,No,No,One year,Yes,Electronic check,98.34,2958.57,No
CUST-03662,Female,1,Yes,Yes,11,Yes,No,Fiber optic,No,Yes,No,No,No,No,Month-to-month,No,Electronic check,79.45,873.65,Yes
CUST-03663,Male,0,No,No,28,Yes,No,Fiber optic,Yes,Yes,No,Yes,Yes,Yes,One year,Yes,Credit card (automatic),109.25,2673.14,Yes
CUST-03664,Male,1,No,Yes,38,Yes,No,Fiber optic,No,Yes,No,Yes,No,Yes,Two year,Yes,Mailed check,92.66,3225.01,No
CUST-03665,Male,0,Yes,Yes,34,Yes,No,Fiber optic,No,Yes,Yes,No,No,No,Two year,Yes,Mailed check,94.45,3120.62,Yes
CUST-03666,Female,0,Yes,No,28,Yes,No,DSL,No,No,No,No,Yes,No,Two year,Yes,Mailed check,64.95,1865.14,No
CUST-03667,Male,0,Yes,Yes,22,Yes,No,DSL,Yes,Yes,Yes,Yes,No,No,Two year,No,Credit card (automatic),71.67,1569.55,No
CUST-03668,Female,0,No,No,12,No,No phone service,Fiber optic,No,No,Yes,No,Yes,Yes,One year,No,Credit card (automatic),83.24,960.63,No
CUST-03669,Female,0,Yes,No,37,Yes,Yes,No,No internet service,No internet service,No internet service,No internet service,No internet service,No internet service,One year,Yes,Credit card (automatic),39.06,1318.45,No
CUST-03670,Female,1,No,Yes,25,Yes,No,No,No internet service,No internet service,No internet service,No internet service,No internet service,No internet service,Month-to-month,Yes,Bank transfer (automatic),33.39,766.95,Yes
CUST-03671,Female,0,Yes,No,72,Yes,Yes,Fiber optic,Yes,No,Yes,No,No,Yes,Month-to-month,Yes,Bank transfer (automatic),104.58,7288.46,Yes
CUST-03672,Female,0,No,No,44,Yes,Yes,Fiber optic,Yes,No,Yes,No,Yes,Yes,Month-to-month,Yes,Electronic check,103.29,4401.33,Yes
CUST-03673,Male,0,Yes,Yes,17,Yes,Yes,DSL,Yes,No,No,No,No,Yes,One year,No,Electronic check,81.73,1287.13,No
CUST-03674,Female,0,No,No,30,Yes,No,Fiber optic,No,Yes,No,No,Yes,No,Month-to-month,Yes,Electronic check,88.3,2453.75,Yes
CUST-03675,Male,0,Yes,No,9,No,No phone service,DSL,Yes,Yes,Yes,No,No,No,Month-to-month,Yes,Mailed check,67.98,598.96,No
CUST-03676,Female,0,Yes,Yes,4,No,No phone service,DSL,No,Yes,No,No,Yes,Yes,Month-to-month,No,Electronic check,55.14,213.63,No
CUST-03677,Female,0,Yes,No,16,Yes,Yes,DSL,Yes,Yes,No,Yes,Yes,Yes,Month-to-month,Yes,Credit card (automatic),87.85,1341.29,Yes
CUST-03678,Male,1,No,No,7,Yes,Yes,DSL,No,Yes,No,Yes,Yes,Yes,Two year,Yes,Credit card (automatic),87.85,563.16,No
CUST-03679,Male,0,Yes,No,41,Yes,Yes,No,No internet service,No internet service,No internet service,No internet service,No internet service,No internet service,Two year,No,Mailed check,40.66,1593.67,No
CUST-03680,Male,0,No,No,72,Yes,Yes,DSL,No,No,No,No,Yes,No,Month-to-month,No,Mailed check,70.14,4672.95,No
CUST-03681,Male,0,No,No,54,Yes,Yes,Fiber optic,Yes,No,No,No,No,Yes,Two year,No,Bank transfer (automatic),96.68,4906.95,No
CUST-03682,Female,1,Yes,No,19,No,No phone service,Fiber optic,No,No,No,Yes,No,Yes,One year,Yes,Mailed check,79.19,1426.47,No
CUST-03683,Female,0,Yes,Yes,42,No,No phone service,DSL,No,Yes,No,No,No,No,Month-to-month,No,Mailed check,48.25,1947.68,No
CUST-03684,Male,0,Yes,No,16,Yes,No,DSL,Yes,No,No,No,Yes,Yes,Two year,No,Bank transfer (automatic),70.65,985.37,No
CUST-03685,Male,0,Yes,No,59,Yes,Yes,DSL,No,No,No,No,No,Yes,Two year,Yes,Electronic check,76.75,4423.51,No
CUST-03686,Female,0,Yes,Yes,38,Yes,Yes,DSL,Yes,Yes,No,No,Yes,No,One year,No,Bank transfer (automatic),86.72,3211.23,No
CUST-03687,Female,1,No,No,25,Yes,No,DSL,No,No,No,No,No,No,One year,Yes,Electronic check,63.57,1535.64,No
CUST-03688,Male,1,Yes,No,24,Yes,No,No,No internet service,No internet service,No internet service,No internet service,No internet service,No internet service,One year,Yes,Mailed check,27.5,629.64,No
CUST-03689,Male,0,Yes,No,38,Yes,No,Fiber optic,No,Yes,Yes,Yes,Yes,No,Month-to-month,Yes,Mailed check,97.13,3304.58,No
CUST-03690,Female,0,No,No,24,Yes,No,Fiber optic,Yes,Yes,No,Yes,Yes,Yes,One year,No,Credit card (automatic),108.83,2544.31,No
CUST-03691,Female,0,Yes,Yes,52,Yes,Yes,No,No internet service,No internet service,No internet service,No internet service,No internet service,No internet service,Month-to-month,Yes,Credit card (automatic),47.06,2254.81,No
CUST-03692,Male,0,No,No,18,Yes,Yes,No,No internet service,No internet service,No internet service,No internet service,No internet service,No internet service,Two year,No,Electronic check,45.68,753.85,No
CUST-03693,Female,1,No,Yes,22,Yes,Yes,Fiber optic,Yes,Yes,No,No,Yes,No,Two year,No,Electronic check,100.76,2237.54,No
CUST-03694,Female,0,Yes,No,23,Yes,No,Fiber optic,No,No,No,Yes,No,No,Month-to-month,No,Electronic check,80.79,1765.65,Yes
CUST-03695,Female,0,No,No,21,Yes,No,DSL,No,Yes,Yes,No,Yes,No,Month-to-month,Yes,Bank transfer (automatic),70.69,1383.36,Yes
CUST-03696,Male,0,No,Yes,12,Yes,Yes,Fiber optic,Yes,Yes,Yes,No,No,No,One year,No,Credit card (automatic),100.19,1110.86,No
CUST-03697,Female,0,No,No,17,Yes,No,Fiber optic,Yes,Yes,Yes,No,No,No,Month-to-month,No,Mailed check,107.9,1736.7,Yes
CUST-03698,Female,0,No,No,25,Yes,No,Fiber optic,Yes,Yes,No,No,Yes,Yes,Month-to-month,Yes,Bank transfer (automatic),96.34,2203.07,Yes
CUST-03699,Female,0,No,Yes,23,Yes,No,DSL,No,No,No,Yes,Yes,No,Month-to-month,Yes,Electronic check,70.03,1376.73,Yes
CUST-03700,Male,0,No,No,71,Yes,No,Fiber optic,No,Yes,Yes,Yes,No,No,One year,Yes,Credit card (automatic),91.93,5877.62,Yes
CUST-03701,Female,0,No,No,33,Yes,No,Fiber optic,No,No,No,Yes,Yes,Yes,Month-to-month,No,Bank transfer (automatic),96.76,3001.39,Yes
CUST-03702,Female,0,No,No,61,Yes,No,Fiber optic,No,No,No,No,No,No,Two year,No,Bank transfer (automatic),70.76,4174.24,No
CUST-03703,Female,1,No,No,6,Yes,No,DSL,No,Yes,Yes,Yes,No,No,Month-to-month,Yes,Electronic check,70.24,405.69,No
CUST-03704,Male,0,No,No,47,Yes,No,DSL,No,Yes,Yes,No,Yes,Yes,Month-to-month,No,Electronic check,76.56,3464.85,No
CUST-03705,Male,0,Yes,Yes,33,Yes,Yes,DSL,No,No,Yes,No,Yes,Yes,Two year,Yes,Mailed check,76.03,2280.68,No
CUST-03706,Male,0,No,Yes,23,No,No phone service,Fiber optic,Yes,Yes,No,No,No,No,One year,Yes,Bank transfer (automatic),71.1,1550.14,No
CUST-03707,Female,0,Yes,No,11,Yes,No,No,No internet service,No internet service,No internet service,No internet service,No internet service,No internet service,Month-to-month,No,Electronic check,33.0,349.88,Yes
CUST-03708,Male,0,Yes,Yes,40,Yes,No,No,No internet service,No internet service,No internet service,No internet service,No internet service,No internet service,Two year,No,Electronic check,39.22,1513.81,No
CUST-03709,Female,0,Yes,No,36,Yes,Yes,Fiber optic,No,Yes,No,No,Yes,Yes,Two year,Yes,Electronic check,100.42,3330.07,No
CUST-03710,Male,0,Yes,No,41,Yes,Yes,No,No internet service,No internet service,No internet service,No internet service,No internet service,No internet service,Two year,Yes,Electronic check,35.4,1396.18,No
CUST-03711,Female,0,No,No,17,Yes,Yes,Fiber optic,Yes,Yes,No,Yes,No,Yes,One year,No,Credit card (automatic),109.16,1752.76,No
CUST-03712,Male,1,Yes,No,52,Yes,No,Fiber optic,No,Yes,Yes,Yes,No,No,One year,Yes,Mailed check,99.98,4824.66,No
CUST-03713,Male,0,No,No,38,No,No phone service,DSL,Yes,No,No,Yes,Yes,Yes,Two year,No,Electronic check,60.6,2078.89,No
CUST-03714,Female,0,No,No,18,Yes,Yes,DSL,Yes,No,No,No,Yes,Yes,One year,Yes,Mailed check,77.75,1304.1,No
CUST-03715,Male,0,Yes,No,66,No,No phone service,No,No internet service,No internet service,No internet service,No internet service,No internet service,No internet service,Month-to-month,Yes,Mailed check,18.0,1090.02,No
CUST-03716,Female,1,Yes,No,29,Yes,No,Fiber optic,No,No,No,No,Yes,No,One year,Yes,Electronic check,83.13,2181.55,No
CUST-03717,Female,0,No,No,5,Yes,No,DSL,No,No,No,No,Yes,No,Two year,Yes,Electronic check,63.52,294.81,No
CUST-03718,Female,1,No,No,18,Yes,Yes,DSL,No,No,Yes,No,Yes,No,Month-to-month,No,Electronic check,76.58,1274.53,Yes
CUST-03719,Male,0,Yes,Yes,51,Yes,No,Fiber optic,No,No,No,Yes,No,Yes,Month-to-month,No,Electronic check,88.35,4587.76,Yes
CUST-03720,Female,0,Yes,Yes,19,Yes,Yes,DSL,Yes,Yes,No,Yes,No,No,Two year,No,Electronic check,83.97,1549.65,Yes
CUST-03721,Male,0,Yes,No,26,Yes,Yes,DSL,Yes,Yes,No,No,No,No,Month-to-month,Yes,Credit card (automatic),74.54,1778.41,Yes
CUST-03722,Male,0,Yes,No,52,Yes,No,Fiber optic,Yes,Yes,No,Yes,Yes,Yes,Month-to-month,Yes,Mailed check,99.3,5054.57,No
CUST-03723,Male,0,Yes,No,19,Yes,Yes,Fiber optic,No,No,No,No,Yes,Yes,Two year,Yes,Electronic check,98.43,1786.16,No
CUST-03724,Male,0,No,No,43,Yes,Yes,No,No internet service,No internet service,No internet service,No internet service,No internet service,No internet service,One year,No,Mailed check,35.06,1345.86,No
CUST-03725,Female,0,Yes,Yes,9,Yes,Yes,DSL,No,No,No,No,No,Yes,Month-to-month,No,Credit card (automatic),68.38,580.3,Yes
CUST-03726,Male,0,Yes,No,32,Yes,No,DSL,No,Yes,No,No,No,No,Month-to-month,No,Electronic check,67.92,2061.46,Yes
CUST-03727,Female,0,No,No,31,Yes,No,Fiber optic,Yes,No,Yes,No,Yes,No,Two year,No,Mailed check,97.19,2803.22,No
CUST-03728,Male,0,No,No,34,Yes,No,DSL,Yes,No,No,No,No,No,Month-to-month,No,Mailed check,62.0,1848.6,Yes
CUST-03729,Female,0,Yes,No,37,Yes,Yes,DSL,No,Yes,No,No,Yes,Yes,Month-to-month,No,Electronic check,86.67,2775.85,Yes
CUST-03730,Male,0,No,No,27,Yes,Yes,No,No internet service,No internet service,No internet service,No internet service,No internet service,No internet service,Month-to-month,Yes,Mailed check,43.85,1143.47,No
CUST-03731,Male,0,No,No,24,Yes,No,DSL,Yes,Yes,Yes,No,No,Yes,Two year,No,Credit card (automatic),75.01,1696.88,No
CUST-03732,Male,0,Yes,Yes,26,Yes,Yes,Fiber optic,No,No,No,Yes,No,Yes,Two year,Yes,Credit card (automatic),82.93,1974.35,Yes
CUST-03733,Female,1,Yes,No,64,Yes,No,No,No internet service,No internet service,No internet service,No internet service,No internet service,No internet service,One year,Yes,Mailed check,32.8,2051.03,No
CUST-03734,Male,0,No,No,29,Yes,Yes,DSL,No,Yes,Yes,No,No,No,One year,Yes,Bank transfer (automatic),75.12,2052.53,Yes
CUST-03735,Female,0,No,No,72,Yes,No,Fiber optic,Yes,Yes,No,No,No,Yes,Month-to-month,Yes,Electronic check,99.3,6422.46,Yes
CUST-03736,Female,1,No,No,37,Yes,No,DSL,No,No,No,No,No,No,Month-to-month,Yes,Bank transfer (automatic),65.33,2285.86,Yes
CUST-03737,Female,0,Yes,Yes,29,Yes,No,Fiber optic,No,No,No,No,No,No,Two year,Yes,Credit card (automatic),85.99,2419.39,Yes
CUST-03738,Male,0,No,Yes,10,Yes,No,DSL,No,No,Yes,No,Yes,Yes,Two year,Yes,Electronic check,84.54,,No
CUST-03739,Male,0,Yes,Yes,45,Yes,Yes,Fiber optic,Yes,Yes,No,No,No,No,One year,Yes,Bank transfer (automatic),91.13,4007.64,No
CUST-03740,Male,0,No,No,21,Yes,Yes,DSL,No,Yes,Yes,No,No,No,Month-to-month,Yes,Electronic check,82.58,1699.73,Yes
CUST-03741,Female,0,No,No,50,Yes,No,Fiber optic,No,Yes,Yes,No,No,Yes,Month-to-month,Yes,Credit card (automatic),88.0,4221.54,Yes
CUST-03742,Female,0,Yes,Yes,14,Yes,No,DSL,No,Yes,No,No,No,Yes,Two year,Yes,Electronic check,58.23,764.56,No
CUST-03743,Male,0,Yes,No,26,Yes,No,Fiber optic,No,Yes,Yes,Yes,Yes,Yes,Two year,Yes,Electronic check,100.7,2485.49,No
CUST-03744,Female,0,No,No,21,Yes,No,Fiber optic,No,Yes,No,Yes,No,Yes,Month-to-month,Yes,Credit card (automatic),95.88,1826.78,Yes
CUST-03745,Female,0,No,No,43,Yes,No,Fiber optic,No,No,No,Yes,No,Yes,One year,No,Electronic check,91.81,3590.4,Yes
CUST-03746,Male,0,Yes,No,68,Yes,Yes,Fiber optic,Yes,Yes,Yes,No,No,No,Two year,Yes,Mailed check,99.6,6711.01,No
CUST-03747,Female,0,No,Yes,25,Yes,Yes,DSL,No,No,Yes,No,No,Yes,One year,Yes,Electronic check,75.54,1739.15,No
CUST-03748,Male,0,Yes,Yes,19,Yes,Yes,DSL,Yes,No,Yes,No,No,No,Month-to-month,No,Credit card (automatic),76.72,1349.75,Yes
CUST-03749,Male,0,Yes,Yes,10,Yes,No,DSL,No,No,No,No,No,Yes,Month-to-month,Yes,Credit card (automatic),64.37,621.33,Yes
CUST-03750,Male,0,Yes,Yes,18,Yes,Yes,No,No internet service,No internet service,No internet service,No internet service,No internet service,No internet service,One year,No,Electronic check,34.02,533.5,No
CUST-03751,Male,0,No,No,68,Yes,Yes,DSL,No,No,No,No,No,Yes,Month-to-month,Yes,Bank transfer (automatic),71.07,4442.76,Yes
CUST-03752,Male,0,Yes,No,26,Yes,Yes,DSL,No,Yes,Yes,No,No,Yes,Two year,Yes,Electronic check,88.15,2115.13,Yes
CUST-03753,Male,0,No,No,36,Yes,Yes,Fiber optic,Yes,No,Yes,Yes,No,No,Month-to-month,No,Mailed check,100.64,3409.56,Yes
CUST-03754,Female,1,Yes,Yes,7,Yes,Yes,No,No internet service,No internet service,No internet service,No internet service,No internet service,No internet service,Two year,Yes,Credit card (automatic),32.93,221.39,No
CUST-03755,Female,0,No,Yes,7,Yes,Yes,Fiber optic,No,No,No,No,Yes,Yes,Two year,Yes,Mailed check,103.83,681.06,No
CUST-03756,Female,0,No,Yes,6,No,No phone service,Fiber optic,Yes,No,Yes,Yes,No,Yes,Month-to-month,Yes,Electronic check,86.34,487.42,Yes
CUST-03757,Male,0,Yes,No,57,Yes,No,DSL,Yes,No,No,Yes,No,Yes,Two year,No,Mailed check,74.34,3766.12,No
CUST-03758,Male,1,Yes,Yes,26,Yes,Yes,DSL,No,No,No,Yes,Yes,No,Month-to-month,No,Bank transfer (automatic),83.2,1832.39,No
CUST-03759,Female,0,Yes,Yes,14,Yes,Yes,Fiber optic,No,No,No,No,No,Yes,Month-to-month,Yes,Credit card (automatic),86.81,1131.43,Yes
CUST-03760,Male,0,Yes,Yes,46,Yes,Yes,No,No internet service,No internet service,No internet service,No internet service,No internet service,No internet service,Month-to-month,Yes,Mailed check,40.36,1687.54,No
CUST-03761,Female,0,No,Yes,20,Yes,No,Fiber optic,No,No,No,No,Yes,Yes,Month-to-month,No,Electronic check,82.16,1528.44,Yes
CUST-03762,Male,0,No,No,50,Yes,No,DSL,No,No,Yes,No,No,No,Month-to-month,Yes,Credit card (automatic),61.17,2920.95,Yes
CUST-03763,Male,1,Yes,No,25,Yes,Yes,Fiber optic,Yes,Yes,Yes,No,Yes,No,Month-to-month,Yes,Bank transfer (automatic),100.39,2242.59,Yes
CUST-03764,Male,0,No,No,51,No,No phone service,No,No internet service,No internet service,No internet service,No internet service,No internet service,No internet service,Two year,Yes,Bank transfer (automatic),18.0,907.13,No
CUST-03765,Female,0,Yes,No,13,Yes,Yes,Fiber optic,No,No,No,No,No,No,Two year,Yes,Mailed check,87.33,1089.86,No
CUST-03766,Female,0,Yes,No,35,Yes,No,Fiber optic,No,No,Yes,No,Yes,Yes,Month-to-month,Yes,Mailed check,94.67,3095.17,Yes
CUST-03767,Male,1,Yes,Yes,41,Yes,No,Fiber optic,No,Yes,No,No,No,No,One year,No,Mailed check,86.95,3393.59,No
CUST-03768,Male,0,Yes,No,7,Yes,No,Fiber optic,No,Yes,No,No,No,Yes,Month-to-month,No,Electronic check,89.97,578.75,No
CUST-03769,Male,0,No,No,26,Yes,No,Fiber optic,Yes,Yes,Yes,Yes,No,Yes,Two year,Yes,Bank transfer (automatic),101.91,2433.43,No
CUST-03770,Female,0,Yes,No,10,No,No phone service,Fiber optic,No,No,Yes,No,No,Yes,One year,No,Bank transfer (automatic),79.26,690.76,Yes
CUST-03771,Female,0,No,No,7,Yes,No,DSL,Yes,No,No,Yes,Yes,Yes,One year,Yes,Bank transfer (automatic),83.92,502.89,No
CUST-03772,Female,0,Yes,No,22,Yes,No,DSL,No,Yes,No,Yes,No,Yes,Month-to-month,Yes,Credit card (automatic),78.52,1618.58,Yes
CUST-03773,Male,0,No,Yes,36,Yes,Yes,DSL,No,No,Yes,No,No,No,Month-to-month,Yes,Electronic check,67.69,2144.85,Yes
CUST-03774,Female,1,Yes,No,15,Yes,No,Fiber optic,No,Yes,Yes,No,No,No,Month-to-month,Yes,Bank transfer (automatic),82.79,1197.47,Yes
CUST-03775,Female,0,Yes,No,22,Yes,No,Fiber optic,No,Yes,No,Yes,No,No,Two year,Yes,Mailed check,90.15,1846.35,No
CUST-03776,Female,0,Yes,No,16,Yes,No,No,No internet service,No internet service,No internet service,No internet service,No internet service,No internet service,One year,No,Bank transfer (automatic),37.2,547.43,No
CUST-03777,Male,0,Yes,Yes,48,Yes,Yes,Fiber optic,No,No,No,Yes,Yes,Yes,Month-to-month,No,Electronic check,99.49,4367.42,No
CUST-03778,Male,0,Yes,Yes,60,Yes,Yes,DSL,Yes,Yes,Yes,No,No,No,Month-to-month,No,Bank transfer (automatic),78.5,4079.55,No
CUST-03779,Male,0,Yes,Yes,72,No,No phone service,Fiber optic,No,No,Yes,No,No,No,Two year,Yes,Bank transfer (automatic),70.97,4887.21,No
CUST-03780,Female,0,No,No,55,Yes,Yes,Fiber optic,No,No,Yes,No,No,No,Month-to-month,Yes,Bank transfer (automatic),82.78,4362.52,No
CUST-03781,Female,0,Yes,No,38,Yes,Yes,No,No internet service,No internet service,No internet service,No internet service,No internet service,No internet service,Month-to-month,No,Credit card (automatic),30.33,1033.14,Yes
CUST-03782,Female,0,No,No,48,Yes,Yes,DSL,Yes,No,Yes,Yes,Yes,Yes,One year,Yes,Electronic check,95.81,4401.9,No
CUST-03783,Female,0,No,No,16,Yes,Yes,DSL,Yes,No,Yes,No,Yes,Yes,One year,Yes,Mailed check,87.64,1252.16,No
CUST-03784,Male,0,No,No,21,Yes,No,Fiber optic,No,Yes,No,Yes,No,No,Month-to-month,No,Mailed check,91.87,1706.62,Yes
CUST-03785,Male,0,No,No,31,No,No phone service,DSL,Yes,Yes,Yes,Yes,Yes,Yes,One year,No,Credit card (automatic),77.54,2368.53,No
CUST-03786,Male,0,Yes,Yes,6,Yes,Yes,No,No internet service,No internet service,No internet service,No internet service,No internet service,No internet service,Month-to-month,Yes,Electronic check,32.45,170.73,Yes
CUST-03787,Female,0,No,No,15,Yes,Yes,Fiber optic,Yes,Yes,No,No,Yes,No,Month-to-month,Yes,Credit card (automatic),98.22,1289.32,Yes
CUST-03788,Female,0,No,Yes,72,Yes,No,Fiber optic,Yes,No,Yes,No,Yes,Yes,Month-to-month,No,Credit card (automatic),99.46,6518.69,No
CUST-03789,Male,0,No,No,21,Yes,Yes,No,No internet service,No internet service,No internet service,No internet service,No internet service,No internet service,Month-to-month,Yes,Bank transfer (automatic),41.25,829.6,No
CUST-03790,Female,1,Yes,No,5,Yes,Yes,Fiber optic,No,No,Yes,No,Yes,Yes,One year,No,Electronic check,99.28,458.99,No
CUST-03791,Female,0,No,No,18,Yes,Yes,Fiber optic,No,Yes,No,No,No,Yes,Month-to-month,No,Credit card (automatic),98.07,1722.44,No
CUST-03792,Female,0,Yes,No,30,Yes,Yes,Fiber optic,Yes,Yes,Yes,No,No,No,Two year,Yes,Mailed check,97.84,2882.74,Yes
CUST-03793,Female,0,No,No,37,Yes,Yes,Fiber optic,Yes,Yes,No,Yes,No,No,Month-to-month,No,Bank transfer (automatic),108.17,3750.14,Yes
CUST-03794,Male,0,Yes,No,25,Yes,No,Fiber optic,No,Yes,Yes,Yes,No,Yes,Two year,No,Electronic check,101.58,2341.15,No
CUST-03795,Male,0,Yes,Yes,34,Yes,No,Fiber optic,Yes,No,Yes,Yes,No,Yes,One year,Yes,Bank transfer (automatic),102.74,3389.76,No
CUST-03796,Female,0,No,No,15,Yes,No,Fiber optic,Yes,Yes,No,No,No,Yes,Month-to-month,No,Mailed check,97.71,1433.36,Yes
CUST-03797,Male,0,No,No,61,Yes,No,Fiber optic,No,No,No,No,No,Yes,One year,No,Electronic check,73.19,4001.6,Yes
CUST-03798,Female,0,Yes,Yes,52,Yes,Yes,DSL,Yes,No,Yes,No,Yes,No,One year,Yes,Bank transfer (automatic),83.12,4208.4,No
CUST-03799,Female,0,No,No,4,Yes,No,DSL,No,Yes,No,No,Yes,No,Month-to-month,Yes,Electronic check,69.51,256.52,Yes
CUST-03800,Female,0,No,Yes,11,Yes,No,DSL,No,No,No,No,No,No,Month-to-month,Yes,Bank transfer (automatic),57.53,592.24,No
CUST-03801,Male,0,No,No,47,Yes,No,Fiber optic,Yes,Yes,Yes,No,Yes,Yes,Two year,No,Bank transfer (automatic),108.1,4945.0,No
CUST-03802,Male,0,No,No,32,Yes,No,Fiber optic,No,Yes,Yes,No,Yes,Yes,Month-to-month,No,Bank transfer (automatic),98.84,2883.71,Yes
CUST-03803,Male,0,Yes,Yes,31,Yes,Yes,DSL,No,No,No,No,No,Yes,One year,No,Mailed check,76.32,2314.32,No
CUST-03804,Female,0,Yes,Yes,28,Yes,No,DSL,Yes,No,No,No,No,No,Month-to-month,Yes,Credit card (automatic),72.56,1821.61,No
CUST-03805,Female,1,No,Yes,55,Yes,Yes,No,No internet service,No internet service,No internet service,No internet service,No internet service,No internet service,Two year,No,Mailed check,39.69,2054.71,No
CUST-03806,Male,0,Yes,No,32,Yes,Yes,No,No internet service,No internet service,No internet service,No internet service,No internet service,No internet service,Month-to-month,No,Mailed check,42.44,1205.64,No
CUST-03807,Female,0,No,No,37,Yes,Yes,Fiber optic,Yes,Yes,Yes,No,No,No,Month-to-month,Yes,Electronic check,99.87,3418.33,No
CUST-03808,Female,1,No,No,29,Yes,Yes,Fiber optic,No,No,No,No,Yes,Yes,Month-to-month,Yes,Mailed check,90.92,2573.08,Yes
CUST-03809,Male,0,No,No,12,Yes,Yes,Fiber optic,No,Yes,No,Yes,Yes,Yes,Month-to-month,Yes,Electronic check,108.75,1142.11,Yes
CUST-03810,Male,0,Yes,No,49,Yes,No,Fiber optic,Yes,Yes,No,No,No,Yes,One year,No,Bank transfer (automatic),90.55,3916.81,No
CUST-03811,Female,0,No,No,20,No,No phone service,DSL,No,No,Yes,Yes,No,Yes,Month-to-month,Yes,Bank transfer (automatic),57.36,1117.84,Yes
CUST-03812,Female,0,No,No,20,Yes,No,Fiber optic,Yes,No,No,No,No,No,One year,Yes,Electronic check,84.38,1554.8,No
CUST-03813,Male,0,Yes,No,23,Yes,No,No,No internet service,No internet service,No internet service,No internet service,No internet service,No internet service,One year,No,Mailed check,32.44,693.82,No
CUST-03814,Female,0,Yes,Yes,9,Yes,Yes,DSL,No,No,No,No,No,No,Month-to-month,Yes,Bank transfer (automatic),64.75,562.84,No
CUST-03815,Female,0,Yes,No,72,Yes,No,No,No internet service,No internet service,No internet service,No internet service,No internet service,No internet service,Month-to-month,Yes,Electronic check,37.9,2629.26,Yes
CUST-03816,Female,0,Yes,No,46,Yes,No,DSL,Yes,No,No,Yes,No,No,One year,No,Mailed check,74.42,3063.21,No
CUST-03817,Female,0,No,No,11,Yes,Yes,Fiber optic,Yes,No,Yes,No,Yes,No,Two year,Yes,Credit card (automatic),105.85,1090.9,No
CUST-03818,Male,0,No,No,72,Yes,Yes,Fiber optic,No,No,No,Yes,No,Yes,Month-to-month,No,Mailed check,96.81,6569.32,No
CUST-03819,Male,0,Yes,No,17,Yes,No,DSL,Yes,No,Yes,No,No,No,Month-to-month,Yes,Credit card (automatic),64.26,1020.34,Yes
CUST-03820,Male,1,No,No,20,Yes,No,Fiber optic,No,No,No,Yes,No,No,Month-to-month,Yes,Bank transfer (automatic),83.04,1519.25,Yes
CUST-03821,Female,0,Yes,Yes,17,Yes,Yes,No,No internet service,No internet service,No internet service,No internet service,No internet service,No internet service,Month-to-month,Yes,Electronic check,36.09,584.23,Yes
CUST-03822,Female,1,Yes,No,63,Yes,No,Fiber optic,No,Yes,Yes,No,No,No,Month-to-month,Yes,Electronic check,90.55,5244.74,No
CUST-03823,Male,0,Yes,No,56,Yes,No,DSL,No,Yes,No,No,No,No,Two year,No,Electronic check,69.53,3676.74,No
CUST-03824,Female,0,No,Yes,24,Yes,No,Fiber optic,No,Yes,Yes,No,Yes,Yes,Month-to-month,Yes,Electronic check,102.54,2308.68,Yes
CUST-03825,Male,0,No,No,25,Yes,No,DSL,Yes,No,No,No,Yes,Yes,Month-to-month,Yes,Electronic check,74.84,1785.57,Yes
CUST-03826,Male,0,No,No,45,Yes,Yes,DSL,No,Yes,No,No,Yes,Yes,Month-to-month,No,Electronic check,84.67,3351.62,Yes
CUST-03827,Female,0,No,No,44,Yes,No,Fiber optic,Yes,Yes,Yes,No,No,Yes,One year,Yes,Mailed check,100.66,4189.22,No
CUST-03828,Male,1,Yes,No,26,Yes,No,No,No internet service,No internet service,No internet service,No internet service,No internet service,No internet service,Month-to-month,Yes,Credit card (automatic),32.21,830.56,No
CUST-03829,Male,0,No,Yes,27,Yes,Yes,DSL,No,Yes,No,No,Yes,No,Month-to-month,Yes,Electronic check,79.15,2092.93,Yes
CUST-03830,Female,0,Yes,No,47,Yes,No,Fiber optic,Yes,No,No,Yes,No,No,Month-to-month,No,Credit card (automatic),92.04,3970.4,Yes
CUST-03831,Male,0,Yes,No,6,Yes,No,No,No internet service,No internet service,No internet service,No internet service,No internet service,No internet service,One year,No,Mailed check,30.02,171.5,No
CUST-03832,Female,0,No,Yes,35,Yes,Yes,DSL,No,No,No,Yes,No,No,Two year,Yes,Credit card (automatic),64.09,2069.92,No
CUST-03833,Male,0,Yes,No,34,Yes,No,Fiber optic,No,No,No,Yes,No,No,Month-to-month,Yes,Mailed check,85.27,2653.62,No
CUST-03834,Male,1,Yes,No,64,Yes,Yes,Fiber optic,No,No,No,No,No,Yes,Month-to-month,Yes,Electronic check,88.97,5388.06,Yes
CUST-03835,Female,0,Yes,Yes,38,Yes,Yes,No,No internet service,No internet service,No internet service,No internet service,No internet service,No internet service,Two year,No,Bank transfer (automatic),37.01,1310.22,No
CUST-03836,Male,0,Yes,No,40,Yes,No,DSL,No,No,Yes,No,No,No,One year,No,Credit card (automatic),62.13,2164.85,No
CUST-03837,Female,0,No,Yes,16,Yes,No,DSL,No,Yes,Yes,No,Yes,No,Two year,No,Credit card (automatic),74.99,1167.17,No
CUST-03838,Male,0,Yes,No,17,Yes,No,Fiber optic,Yes,No,No,No,Yes,No,Month-to-month,Yes,Credit card (automatic),90.17,1462.75,Yes
CUST-03839,Male,1,No,No,35,Yes,Yes,DSL,No,No,No,No,No,Yes,One year,Yes,Electronic check,68.0,2307.78,Yes
CUST-03840,Male,1,No,No,3,Yes,No,Fiber optic,No,Yes,No,No,No,No,Month-to-month,Yes,Mailed check,80.77,232.65,Yes
CUST-03841,Male,0,No,No,21,Yes,Yes,Fiber optic,No,No,No,No,No,No,Month-to-month,Yes,Credit card (automatic),77.24,1588.62,No
CUST-03842,Female,1,Yes,No,10,Yes,No,Fiber optic,No,No,Yes,Yes,No,No,Month-to-month,Yes,Credit card (automatic),90.14,862.68,Yes
CUST-03843,Male,0,No,No,17,Yes,No,Fiber optic,No,Yes,No,No,Yes,No,Month-to-month,Yes,Mailed check,93.31,1429.38,Yes
CUST-03844,Female,0,Yes,Yes,4,Yes,No,DSL,No,No,No,No,No,Yes,One year,Yes,Mailed check,65.09,234.35,No
CUST-03845,Male,0,Yes,Yes,11,Yes,No,DSL,No,No,Yes,Yes,Yes,No,Month-to-month,No,Mailed check,69.03,701.95,No
CUST-03846,Female,0,No,No,59,Yes,Yes,DSL,No,Yes,Yes,No,Yes,No,One year,Yes,Credit card (automatic),77.62,4163.56,No
CUST-03847,Male,0,Yes,No,10,Yes,No,Fiber optic,No,Yes,No,No,Yes,No,Month-to-month,No,Bank transfer (automatic),85.25,732.34,Yes
CUST-03848,Female,0,No,Yes,13,Yes,Yes,Fiber optic,No,No,No,No,Yes,No,Month-to-month,Yes,Electronic check,86.42,1015.06,Yes
CUST-03849,Male,0,Yes,No,18,Yes,Yes,DSL,No,No,Yes,Yes,No,Yes,One year,Yes,Mailed check,78.16,1377.54,Yes
CUST-03850,Female,1,No,No,41,Yes,Yes,DSL,No,Yes,No,Yes,No,Yes,Two year,Yes,Mailed check,78.52,2904.16,No
CUST-03851,Male,1,No,No,23,Yes,No,Fiber optic,No,Yes,No,Yes,No,No,Two year,No,Bank transfer (automatic),100.27,2186.57,Yes
CUST-03852,Female,0,No,No,6,Yes,No,DSL,Yes,No,No,Yes,Yes,No,Month-to-month,Yes,Credit card (automatic),72.96,398.44,No
CUST-03853,Female,0,Yes,No,4,Yes,No,Fiber optic,Yes,Yes,Yes,No,Yes,Yes,Month-to-month,No,Electronic check,97.62,367.27,Yes
CUST-03854,Female,0,Yes,No,21,Yes,No,Fiber optic,No,Yes,No,No,No,No,Month-to-month,Yes,Electronic check,89.01,1732.71,Yes
CUST-03855,Female,0,No,No,23,Yes,No,DSL,No,No,No,Yes,Yes,Yes,Month-to-month,No,Electronic check,76.0,1595.58,Yes
CUST-03856,Male,0,No,No,49,Yes,No,Fiber optic,No,No,Yes,No,Yes,Yes,Month-to-month,Yes,Electronic check,99.29,4639.23,No
CUST-03857,Female,0,Yes,No,11,Yes,No,DSL,No,No,No,No,Yes,Yes,One year,No,Electronic check,69.61,705.76,No
CUST-03858,Female,0,Yes,No,69,Yes,Yes,No,No internet service,No internet service,No internet service,No internet service,No internet service,No internet service,One year,Yes,Electronic check,44.98,2788.34,No
CUST-03859,Female,0,No,No,6,No,No phone service,Fiber optic,No,Yes,Yes,No,No,No,Two year,Yes,Credit card (automatic),75.7,425.19,No
CUST-03860,Female,0,No,No,6,Yes,No,DSL,Yes,No,No,No,Yes,Yes,One year,Yes,Credit card (automatic),79.79,474.72,No
CUST-03861,Male,0,No,No,20,Yes,No,Fiber optic,No,No,No,No,No,No,Month-to-month,Yes,Mailed check,83.13,1519.7,Yes
CUST-03862,Male,1,No,No,48,Yes,No,No,No internet service,No internet service,No internet service,No internet service,No internet service,No internet service,Two year,No,Electronic check,31.3,1406.62,No
CUST-03863,Female,0,Yes,No,31,Yes,No,Fiber optic,No,Yes,No,Yes,Yes,No,Month-to-month,No,Mailed check,96.36,2885.11,No
CUST-03864,Male,0,Yes,No,10,Yes,No,No,No internet service,No internet service,No internet service,No internet service,No internet service,No internet service,One year,Yes,Electronic check,38.22,359.41,Yes
CUST-03865,Male,0,No,No,72,Yes,Yes,Fiber optic,No,Yes,No,Yes,Yes,No,Month-to-month,Yes,Electronic check,103.71,6631.28,Yes
CUST-03866,Male,0,No,No,30,Yes,No,DSL,Yes,Yes,Yes,No,No,Yes,Month-to-month,Yes,Credit card (automatic),85.54,2301.0,No
CUST-03867,Male,0,Yes,Yes,32,Yes,No,DSL,No,No,No,No,Yes,Yes,One year,Yes,Bank transfer (automatic),80.88,2260.06,No
CUST-03868,Male,0,No,Yes,45,Yes,No,Fiber optic,No,No,No,No,No,No,One year,Yes,Bank transfer (automatic),76.78,3219.62,Yes
CUST-03869,Female,0,Yes,Yes,33,Yes,Yes,DSL,No,Yes,No,Yes,No,Yes,Month-to-month,Yes,Bank transfer (automatic),80.03,2355.79,No
CUST-03870,Male,0,Yes,Yes,18,Yes,Yes,Fiber optic,Yes,Yes,No,No,Yes,Yes,One year,No,Electronic check,100.0,1643.17,Yes
CUST-03871,Female,0,No,No,72,Yes,Yes,Fiber optic,No,No,No,No,No,No,Month-to-month,Yes,Credit card (automatic),80.24,5479.92,No
CUST-03872,Female,0,Yes,Yes,64,Yes,Yes,Fiber optic,No,Yes,No,No,Yes,Yes,One year,Yes,Credit card (automatic),98.27,5864.44,No
CUST-03873,Male,0,Yes,No,72,Yes,Yes,DSL,No,No,No,No,Yes,No,Two year,Yes,Bank transfer (automatic),72.04,4560.98,Yes
CUST-03874,Female,0,No,No,19,Yes,No,Fiber optic,No,Yes,No,No,No,Yes,Month-to-month,No,Mailed check,88.92,1577.46,Yes
CUST-03875,Male,0,Yes,Yes,72,Yes,Yes,DSL,No,Yes,Yes,No,No,Yes,Month-to-month,Yes,Credit card (automatic),78.92,5318.33,Yes
CUST-03876,Male,0,Yes,No,10,Yes,Yes,DSL,No,No,No,Yes,No,No,Month-to-month,Yes,Bank transfer (automatic),69.62,689.21,Yes
CUST-03877,Male,0,No,Yes,27,Yes,Yes,Fiber optic,Yes,No,No,No,Yes,No,Month-to-month,Yes,Credit card (automatic),93.39,2380.12,Yes
CUST-03878,Female,0,Yes,Yes,44,Yes,No,Fiber optic,Yes,No,Yes,No,No,Yes,Month-to-month,No,Mailed check,94.15,4020.61,Yes
CUST-03879,Female,0,No,No,8,Yes,No,DSL,No,No,No,No,No,Yes,Two year,Yes,Electronic check,57.85,465.08,No
CUST-03880,Female,0,Yes,No,72,Yes,Yes,Fiber optic,No,Yes,No,Yes,Yes,No,Two year,Yes,Electronic check,107.66,7612.47,No
CUST-03881,Male,0,Yes,Yes,18,Yes,Yes,Fiber optic,No,No,No,Yes,No,No,Month-to-month,No,Electronic check,89.37,1448.68,No
CUST-03882,Female,0,No,No,66,Yes,Yes,Fiber optic,No,No,No,No,No,Yes,One year,Yes,Electronic check,87.8,5400.47,No
CUST-03883,Male,0,Yes,No,9,Yes,No,Fiber optic,No,No,No,Yes,Yes,No,Month-to-month,Yes,Bank transfer (automatic),88.85,831.24,Yes
CUST-03884,Female,0,No,No,26,Yes,No,DSL,Yes,Yes,Yes,No,No,Yes,Two year,Yes,Mailed check,77.02,1821.46,No
CUST-03885,Female,1,No,No,15,Yes,No,Fiber optic,Yes,No,No,No,Yes,Yes,Month-to-month,No,Bank transfer (automatic),100.5,1412.67,Yes
CUST-03886,Female,1,No,No,15,No,No phone service,No,No internet service,No internet service,No internet service,No internet service,No internet service,No internet service,Month-to-month,Yes,Bank transfer (automatic),18.0,262.59,Yes
CUST-03887,Female,0,Yes,No,10,Yes,No,DSL,No,Yes,Yes,No,No,No,Month-to-month,No,Electronic check,70.43,671.63,Yes
CUST-03888,Female,0,Yes,Yes,9,Yes,No,No,No internet service,No internet service,No internet service,No internet service,No internet service,No internet service,One year,No,Electronic check,40.24,334.22,No
CUST-03889,Female,0,No,No,11,Yes,Yes,DSL,No,Yes,Yes,Yes,Yes,No,One year,No,Credit card (automatic),83.48,893.92,No
CUST-03890,Male,0,Yes,No,11,Yes,Yes,Fiber optic,Yes,Yes,No,No,No,Yes,Two year,No,Bank transfer (automatic),91.93,901.3,No
CUST-03891,Male,0,No,No,57,Yes,Yes,Fiber optic,No,Yes,No,No,No,No,Month-to-month,No,Bank transfer (automatic),89.88,4741.8,Yes
CUST-03892,Male,0,No,No,62,No,No phone service,Fiber optic,No,Yes,Yes,Yes,Yes,No,Two year,No,Electronic check,85.1,5043.15,No
CUST-03893,Female,0,Yes,No,8,Yes,Yes,DSL,Yes,No,No,No,Yes,No,Month-to-month,Yes,Electronic check,75.36,544.32,Yes
CUST-03894,Female,0,Yes,Yes,22,No,No phone service,DSL,No,No,No,Yes,No,Yes,One year,Yes,Electronic check,52.12,1129.91,Yes
CUST-03895,Male,0,No,No,56,Yes,Yes,Fiber optic,No,Yes,No,No,No,Yes,One year,Yes,Electronic check,97.1,5238.83,No
CUST-03896,Male,0,No,No,40,Yes,No,DSL,No,No,Yes,Yes,Yes,Yes,Month-to-month,Yes,Credit card (automatic),84.73,3337.13,No
CUST-03897,Male,1,Yes,No,20,Yes,No,Fiber optic,Yes,Yes,No,No,Yes,Yes,One year,Yes,Mailed check,98.34,1983.76,No
CUST-03898,Female,0,No,No,16,Yes,Yes,DSL,No,No,Yes,Yes,Yes,Yes,Month-to-month,Yes,Electronic check,87.92,1335.5,Yes
CUST-03899,Female,0,No,No,8,Yes,Yes,Fiber optic,No,No,No,No,No,Yes,Two year,No,Bank transfer (automatic),87.23,622.07,No
CUST-03900,Male,1,Yes,No,72,Yes,No,Fiber optic,No,No,No,No,Yes,No,Month-to-month,Yes,Bank transfer (automatic),93.94,6446.65,No
CUST-03901,Male,0,Yes,No,33,Yes,No,DSL,Yes,No,Yes,No,No,No,Month-to-month,Yes,Electronic check,74.71,2343.74,No
CUST-03902,Male,0,No,Yes,29,No,No phone service,No,No internet service,No internet service,No internet service,No internet service,No internet service,No internet service,One year,Yes,Electronic check,26.59,754.91,Yes
CUST-03903,Male,0,No,Yes,12,Yes,No,DSL,Yes,No,No,No,Yes,No,Two year,Yes,Mailed check,73.96,810.04,No
CUST-03904,Female,0,No,No,25,Yes,No,Fiber optic,Yes,Yes,Yes,Yes,No,Yes,Two year,No,Credit card (automatic),100.67,2251.71,No
CUST-03905,Male,0,Yes,No,56,Yes,No,DSL,No,No,No,No,Yes,No,One year,No,Mailed check,61.15,3179.77,No
CUST-03906,Male,0,No,No,7,Yes,No,Fiber optic,No,No,Yes,No,No,Yes,Two year,Yes,Bank transfer (automatic),93.03,644.61,Yes
CUST-03907,Male,0,No,No,12,Yes,Yes,Fiber optic,Yes,No,No,No,No,Yes,One year,Yes,Electronic check,94.55,1076.81,No
CUST-03908,Male,0,No,No,8,Yes,Yes,DSL,Yes,Yes,No,No,No,Yes,Month-to-month,Yes,Electronic check,84.53,630.55,No
CUST-03909,Female,1,Yes,Yes,67,Yes,No,Fiber optic,Yes,Yes,No,No,Yes,Yes,Month-to-month,Yes,Electronic check,100.12,6283.42,Yes
CUST-03910,Male,0,Yes,No,7,Yes,No,DSL,No,Yes,No,No,Yes,Yes,Month-to-month,Yes,Bank transfer (automatic),79.12,521.05,Yes
CUST-03911,Female,0,No,No,32,Yes,No,Fiber optic,No,Yes,No,Yes,Yes,Yes,Month-to-month,Yes,Mailed check,109.83,3444.26,Yes
CUST-03912,Male,0,Yes,Yes,8,No,No phone service,DSL,No,Yes,No,No,Yes,No,Month-to-month,Yes,Bank transfer (automatic),49.02,371.62,No
CUST-03913,Female,0,Yes,No,29,Yes,Yes,Fiber optic,Yes,Yes,No,Yes,No,Yes,One year,Yes,Credit card (automatic),99.72,2906.15,Yes
CUST-03914,Male,0,No,No,8,Yes,Yes,Fiber optic,Yes,Yes,No,No,Yes,Yes,Month-to-month,No,Electronic check,105.76,795.67,Yes
CUST-03915,Male,0,Yes,No,17,No,No phone service,Fiber optic,No,Yes,No,Yes,Yes,No,Month-to-month,Yes,Mailed check,80.24,1280.36,No
CUST-03916,Female,1,No,No,72,Yes,Yes,DSL,Yes,No,No,No,No,Yes,Two year,Yes,Electronic check,73.61,5149.76,Yes
CUST-03917,Female,0,No,No,36,No,No phone service,No,No internet service,No internet service,No internet service,No internet service,No internet service,No internet service,Two year,No,Electronic check,19.72,668.34,Yes
CUST-03918,Male,0,No,Yes,28,No,No phone service,Fiber optic,No,Yes,Yes,No,No,No,Month-to-month,No,Electronic check,73.47,2116.71,Yes
CUST-03919,Female,0,Yes,Yes,34,Yes,Yes,Fiber optic,No,No,Yes,No,No,No,Month-to-month,Yes,Bank transfer (automatic),86.88,2713.58,Yes
CUST-03920,Male,0,No,Yes,72,Yes,Yes,DSL,No,No,No,No,Yes,No,Month-to-month,No,Bank transfer (automatic),71.7,4800.72,No
CUST-03921,Male,0,No,Yes,29,Yes,Yes,Fiber optic,Yes,Yes,Yes,No,Yes,No,Month-to-month,Yes,Credit card (automatic),110.55,2820.85,No
CUST-03922,Male,0,No,Yes,54,Yes,No,Fiber optic,Yes,Yes,No,No,Yes,No,One year,Yes,Electronic check,96.45,5133.02,No
CUST-03923,Female,0,Yes,No,55,Yes,Yes,Fiber optic,No,No,No,No,No,Yes,Month-to-month,No,Credit card (automatic),99.06,5481.31,No
CUST-03924,Female,0,Yes,Yes,50,Yes,Yes,Fiber optic,No,No,Yes,Yes,No,Yes,One year,Yes,Bank transfer (automatic),99.98,4763.54,Yes
CUST-03925,Male,0,No,No,72,Yes,No,DSL,No,Yes,No,No,Yes,No,Two year,Yes,Electronic check,65.96,4711.46,Yes
CUST-03926,Male,0,Yes,Yes,41,Yes,No,DSL,Yes,No,No,No,Yes,No,Month-to-month,No,Electronic check,71.19,2597.11,Yes
CUST-03927,Male,0,No,Yes,52,Yes,No,Fiber optic,No,Yes,No,No,No,Yes,Month-to-month,Yes,Credit card (automatic),82.05,4134.25,No
CUST-03928,Female,1,Yes,No,17,Yes,No,Fiber optic,No,No,No,No,Yes,No,Two year,Yes,Bank transfer (automatic),93.4,1525.56,No
CUST-03929,Male,0,Yes,No,26,Yes,No,Fiber optic,No,No,No,No,No,Yes,Month-to-month,No,Mailed check,92.01,2417.02,Yes
CUST-03930,Male,1,No,Yes,25,Yes,No,No,No internet service,No internet service,No internet service,No internet service,No internet service,No internet service,Month-to-month,Yes,Mailed check,38.98,939.11,No
CUST-03931,Male,0,No,No,12,Yes,Yes,DSL,No,No,No,Yes,No,Yes,Two year,No,Credit card (automatic),65.6,757.95,No
CUST-03932,Female,0,No,No,13,Yes,Yes,No,No internet service,No internet service,No internet service,No internet service,No internet service,No internet service,Month-to-month,Yes,Bank transfer (automatic),37.11,448.63,Yes
CUST-03933,Male,0,Yes,No,25,Yes,No,No,No internet service,No internet service,No internet service,No internet service,No internet service,No internet service,One year,Yes,Electronic check,32.84,800.77,No
CUST-03934,Male,0,No,No,30,Yes,Yes,DSL,No,Yes,No,Yes,No,Yes,Month-to-month,No,Bank transfer (automatic),81.89,2197.4,Yes
CUST-03935,Female,0,No,No,72,Yes,Yes,No,No internet service,No internet service,No internet service,No internet service,No internet service,No internet service,Two year,Yes,Electronic check,42.04,2808.1,No
CUST-03936,Male,0,Yes,No,12,Yes,Yes,Fiber optic,Yes,Yes,No,No,No,Yes,One year,No,Electronic check,106.27,1188.89,Yes
CUST-03937,Male,1,Yes,Yes,11,Yes,No,Fiber optic,No,No,Yes,No,Yes,No,Month-to-month,Yes,Bank transfer (automatic),97.32,935.23,Yes
CUST-03938,Female,0,Yes,No,7,Yes,No,DSL,No,No,No,Yes,No,No,Month-to-month,Yes,Credit card (automatic),67.88,457.44,No
CUST-03939,Male,0,No,No,45,Yes,Yes,Fiber optic,No,Yes,Yes,No,Yes,No,Month-to-month,No,Credit card (automatic),100.87,4024.33,Yes
CUST-03940,Male,0,Yes,No,72,Yes,Yes,DSL,Yes,No,No,Yes,No,No,Two year,Yes,Credit card (automatic),75.81,5351.9,Yes
CUST-03941,Male,0,No,No,24,No,No phone service,No,No internet service,No internet service,No internet service,No internet service,No internet service,No internet service,Month-to-month,Yes,Electronic check,21.28,462.43,Yes
CUST-03942,Female,0,Yes,Yes,32,Yes,Yes,No,No internet service,No internet service,No internet service,No internet service,No internet service,No internet service,One year,No,Mailed check,33.63,1009.31,No
CUST-03943,Male,0,No,No,24,Yes,Yes,DSL,No,No,Yes,No,No,Yes,Month-to-month,Yes,Credit card (automatic),75.24,1749.43,Yes
CUST-03944,Male,0,No,Yes,42,Yes,Yes,DSL,No,No,Yes,No,No,No,Month-to-month,No,Mailed check,77.84,3323.42,Yes
CUST-03945,Female,0,No,No,10,Yes,No,DSL,No,No,No,No,Yes,Yes,Month-to-month,No,Mailed check,73.0,673.19,Yes
CUST-03946,Male,0,Yes,No,36,No,No phone service,Fiber optic,Yes,Yes,Yes,No,No,Yes,Month-to-month,Yes,Electronic check,90.79,2998.98,Yes
CUST-03947,Female,0,Yes,No,24,No,No phone service,Fiber optic,No,No,Yes,Yes,Yes,No,Month-to-month,No,Electronic check,81.84,1922.67,Yes
CUST-03948,Female,0,No,No,47,Yes,Yes,DSL,No,No,Yes,No,Yes,Yes,Month-to-month,Yes,Credit card (automatic),85.97,3834.26,No
CUST-03949,Male,0,Yes,No,45,Yes,No,Fiber optic,Yes,Yes,No,Yes,Yes,Yes,One year,No,Electronic check,108.85,4712.81,No
CUST-03950,Female,1,No,Yes,33,Yes,Yes,DSL,Yes,No,No,Yes,No,No,One year,Yes,Bank transfer (automatic),84.44,2659.8,No
CUST-03951,Female,0,Yes,No,21,Yes,Yes,Fiber optic,No,Yes,No,No,Yes,No,Month-to-month,Yes,Mailed check,94.11,1855.88,No
CUST-03952,Female,1,Yes,No,12,Yes,Yes,DSL,No,Yes,Yes,No,No,Yes,Month-to-month,Yes,Electronic check,78.21,876.18,No
CUST-03953,Male,0,Yes,No,45,Yes,No,DSL,No,No,No,Yes,No,Yes,Month-to-month,Yes,Electronic check,62.19,2798.02,Yes
CUST-03954,Female,0,No,No,27,No,No phone service,Fiber optic,Yes,Yes,No,Yes,No,Yes,Month-to-month,No,Electronic check,85.89,2075.23,Yes
CUST-03955,Male,0,No,No,27,Yes,Yes,DSL,Yes,Yes,Yes,No,No,No,Month-to-month,No,Electronic check,85.64,2059.09,No
CUST-03956,Male,0,Yes,No,19,Yes,No,DSL,Yes,No,No,No,Yes,No,One year,Yes,Credit card (automatic),75.66,1305.65,No
CUST-03957,Male,0,Yes,No,68,Yes,Yes,DSL,No,No,No,No,No,Yes,One year,No,Electronic check,70.7,4814.03,No
CUST-03958,Male,0,Yes,Yes,70,Yes,No,Fiber optic,Yes,Yes,No,No,No,No,Month-to-month,No,Credit card (automatic),96.19,6820.59,Yes
CUST-03959,Female,0,No,No,20,Yes,No,Fiber optic,No,No,No,No,Yes,Yes,Month-to-month,No,Mailed check,91.38,1778.81,No
CUST-03960,Female,1,No,Yes,14,Yes,Yes,No,No internet service,No internet service,No internet service,No internet service,No internet service,No internet service,Two year,No,Mailed check,33.79,414.5,No
CUST-03961,Male,0,Yes,Yes,21,Yes,Yes,DSL,Yes,Yes,No,No,No,No,One year,Yes,Mailed check,80.07,1621.94,No
CUST-03962,Male,0,No,No,15,Yes,No,Fiber optic,No,No,Yes,No,Yes,Yes,Month-to-month,No,Electronic check,92.87,1307.29,Yes
CUST-03963,Male,0,No,No,36,Yes,Yes,DSL,No,Yes,Yes,No,No,No,Month-to-month,No,Electronic check,74.04,2421.47,Yes
CUST-03964,Female,0,No,No,26,Yes,Yes,Fiber optic,Yes,No,No,No,No,No,Two year,Yes,Bank transfer (automatic),96.41,2487.27,No
CUST-03965,Female,0,Yes,No,43,No,No phone service,No,No internet service,No internet service,No internet service,No internet service,No internet service,No internet service,Month-to-month,No,Bank transfer (automatic),23.92,1019.01,Yes
CUST-03966,Male,0,No,No,20,Yes,No,Fiber optic,No,No,No,No,Yes,No,Month-to-month,No,Bank transfer (automatic),86.42,1588.54,Yes
CUST-03967,Male,0,No,Yes,72,Yes,No,DSL,Yes,No,No,No,No,Yes,Two year,Yes,Electronic check,66.69,4692.11,Yes
CUST-03968,Female,0,Yes,No,7,Yes,No,Fiber optic,No,No,Yes,Yes,Yes,Yes,Month-to-month,Yes,Electronic check,96.13,619.91,Yes
CUST-03969,Male,0,Yes,No,26,Yes,Yes,Fiber optic,No,No,No,No,No,Yes,Month-to-month,Yes,Electronic check,92.71,2277.32,Yes
CUST-03970,Male,0,Yes,Yes,72,Yes,Yes,DSL,No,No,Yes,No,No,Yes,Two year,Yes,Credit card (automatic),77.24,4973.05,No
CUST-03971,Female,0,Yes,No,44,Yes,Yes,Fiber optic,No,Yes,No,No,No,Yes,Month-to-month,Yes,Mailed check,94.52,3803.55,Yes
CUST-03972,Male,0,Yes,Yes,23,Yes,Yes,Fiber optic,No,No,Yes,Yes,Yes,No,Month-to-month,Yes,Mailed check,103.89,2129.75,No
CUST-03973,Female,0,No,No,34,Yes,No,DSL,No,No,Yes,No,Yes,Yes,Two year,No,Electronic check,76.16,2397.31,Yes
CUST-03974,Female,1,No,No,9,Yes,No,Fiber optic,No,Yes,Yes,No,No,No,Two year,Yes,Bank transfer (automatic),87.64,694.55,Yes
CUST-03975,Female,0,Yes,No,27,Yes,Yes,No,No internet service,No internet service,No internet service,No internet service,No internet service,No internet service,Month-to-month,Yes,Electronic check,34.22,957.04,Yes
CUST-03976,Male,0,Yes,Yes,9,Yes,No,DSL,No,No,No,No,Yes,Yes,One year,Yes,Electronic check,69.8,578.63,No
CUST-03977,Male,0,No,No,5,Yes,Yes,Fiber optic,No,No,Yes,No,Yes,Yes,Month-to-month,No,Electronic check,99.91,476.34,No
CUST-03978,Male,0,No,Yes,65,Yes,No,Fiber optic,No,Yes,Yes,No,No,No,One year,Yes,Credit card (automatic),88.48,5524.42,Yes
CUST-03979,Male,0,Yes,Yes,16,Yes,Yes,DSL,No,No,Yes,No,No,No,One year,Yes,Bank transfer (automatic),70.12,993.84,No
CUST-03980,Female,0,No,No,8,Yes,Yes,Fiber optic,Yes,No,No,Yes,No,Yes,Month-to-month,No,Bank transfer (automatic),101.53,779.33,Yes
CUST-03981,Female,1,Yes,No,20,Yes,Yes,Fiber optic,No,Yes,Yes,No,No,Yes,Two year,No,Credit card (automatic),99.09,1815.39,No
CUST-03982,Female,1,Yes,No,42,Yes,Yes,No,No internet service,No internet service,No internet service,No internet service,No internet service,No internet service,Month-to-month,Yes,Bank transfer (automatic),41.85,1667.64,Yes
CUST-03983,Male,0,No,No,9,Yes,No,DSL,No,No,Yes,No,No,Yes,Month-to-month,No,Electronic check,68.53,579.35,Yes
CUST-03984,Male,0,No,No,18,Yes,No,Fiber optic,No,Yes,No,No,No,Yes,Month-to-month,Yes,Bank transfer (automatic),91.47,1532.26,No
CUST-03985,Male,0,Yes,No,45,Yes,No,Fiber optic,No,No,No,No,Yes,Yes,One year,Yes,Electronic check,86.11,3541.2,No
CUST-03986,Female,0,No,No,28,Yes,No,DSL,No,No,Yes,Yes,Yes,No,Month-to-month,Yes,Mailed check,73.27,2022.49,Yes
CUST-03987,Female,0,No,No,66,Yes,Yes,DSL,No,No,No,Yes,No,Yes,One year,No,Electronic check,78.41,5135.29,No
CUST-03988,Female,0,Yes,Yes,46,Yes,Yes,Fiber optic,No,No,No,No,No,No,One year,No,Electronic check,78.94,3495.29,No
CUST-03989,Female,0,No,Yes,38,Yes,Yes,DSL,Yes,No,No,No,No,No,Month-to-month,No,Bank transfer (automatic),76.25,2764.36,Yes
CUST-03990,Female,0,Yes,Yes,45,Yes,Yes,No,No internet service,No internet service,No internet service,No internet service,No internet service,No internet service,Month-to-month,No,Bank transfer (automatic),41.59,1700.53,No
CUST-03991,Male,0,Yes,No,7,Yes,Yes,Fiber optic,No,Yes,Yes,No,No,Yes,Month-to-month,No,Bank transfer (automatic),101.69,681.43,Yes
CUST-03992,Male,0,Yes,No,25,Yes,No,DSL,Yes,Yes,No,No,Yes,No,Month-to-month,Yes,Electronic check,77.83,1802.29,Yes
CUST-03993,Female,1,Yes,No,72,Yes,No,No,No internet service,No internet service,No internet service,No internet service,No internet service,No internet service,Month-to-month,No,Electronic check,27.58,1743.95,Yes
CUST-03994,Female,0,Yes,No,19,Yes,Yes,DSL,No,No,Yes,No,Yes,No,Month-to-month,Yes,Credit card (automatic),77.61,1360.26,Yes
CUST-03995,Male,0,No,No,26,No,No phone service,No,No internet service,No internet service,No internet service,No internet service,No internet service,No internet service,Two year,No,Credit card (automatic),18.0,437.49,No
CUST-03996,Female,1,Yes,No,16,Yes,No,Fiber optic,Yes,Yes,No,No,Yes,Yes,Two year,Yes,Credit card (automatic),105.16,1639.02,No
CUST-03997,Female,0,No,No,16,Yes,No,DSL,No,No,Yes,No,Yes,Yes,One year,Yes,Credit card (automatic),71.38,1082.19,No
CUST-03998,Male,0,Yes,No,50,Yes,Yes,Fiber optic,Yes,Yes,No,Yes,Yes,No,Month-to-month,Yes,Electronic check,110.64,5176.88,Yes
CUST-03999,Male,1,No,No,72,Yes,Yes,Fiber optic,No,Yes,No,No,No,Yes,Month-to-month,No,Credit card (automatic),91.62,6178.18,Yes
CUST-04000,Male,0,No,No,72,Yes,No,DSL,No,No,No,No,Yes,Yes,Month-to-month,No,Electronic check,70.2,4920.76,Yes
CUST-04001,Female,0,Yes,Yes,4,Yes,No,DSL,No,No,No,No,Yes,Yes,Two year,Yes,Electronic check,70.38,254.83,No
CUST-04002,Male,1,No,No,24,Yes,No,Fiber optic,No,Yes,No,No,No,No,Month-to-month,No,Electronic check,84.73,1922.42,Yes
CUST-04003,Female,0,No,No,19,Yes,No,Fiber optic,No,No,No,No,Yes,Yes,One year,No,Credit card (automatic),92.63,1725.61,No
CUST-04004,Female,0,Yes,Yes,10,Yes,No,DSL,No,Yes,No,Yes,Yes,Yes,Month-to-month,No,Electronic check,76.24,719.97,Yes
CUST-04005,Male,1,Yes,No,51,Yes,No,No,No internet service,No internet service,No internet service,No internet service,No internet service,No internet service,Month-to-month,Yes,Electronic check,24.71,1177.1,Yes
CUST-04006,Male,0,No,No,20,Yes,Yes,DSL,No,No,No,No,Yes,No,One year,Yes,Mailed check,67.29,1256.72,No
CUST-04007,Female,0,No,Yes,11,Yes,Yes,Fiber optic,Yes,No,No,No,Yes,No,Month-to-month,Yes,Credit card (automatic),100.79,969.62,No
CUST-04008,Male,0,Yes,No,34,Yes,No,Fiber optic,No,No,Yes,Yes,No,Yes,One year,No,Bank transfer (automatic),93.76,3018.46,No
CUST-04009,Female,0,No,No,9,Yes,Yes,No,No internet service,No internet service,No internet service,No internet service,No internet service,No internet service,Two year,Yes,Electronic check,36.15,291.83,No
CUST-04010,Female,0,Yes,No,59,Yes,Yes,DSL,No,Yes,No,Yes,No,Yes,Month-to-month,Yes,Electronic check,89.64,4990.14,Yes
CUST-04011,Female,0,Yes,Yes,62,No,No phone service,DSL,No,No,Yes,Yes,Yes,Yes,Two year,Yes,Electronic check,61.27,3495.23,No
CUST-04012,Male,1,No,Yes,44,Yes,Yes,DSL,No,No,Yes,No,No,Yes,Month-to-month,Yes,Bank transfer (automatic),80.15,3558.65,Yes
CUST-04013,Male,0,No,No,37,No,No phone service,Fiber optic,No,No,Yes,No,Yes,No,Month-to-month,Yes,Credit card (automatic),70.4,2420.88,No
CUST-04014,Female,0,Yes,No,24,Yes,Yes,Fiber optic,No,Yes,No,No,No,No,Two year,Yes,Electronic check,85.77,1776.62,No
CUST-04015,Female,0,Yes,Yes,33,Yes,Yes,Fiber optic,No,No,Yes,No,No,No,One year,Yes,Electronic check,94.38,2920.45,No
CUST-04016,Female,1,Yes,No,24,Yes,No,DSL,No,No,No,No,Yes,No,One year,Yes,Bank transfer (automatic),67.4,1441.42,Yes
CUST-04017,Female,0,No,No,7,Yes,No,DSL,No,Yes,No,No,No,No,Month-to-month,Yes,Mailed check,60.76,406.04,Yes
CUST-04018,Female,0,Yes,Yes,43,Yes,Yes,DSL,Yes,Yes,No,Yes,No,Yes,Month-to-month,Yes,Bank transfer (automatic),77.72,3247.5,Yes
CUST-04019,Female,0,Yes,Yes,68,Yes,Yes,No,No internet service,No internet service,No internet service,No internet service,No internet service,No internet service,One year,Yes,Credit card (automatic),38.36,2364.86,No
CUST-04020,Male,0,Yes,Yes,16,Yes,Yes,Fiber optic,No,No,Yes,No,No,No,Month-to-month,No,Bank transfer (automatic),89.74,1365.98,Yes
CUST-04021,Female,1,No,No,48,Yes,No,DSL,Yes,Yes,No,Yes,No,No,Month-to-month,Yes,Mailed check,84.17,3833.05,No
CUST-04022,Female,1,Yes,No,26,Yes,Yes,No,No internet service,No internet service,No internet service,No internet service,No internet service,No internet service,Month-to-month,Yes,Credit card (automatic),33.4,784.53,No
CUST-04023,Male,0,No,No,17,No,No phone service,Fiber optic,No,Yes,No,Yes,No,Yes,Month-to-month,Yes,Electronic check,79.41,1245.98,Yes
CUST-04024,Female,0,Yes,No,3,Yes,No,Fiber optic,Yes,No,Yes,No,Yes,No,Month-to-month,Yes,Bank transfer (automatic),95.0,281.87,Yes
CUST-04025,Female,0,Yes,No,44,No,No phone service,No,No internet service,No internet service,No internet service,No internet service,No internet service,No internet service,One year,Yes,Mailed check,18.0,739.87,No
CUST-04026,Female,0,Yes,No,38,Yes,No,Fiber optic,No,No,Yes,No,No,No,One year,No,Mailed check,81.68,2881.67,No
CUST-04027,Female,0,Yes,Yes,11,Yes,No,DSL,No,No,Yes,No,Yes,No,Month-to-month,Yes,Bank transfer (automatic),67.71,704.47,Yes
CUST-04028,Female,0,Yes,Yes,21,Yes,No,Fiber optic,Yes,No,Yes,No,Yes,Yes,One year,Yes,Electronic check,100.23,1955.72,Yes
CUST-04029,Male,0,Yes,Yes,26,Yes,No,Fiber optic,No,Yes,No,Yes,No,Yes,Two year,Yes,Electronic check,96.86,2353.41,No
CUST-04030,Female,1,Yes,No,34,Yes,Yes,No,No internet service,No internet service,No internet service,No internet service,No internet service,No internet service,Two year,Yes,Mailed check,43.01,1398.79,No
CUST-04031,Male,0,Yes,No,55,Yes,No,Fiber optic,Yes,No,No,No,Yes,No,Month-to-month,Yes,Credit card (automatic),91.38,4752.62,Yes
CUST-04032,Male,0,Yes,No,23,No,No phone service,Fiber optic,Yes,No,Yes,Yes,No,Yes,One year,No,Bank transfer (automatic),83.51,1984.46,No
CUST-04033,Female,0,Yes,No,6,No,No phone service,Fiber optic,Yes,No,Yes,No,Yes,Yes,Month-to-month,Yes,Credit card (automatic),90.99,544.59,No
CUST-04034,Female,0,Yes,No,27,Yes,Yes,Fiber optic,No,Yes,No,No,Yes,Yes,One year,Yes,Mailed check,102.86,2616.07,No
CUST-04035,Female,0,Yes,No,19,Yes,No,Fiber optic,Yes,Yes,No,No,No,No,Month-to-month,Yes,Mailed check,91.26,1647.85,Yes
CUST-04036,Female,0,No,No,14,Yes,Yes,DSL,No,No,No,Yes,No,No,Month-to-month,No,Bank transfer (automatic),66.87,844.45,Yes
CUST-04037,Male,0,No,No,49,Yes,Yes,Fiber optic,No,No,No,No,Yes,No,One year,No,Credit card (automatic),95.81,4313.47,Yes
CUST-04038,Male,0,No,No,12,Yes,Yes,Fiber optic,Yes,No,Yes,No,Yes,No,One year,Yes,Electronic check,101.83,1148.27,No
CUST-04039,Female,1,Yes,No,8,Yes,Yes,Fiber optic,No,Yes,Yes,No,No,Yes,One year,Yes,Electronic check,105.44,823.64,Yes
CUST-04040,Female,1,No,Yes,18,Yes,Yes,DSL,No,Yes,No,No,Yes,No,One year,Yes,Electronic check,74.23,1273.03,No
CUST-04041,Female,0,No,Yes,26,Yes,No,Fiber optic,No,No,No,Yes,Yes,Yes,Month-to-month,Yes,Electronic check,92.11,2272.34,Yes
CUST-04042,Male,0,Yes,Yes,28,No,No phone service,No,No internet service,No internet service,No internet service,No internet service,No internet service,No internet service,Two year,Yes,Electronic check,18.0,467.36,No
CUST-04043,Male,0,Yes,No,60,Yes,No,No,No internet service,No internet service,No internet service,No internet service,No internet service,No internet service,Month-to-month,Yes,Credit card (automatic),33.44,1798.83,No
CUST-04044,Female,0,No,No,15,Yes,No,Fiber optic,No,Yes,No,No,No,Yes,Month-to-month,Yes,Credit card (automatic),85.5,1174.76,Yes
CUST-04045,Female,1,No,Yes,44,Yes,Yes,Fiber optic,Yes,No,No,No,Yes,Yes,Two year,Yes,Bank transfer (automatic),97.0,3930.36,No
CUST-04046,Female,1,No,No,18,Yes,Yes,DSL,Yes,No,No,No,No,No,One year,Yes,Bank transfer (automatic),74.42,1287.11,No
CUST-04047,Female,0,No,Yes,4,Yes,No,Fiber optic,Yes,No,Yes,No,Yes,No,Month-to-month,Yes,Electronic check,97.73,388.74,Yes
CUST-04048,Female,0,No,No,56,Yes,No,DSL,Yes,Yes,No,No,Yes,No,Month-to-month,Yes,Electronic check,71.55,3647.01,Yes
CUST-04049,Female,0,No,No,7,Yes,No,No,No internet service,No internet service,No internet service,No internet service,No internet service,No internet service,Month-to-month,Yes,Electronic check,20.77,137.43,Yes
CUST-04050,Female,0,Yes,No,31,Yes,Yes,DSL,No,Yes,Yes,No,No,Yes,Month-to-month,Yes,Electronic check,76.03,2360.21,Yes
CUST-04051,Female,1,Yes,No,8,Yes,Yes,Fiber optic,Yes,No,Yes,No,Yes,Yes,Two year,Yes,Bank transfer (automatic),116.52,870.66,No
CUST-04052,Female,0,No,No,36,Yes,Yes,Fiber optic,No,Yes,Yes,Yes,Yes,No,One year,Yes,Electronic check,107.53,3756.82,No
CUST-04053,Male,0,Yes,No,9,Yes,No,Fiber optic,No,Yes,Yes,No,Yes,No,One year,Yes,Credit card (automatic),92.23,741.94,Yes
CUST-04054,Male,0,Yes,No,5,Yes,No,Fiber optic,No,No,Yes,Yes,No,No,Two year,No,Mailed check,93.49,472.82,Yes
CUST-04055,Female,0,Yes,Yes,22,Yes,No,DSL,No,No,Yes,No,Yes,Yes,One year,No,Electronic check,72.33,1459.6,No
CUST-04056,Female,0,Yes,No,3,Yes,No,DSL,Yes,No,No,No,No,No,One year,Yes,Credit card (automatic),59.96,164.06,No
CUST-04057,Male,1,Yes,No,23,Yes,No,DSL,No,No,No,Yes,Yes,No,Month-to-month,Yes,Credit card (automatic),71.04,1638.85,No
CUST-04058,Male,0,No,No,44,Yes,No,DSL,No,Yes,Yes,No,Yes,Yes,One year,No,Electronic check,81.41,3485.25,No
CUST-04059,Female,0,Yes,Yes,72,No,No phone service,Fiber optic,No,Yes,Yes,No,Yes,Yes,One year,Yes,Credit card (automatic),79.92,5246.77,No
CUST-04060,Male,0,No,Yes,30,Yes,Yes,DSL,No,Yes,No,No,No,No,Month-to-month,Yes,Electronic check,69.01,1978.86,Yes
CUST-04061,Female,0,Yes,No,25,Yes,Yes,DSL,No,Yes,Yes,No,No,No,Month-to-month,No,Electronic check,71.17,1708.48,Yes
CUST-04062,Female,0,No,No,57,Yes,No,DSL,No,No,Yes,No,No,Yes,Month-to-month,No,Electronic check,71.42,3657.56,Yes
CUST-04063,Male,0,No,Yes,9,No,No phone service,DSL,No,No,No,No,Yes,No,Month-to-month,Yes,Bank transfer (automatic),48.78,395.97,No
CUST-04064,Male,0,No,No,13,Yes,Yes,Fiber optic,No,No,No,No,Yes,No,Two year,Yes,Electronic check,95.17,1204.55,Yes
CUST-04065,Male,0,Yes,Yes,43,Yes,No,DSL,No,Yes,No,Yes,Yes,No,Month-to-month,No,Electronic check,69.96,2897.45,No
CUST-04066,Female,0,Yes,No,17,No,No phone service,No,No internet service,No internet service,No internet service,No internet service,No internet service,No internet service,One year,Yes,Electronic check,19.36,296.36,Yes
CUST-04067,Male,0,No,No,20,Yes,No,DSL,No,No,No,No,No,No,One year,Yes,Electronic check,56.17,1051.97,No
CUST-04068,Female,1,No,No,27,Yes,No,Fiber optic,Yes,No,Yes,No,Yes,Yes,Month-to-month,Yes,Electronic check,104.21,2717.03,No
CUST-04069,Male,0,Yes,No,10,Yes,No,Fiber optic,No,No,No,No,No,No,Month-to-month,Yes,Credit card (automatic),69.08,653.18,Yes
CUST-04070,Female,0,No,No,6,Yes,No,No,No internet service,No internet service,No internet service,No internet service,No internet service,No internet service,Month-to-month,No,Mailed check,38.43,214.24,Yes
CUST-04071,Female,0,No,No,12,Yes,Yes,DSL,No,Yes,Yes,Yes,Yes,Yes,Month-to-month,No,Bank transfer (automatic),96.51,1057.91,Yes
CUST-04072,Male,0,Yes,No,19,Yes,No,Fiber optic,No,Yes,No,Yes,Yes,No,Month-to-month,No,Bank transfer (automatic),96.24,1751.73,Yes
CUST-04073,Male,0,No,Yes,36,Yes,Yes,DSL,Yes,Yes,Yes,Yes,No,Yes,Month-to-month,No,Mailed check,99.66,3362.63,Yes
CUST-04074,Male,0,Yes,No,25,Yes,No,Fiber optic,Yes,No,No,No,No,No,Month-to-month,No,Credit card (automatic),82.27,1925.51,No
CUST-04075,Female,0,Yes,Yes,42,Yes,Yes,No,No internet service,No internet service,No internet service,No internet service,No internet service,No internet service,Month-to-month,Yes,Bank transfer (automatic),45.29,1795.38,No
CUST-04076,Female,0,No,No,25,Yes,Yes,Fiber optic,No,Yes,No,No,Yes,No,Month-to-month,Yes,Credit card (automatic),99.15,2408.96,Yes
CUST-04077,Male,0,No,No,47,No,No phone service,Fiber optic,No,No,No,No,Yes,No,Month-to-month,Yes,Bank transfer (automatic),68.62,2808.31,Yes
CUST-04078,Male,1,No,Yes,20,Yes,No,Fiber optic,No,Yes,Yes,No,Yes,Yes,Two year,Yes,Electronic check,108.18,1995.26,Yes
CUST-04079,Female,0,No,No,3,No,No phone service,Fiber optic,No,No,No,No,No,Yes,Two year,Yes,Electronic check,71.07,202.9,No
CUST-04080,Male,1,No,No,15,No,No phone service,DSL,No,No,No,No,Yes,No,One year,No,Mailed check,48.2,684.65,Yes
CUST-04081,Male,0,Yes,No,28,Yes,Yes,DSL,No,Yes,Yes,No,No,No,Month-to-month,Yes,Credit card (automatic),79.76,2252.69,Yes
CUST-04082,Female,1,Yes,Yes,39,Yes,No,DSL,Yes,Yes,No,No,No,No,Month-to-month,No,Credit card (automatic),68.32,2535.97,Yes
CUST-04083,Male,0,Yes,No,16,Yes,No,Fiber optic,No,No,No,Yes,Yes,Yes,Two year,Yes,Mailed check,90.53,1425.47,No
CUST-04084,Male,0,No,No,30,Yes,No,DSL,No,No,No,No,No,No,Two year,Yes,Electronic check,60.63,1763.42,Yes
CUST-04085,Male,0,Yes,No,18,Yes,No,DSL,Yes,Yes,No,Yes,No,No,One year,Yes,Electronic check,76.86,1355.28,No
CUST-04086,Male,0,No,No,13,Yes,No,DSL,No,Yes,No,No,Yes,No,Month-to-month,Yes,Mailed check,70.36,853.7,Yes
CUST-04087,Female,0,Yes,No,39,No,No phone service,DSL,No,Yes,No,No,Yes,No,Month-to-month,Yes,Electronic check,54.85,1927.8,Yes
CUST-04088,Male,0,Yes,No,34,Yes,No,Fiber optic,Yes,No,Yes,Yes,Yes,Yes,Two year,Yes,Electronic check,104.23,3574.17,No
CUST-04089,Male,0,No,No,72,Yes,Yes,No,No internet service,No internet service,No internet service,No internet service,No internet service,No internet service,Two year,No,Credit card (automatic),35.38,2401.89,No
CUST-04090,Male,0,No,No,16,Yes,No,Fiber optic,No,No,No,Yes,No,No,One year,No,Bank transfer (automatic),89.19,1333.23,No
CUST-04091,Male,0,Yes,No,61,Yes,Yes,DSL,Yes,Yes,No,No,Yes,Yes,Month-to-month,No,Credit card (automatic),87.74,4836.38,No
CUST-04092,Female,0,No,Yes,7,Yes,Yes,Fiber optic,No,No,Yes,No,No,No,Month-to-month,Yes,Electronic check,90.9,613.09,Yes
CUST-04093,Female,1,No,No,61,Yes,Yes,Fiber optic,Yes,No,Yes,Yes,No,Yes,Month-to-month,Yes,Bank transfer (automatic),100.71,5188.96,Yes
CUST-04094,Female,0,No,No,26,No,No phone service,Fiber optic,No,No,Yes,No,No,No,Month-to-month,Yes,Mailed check,73.03,1679.53,Yes
CUST-04095,Male,0,Yes,Yes,19,Yes,No,No,No internet service,No internet service,No internet service,No internet service,No internet service,No internet service,Month-to-month,No,Bank transfer (automatic),29.95,501.0,No
CUST-04096,Male,0,No,No,34,Yes,No,DSL,Yes,No,No,No,Yes,Yes,Two year,Yes,Credit card (automatic),73.2,2236.19,No
CUST-04097,Male,0,Yes,No,36,Yes,No,Fiber optic,No,No,No,Yes,No,Yes,Month-to-month,No,Electronic check,92.61,3095.34,Yes
CUST-04098,Female,0,Yes,No,56,Yes,No,No,No internet service,No internet service,No internet service,No internet service,No internet service,No internet service,Month-to-month,No,Bank transfer (automatic),29.79,1607.9,No
CUST-04099,Male,0,No,No,11,Yes,No,DSL,No,No,No,No,Yes,No,Month-to-month,Yes,Mailed check,64.48,660.58,Yes
CUST-04100,Female,0,Yes,Yes,7,Yes,Yes,DSL,No,Yes,No,Yes,No,No,Two year,Yes,Mailed check,76.52,521.48,No
CUST-04101,Female,0,Yes,Yes,34,Yes,No,No,No internet service,No internet service,No internet service,No internet service,No internet service,No internet service,Month-to-month,No,Mailed check,33.92,1174.68,Yes
CUST-04102,Male,0,Yes,No,33,Yes,Yes,DSL,No,No,Yes,No,No,No,Month-to-month,Yes,Electronic check,71.17,2228.37,Yes
CUST-04103,Female,0,Yes,No,56,Yes,No,Fiber optic,No,Yes,Yes,No,No,No,Two year,No,Electronic check,91.42,4999.16,No
CUST-04104,Female,0,No,No,17,Yes,Yes,No,No internet service,No internet service,No internet service,No internet service,No internet service,No internet service,Two year,Yes,Credit card (automatic),43.22,711.54,No
CUST-04105,Female,0,Yes,Yes,15,Yes,No,DSL,Yes,No,Yes,No,No,Yes,One year,No,Bank transfer (automatic),76.73,1098.66,No
CUST-04106,Female,0,No,No,33,Yes,Yes,Fiber optic,Yes,Yes,No,No,Yes,Yes,One year,Yes,Credit card (automatic),113.89,3364.19,No
CUST-04107,Female,0,No,No,27,Yes,Yes,DSL,Yes,No,Yes,Yes,Yes,No,One year,No,Mailed check,85.94,2181.59,No
CUST-04108,Male,0,Yes,No,39,Yes,No,Fiber optic,No,No,No,No,No,No,Month-to-month,Yes,Credit card (automatic),79.08,2805.56,Yes
CUST-04109,Male,0,No,No,14,Yes,No,Fiber optic,Yes,Yes,No,No,No,Yes,Month-to-month,Yes,Bank transfer (automatic),105.71,1413.55,Yes
CUST-04110,Female,0,Yes,Yes,61,Yes,Yes,DSL,No,No,Yes,Yes,No,No,Month-to-month,Yes,Credit card (automatic),72.78,4233.33,Yes
CUST-04111,Female,1,Yes,Yes,32,Yes,No,DSL,Yes,No,No,No,Yes,Yes,Month-to-month,Yes,Mailed check,72.96,2158.53,Yes
CUST-04112,Female,0,Yes,Yes,55,Yes,Yes,DSL,No,No,Yes,No,No,No,One year,No,Bank transfer (automatic),69.02,3663.28,No
CUST-04113,Female,0,Yes,No,23,Yes,Yes,DSL,Yes,Yes,No,No,Yes,No,Month-to-month,No,Electronic check,88.91,1897.87,Yes
CUST-04114,Male,0,Yes,No,13,Yes,Yes,No,No internet service,No internet service,No internet service,No internet service,No internet service,No internet service,Month-to-month,No,Mailed check,41.42,513.2,Yes
CUST-04115,Female,0,Yes,Yes,35,Yes,Yes,Fiber optic,Yes,Yes,No,No,Yes,Yes,One year,No,Electronic check,110.88,3489.13,No
CUST-04116,Female,1,No,No,42,Yes,Yes,Fiber optic,No,No,No,Yes,Yes,Yes,Month-to-month,Yes,Electronic check,100.35,3731.65,Yes
CUST-04117,Female,0,No,No,6,Yes,Yes,Fiber optic,Yes,No,No,No,No,Yes,Two year,No,Mailed check,92.24,549.32,No
CUST-04118,Female,0,No,No,72,Yes,No,No,No internet service,No internet service,No internet service,No internet service,No internet service,No internet service,Two year,Yes,Mailed check,28.68,2020.57,Yes
CUST-04119,Female,0,No,No,14,Yes,Yes,Fiber optic,Yes,No,No,No,No,No,Month-to-month,Yes,Credit card (automatic),89.16,1195.82,No
CUST-04120,Female,0,No,No,29,Yes,Yes,Fiber optic,No,Yes,Yes,No,Yes,No,Month-to-month,Yes,Mailed check,106.18,2803.8,Yes
CUST-04121,Male,0,Yes,Yes,40,Yes,Yes,No,No internet service,No internet service,No internet service,No internet service,No internet service,No internet service,Month-to-month,Yes,Electronic check,38.35,1392.0,No
CUST-04122,Male,0,No,No,26,Yes,No,DSL,No,Yes,No,No,Yes,Yes,Month-to-month,Yes,Credit card (automatic),77.3,1796.41,Yes
CUST-04123,Male,1,Yes,No,28,Yes,Yes,Fiber optic,Yes,No,Yes,Yes,Yes,Yes,One year,No,Electronic check,103.6,2713.28,No
CUST-04124,Female,1,No,No,28,Yes,Yes,No,No internet service,No internet service,No internet service,No internet service,No internet service,No internet service,One year,Yes,Electronic check,37.36,998.87,No
CUST-04125,Male,0,No,No,4,Yes,No,Fiber optic,No,No,Yes,Yes,Yes,No,Month-to-month,Yes,Credit card (automatic),92.62,342.27,Yes
CUST-04126,Male,1,Yes,No,30,Yes,Yes,DSL,No,No,No,Yes,No,No,Month-to-month,No,Bank transfer (automatic),71.61,2134.84,No
CUST-04127,Female,0,No,Yes,17,Yes,Yes,Fiber optic,No,Yes,Yes,Yes,No,No,Month-to-month,Yes,Electronic check,109.13,1601.73,Yes
CUST-04128,Female,0,No,No,54,Yes,No,DSL,Yes,No,No,No,Yes,Yes,One year,Yes,Mailed check,80.04,4186.67,No
CUST-04129,Male,1,No,No,47,Yes,Yes,Fiber optic,No,No,Yes,No,No,No,Month-to-month,No,Electronic check,88.41,3888.51,No
CUST-04130,Female,0,Yes,No,7,Yes,Yes,DSL,No,No,No,No,No,No,One year,Yes,Mailed check,59.1,389.92,Yes
CUST-04131,Female,0,No,No,7,Yes,No,DSL,No,No,Yes,Yes,No,No,Month-to-month,No,Mailed check,71.92,422.59,Yes
CUST-04132,Male,0,No,No,72,No,No phone service,Fiber optic,No,No,No,No,No,Yes,One year,No,Bank transfer (automatic),70.19,4620.2,No
CUST-04133,Male,0,Yes,No,2,Yes,No,No,No internet service,No internet service,No internet service,No internet service,No internet service,No internet service,Month-to-month,Yes,Electronic check,33.96,60.97,Yes
CUST-04134,Male,0,No,No,15,Yes,No,DSL,Yes,No,No,No,No,No,Two year,No,Electronic check,62.11,918.06,No
CUST-04135,Male,0,Yes,Yes,9,Yes,Yes,DSL,Yes,No,No,No,No,No,Month-to-month,Yes,Mailed check,73.78,609.74,Yes
CUST-04136,Male,0,No,No,60,Yes,No,DSL,Yes,Yes,Yes,No,Yes,No,One year,Yes,Bank transfer (automatic),79.97,4190.61,Yes
CUST-04137,Male,0,Yes,No,23,Yes,No,DSL,No,No,Yes,No,No,No,One year,Yes,Electronic check,58.79,1286.2,No
CUST-04138,Female,0,Yes,No,14,Yes,No,DSL,No,No,Yes,No,Yes,Yes,Two year,No,Mailed check,81.5,1111.66,No
CUST-04139,Male,0,Yes,Yes,27,Yes,Yes,No,No internet service,No internet service,No internet service,No internet service,No internet service,No internet service,One year,Yes,Credit card (automatic),40.36,1049.95,No
CUST-04140,Male,0,No,No,72,Yes,No,Fiber optic,No,Yes,Yes,No,Yes,No,Month-to-month,No,Electronic check,100.94,6820.78,Yes
CUST-04141,Male,0,No,No,37,Yes,No,Fiber optic,Yes,No,No,No,Yes,Yes,Month-to-month,Yes,Electronic check,99.18,3545.89,Yes
CUST-04142,Male,0,Yes,No,37,Yes,Yes,DSL,No,No,No,Yes,No,No,Month-to-month,Yes,Mailed check,74.02,2478.0,Yes
CUST-04143,Female,0,Yes,Yes,5,Yes,No,No,No internet service,No internet service,No internet service,No internet service,No internet service,No internet service,Two year,No,Mailed check,43.29,205.67,No
CUST-04144,Female,0,No,No,56,Yes,No,Fiber optic,No,No,Yes,No,Yes,No,One year,No,Mailed check,93.55,5009.45,No
CUST-04145,Female,1,Yes,No,11,No,No phone service,Fiber optic,No,No,No,No,No,Yes,Month-to-month,No,Electronic check,63.63,657.97,No
CUST-04146,Female,0,Yes,No,35,Yes,No,DSL,No,No,No,No,No,Yes,Month-to-month,No,Bank transfer (automatic),60.03,1946.09,Yes
CUST-04147,Female,0,No,No,13,Yes,Yes,No,No internet service,No internet service,No internet service,No internet service,No internet service,No internet service,Month-to-month,No,Electronic check,37.73,444.76,Yes
CUST-04148,Male,0,Yes,No,27,Yes,Yes,DSL,No,Yes,No,No,No,Yes,Month-to-month,Yes,Credit card (automatic),69.48,1722.6,No
CUST-04149,Male,0,No,No,26,Yes,No,DSL,No,Yes,Yes,No,Yes,Yes,One year,Yes,Electronic check,75.48,1919.04,No
CUST-04150,Female,0,Yes,Yes,72,Yes,No,Fiber optic,No,No,No,No,No,No,Two year,Yes,Credit card (automatic),84.88,5587.26,No
CUST-04151,Female,0,No,No,18,Yes,Yes,No,No internet service,No internet service,No internet service,No internet service,No internet service,No internet service,One year,Yes,Electronic check,42.78,713.94,No
CUST-04152,Male,0,No,Yes,32,Yes,No,DSL,Yes,No,Yes,No,Yes,No,Month-to-month,No,Credit card (automatic),79.17,2439.79,No
CUST-04153,Male,1,Yes,Yes,23,Yes,No,DSL,No,Yes,No,No,Yes,No,Month-to-month,No,Mailed check,67.06,1376.04,Yes
CUST-04154,Male,0,No,No,9,Yes,No,No,No internet service,No internet service,No internet service,No internet service,No internet service,No internet service,One year,Yes,Mailed check,28.97,237.4,No
CUST-04155,Female,0,No,No,35,Yes,No,No,No internet service,No internet service,No internet service,No internet service,No internet service,No internet service,Two year,No,Credit card (automatic),31.69,970.89,No
CUST-04156,Female,0,No,Yes,49,Yes,No,Fiber optic,No,Yes,No,No,No,Yes,Month-to-month,Yes,Electronic check,94.47,4692.12,Yes
CUST-04157,Male,1,Yes,No,10,Yes,No,Fiber optic,No,Yes,Yes,No,Yes,No,Month-to-month,No,Electronic check,94.74,879.41,Yes
CUST-04158,Female,1,Yes,No,21,Yes,No,Fiber optic,Yes,No,Yes,Yes,No,No,Month-to-month,No,Electronic check,98.95,1997.22,No
CUST-04159,Female,0,No,Yes,27,Yes,Yes,No,No internet service,No internet service,No internet service,No internet service,No internet service,No internet service,Two year,Yes,Credit card (automatic),46.42,1274.11,Yes
CUST-04160,Female,0,Yes,No,46,Yes,Yes,DSL,No,Yes,No,Yes,No,No,One year,Yes,Bank transfer (automatic),74.59,3061.75,No
CUST-04161,Female,0,Yes,No,47,Yes,Yes,DSL,No,Yes,No,Yes,Yes,Yes,Month-to-month,Yes,Mailed check,81.87,3601.01,No
CUST-04162,Female,0,Yes,No,5,Yes,Yes,Fiber optic,No,No,No,No,Yes,No,One year,Yes,Mailed check,98.69,453.53,No
CUST-04163,Male,0,No,No,72,Yes,No,Fiber optic,No,No,Yes,Yes,No,No,One year,Yes,Credit card (automatic),92.31,6169.0,Yes
CUST-04164,Female,0,Yes,Yes,38,Yes,No,Fiber optic,Yes,No,No,Yes,Yes,No,Month-to-month,Yes,Electronic check,91.4,3269.38,No
CUST-04165,Male,1,Yes,No,26,Yes,No,No,No internet service,No internet service,No internet service,No internet service,No internet service,No internet service,Two year,No,Mailed check,29.55,760.07,No
CUST-04166,Male,0,No,No,45,No,No phone service,Fiber optic,No,Yes,Yes,Yes,Yes,Yes,Two year,Yes,Mailed check,96.25,4159.05,No
CUST-04167,Female,0,Yes,No,66,Yes,No,DSL,Yes,No,No,No,No,No,One year,Yes,Electronic check,63.59,4187.6,No
CUST-04168,Female,0,Yes,No,23,Yes,Yes,Fiber optic,Yes,No,No,No,Yes,Yes,Month-to-month,Yes,Mailed check,96.74,2098.29,Yes
CUST-04169,Male,0,Yes,No,21,No,No phone service,Fiber optic,Yes,Yes,No,No,Yes,No,Month-to-month,Yes,Bank transfer (automatic),75.29,1454.85,No
CUST-04170,Male,0,Yes,No,9,Yes,Yes,Fiber optic,No,Yes,No,No,Yes,No,Month-to-month,No,Bank transfer (automatic),99.3,875.06,Yes
CUST-04171,Female,0,No,Yes,21,Yes,Yes,Fiber optic,No,Yes,Yes,No,No,Yes,Two year,No,Credit card (automatic),104.1,2009.11,No
CUST-04172,Female,0,Yes,No,40,Yes,Yes,DSL,Yes,No,No,No,No,Yes,Two year,Yes,Mailed check,83.46,3147.33,No
CUST-04173,Male,0,No,No,21,Yes,Yes,Fiber optic,No,No,No,No,No,No,Month-to-month,No,Credit card (automatic),73.64,1484.17,Yes
CUST-04174,Female,0,Yes,Yes,20,No,No phone service,DSL,No,No,No,Yes,Yes,Yes,Month-to-month,No,Credit card (automatic),60.96,1183.81,No
CUST-04175,Female,0,Yes,No,72,Yes,No,Fiber optic,No,Yes,No,No,No,No,One year,Yes,Electronic check,80.78,5452.75,No
CUST-04176,Female,0,Yes,Yes,32,Yes,Yes,No,No internet service,No internet service,No internet service,No internet service,No internet service,No internet service,Month-to-month,Yes,Credit card (automatic),32.52,1005.13,No
CUST-04177,Female,0,No,No,32,Yes,No,Fiber optic,Yes,No,Yes,No,No,Yes,Month-to-month,Yes,Bank transfer (automatic),94.78,2779.88,No
CUST-04178,Male,1,Yes,Yes,40,Yes,No,DSL,No,No,Yes,Yes,Yes,No,Month-to-month,Yes,Bank transfer (automatic),77.16,2865.11,No
CUST-04179,Female,1,Yes,No,51,Yes,No,No,No internet service,No internet service,No internet service,No internet service,No internet service,No internet service,Month-to-month,No,Credit card (automatic),37.65,1839.98,No
CUST-04180,Female,0,No,No,28,Yes,No,No,No internet service,No internet service,No internet service,No internet service,No internet service,No internet service,Month-to-month,Yes,Electronic check,40.98,1079.26,No
CUST-04181,Male,0,Yes,No,13,Yes,Yes,DSL,No,Yes,No,No,No,No,Month-to-month,Yes,Credit card (automatic),65.94,785.08,Yes
CUST-04182,Female,0,No,No,37,No,No phone service,DSL,Yes,No,Yes,No,Yes,No,Month-to-month,Yes,Bank transfer (automatic),61.66,2213.74,Yes
CUST-04183,Female,0,Yes,Yes,56,Yes,Yes,DSL,No,No,No,No,No,Yes,Month-to-month,Yes,Credit card (automatic),68.22,3619.07,No
CUST-04184,Male,0,Yes,No,37,Yes,Yes,DSL,Yes,Yes,Yes,Yes,No,No,Two year,Yes,Credit card (automatic),81.13,2665.59,No
CUST-04185,Female,0,No,No,45,Yes,Yes,No,No internet service,No internet service,No internet service,No internet service,No internet service,No internet service,Month-to-month,No,Electronic check,44.35,1905.63,No
CUST-04186,Male,0,Yes,No,20,Yes,No,DSL,Yes,Yes,Yes,Yes,No,Yes,One year,Yes,Mailed check,91.09,1745.58,No
CUST-04187,Female,0,Yes,No,14,Yes,Yes,DSL,No,Yes,No,Yes,Yes,Yes,Month-to-month,Yes,Bank transfer (automatic),88.62,1164.22,No
CUST-04188,Female,0,Yes,No,30,No,No phone service,No,No internet service,No internet service,No internet service,No internet service,No internet service,No internet service,Month-to-month,No,Electronic check,20.37,579.83,No
CUST-04189,Female,0,Yes,No,17,Yes,No,Fiber optic,No,Yes,Yes,Yes,Yes,No,Month-to-month,Yes,Electronic check,99.28,1656.42,Yes
CUST-04190,Male,0,No,No,68,Yes,Yes,DSL,No,No,No,No,No,Yes,Month-to-month,Yes,Mailed check,72.07,4308.16,No
CUST-04191,Female,0,Yes,No,38,Yes,Yes,Fiber optic,No,Yes,No,No,Yes,Yes,Month-to-month,No,Mailed check,102.28,3772.03,Yes
CUST-04192,Female,0,No,Yes,18,Yes,Yes,Fiber optic,No,Yes,Yes,Yes,No,Yes,Month-to-month,Yes,Bank transfer (automatic),105.94,1628.59,Yes
CUST-04193,Male,0,Yes,No,10,Yes,No,DSL,No,No,No,No,Yes,No,Month-to-month,No,Bank transfer (automatic),67.91,621.04,Yes
CUST-04194,Female,0,Yes,No,55,Yes,Yes,Fiber optic,No,No,No,No,No,No,Month-to-month,No,Credit card (automatic),82.35,3971.59,Yes
CUST-04195,Male,0,Yes,No,12,Yes,No,Fiber optic,Yes,No,No,No,Yes,Yes,Month-to-month,Yes,Bank transfer (automatic),100.19,1190.46,Yes
CUST-04196,Female,1,No,No,27,Yes,Yes,DSL,Yes,No,No,No,Yes,Yes,Month-to-month,Yes,Electronic check,87.26,2188.68,No
CUST-04197,Male,0,No,No,32,Yes,No,Fiber optic,Yes,Yes,No,No,No,Yes,Two year,No,Electronic check,98.15,2949.73,No
CUST-04198,Female,1,No,No,12,Yes,No,DSL,No,No,No,No,No,No,One year,No,Mailed check,59.67,665.39,No
CUST-04199,Male,0,Yes,No,24,Yes,No,Fiber optic,No,No,No,No,No,No,Month-to-month,No,Electronic check,77.98,1749.04,Yes
CUST-04200,Female,0,Yes,Yes,61,Yes,No,No,No internet service,No internet service,No internet service,No internet service,No internet service,No internet service,One year,Yes,Credit card (automatic),31.18,1778.83,No
CUST-04201,Male,0,No,Yes,7,No,No phone service,Fiber optic,Yes,No,Yes,Yes,Yes,Yes,Month-to-month,No,Bank transfer (automatic),93.09,632.82,Yes
CUST-04202,Male,0,Yes,No,54,Yes,Yes,DSL,No,No,Yes,No,No,No,Month-to-month,Yes,Credit card (automatic),66.52,3409.71,Yes
CUST-04203,Female,0,No,No,31,Yes,Yes,Fiber optic,No,No,Yes,No,Yes,Yes,Month-to-month,Yes,Electronic check,97.14,2749.56,Yes
CUST-04204,Female,1,Yes,No,16,No,No phone service,Fiber optic,No,No,Yes,Yes,No,Yes,One year,No,Electronic check,76.31,1074.59,No
CUST-04205,Female,0,Yes,No,7,Yes,Yes,Fiber optic,No,No,Yes,Yes,Yes,Yes,Month-to-month,No,Mailed check,105.24,723.48,Yes
CUST-04206,Male,0,Yes,No,24,Yes,No,Fiber optic,No,No,No,No,Yes,No,Month-to-month,Yes,Bank transfer (automatic),80.46,1847.05,Yes
CUST-04207,Male,0,Yes,Yes,17,Yes,Yes,No,No internet service,No internet service,No internet service,No internet service,No internet service,No internet service,One year,No,Bank transfer (automatic),33.7,532.57,No
CUST-04208,Male,0,No,No,24,Yes,No,DSL,No,Yes,Yes,No,Yes,Yes,Two year,No,Electronic check,77.75,1820.87,Yes
CUST-04209,Female,0,No,No,40,Yes,No,Fiber optic,No,No,Yes,Yes,No,No,Month-to-month,No,Mailed check,89.54,3640.19,Yes
CUST-04210,Male,0,No,No,6,Yes,No,DSL,No,Yes,Yes,Yes,No,No,Month-to-month,No,Mailed check,74.17,418.99,Yes
CUST-04211,Female,0,No,Yes,29,Yes,No,DSL,No,Yes,No,Yes,Yes,No,Month-to-month,No,Credit card (automatic),76.54,2190.71,Yes
CUST-04212,Male,0,Yes,Yes,72,No,No phone service,DSL,No,No,Yes,Yes,Yes,No,Month-to-month,No,Bank transfer (automatic),65.03,4408.24,No
CUST-04213,Female,0,No,No,19,Yes,Yes,DSL,No,Yes,No,No,Yes,Yes,Month-to-month,No,Mailed check,82.73,1575.86,No
CUST-04214,Male,0,Yes,No,36,Yes,Yes,DSL,No,No,No,No,Yes,Yes,Two year,Yes,Bank transfer (automatic),71.06,2416.05,Yes
CUST-04215,Male,0,No,Yes,4,Yes,Yes,No,No internet service,No internet service,No internet service,No internet service,No internet service,No internet service,One year,Yes,Bank transfer (automatic),43.58,161.3,No
CUST-04216,Male,0,Yes,No,6,Yes,Yes,DSL,No,No,Yes,No,Yes,No,Two year,No,Mailed check,75.5,447.24,No
CUST-04217,Female,0,No,No,15,No,No phone service,Fiber optic,No,No,No,No,Yes,Yes,One year,Yes,Credit card (automatic),76.13,1078.99,No
CUST-04218,Female,0,No,No,63,Yes,No,Fiber optic,No,No,Yes,Yes,No,No,Two year,No,Electronic check,91.68,5437.99,No
CUST-04219,Male,0,No,No,17,Yes,No,No,No internet service,No internet service,No internet service,No internet service,No internet service,No internet service,One year,Yes,Credit card (automatic),34.01,560.8,No
CUST-04220,Female,0,No,No,37,Yes,Yes,Fiber optic,No,No,No,Yes,No,No,Month-to-month,No,Mailed check,98.59,3418.72,Yes
CUST-04221,Female,0,No,No,17,Yes,No,Fiber optic,No,No,No,No,Yes,No,One year,No,Mailed check,83.88,1253.3,Yes
CUST-04222,Male,0,No,No,9,Yes,Yes,DSL,Yes,Yes,Yes,No,Yes,Yes,Month-to-month,Yes,Bank transfer (automatic),96.93,809.67,No
CUST-04223,Male,0,No,No,22,No,No phone service,Fiber optic,No,Yes,Yes,No,No,Yes,Month-to-month,No,Mailed check,80.62,1629.31,No
CUST-04224,Male,0,Yes,No,40,Yes,No,Fiber optic,No,Yes,No,Yes,Yes,Yes,Two year,Yes,Mailed check,101.42,3690.79,No
CUST-04225,Male,0,No,No,55,Yes,No,DSL,Yes,Yes,Yes,Yes,Yes,Yes,Two year,Yes,Credit card (automatic),90.61,4868.45,No
CUST-04226,Female,0,Yes,No,24,Yes,No,Fiber optic,No,Yes,No,Yes,No,No,Month-to-month,Yes,Mailed check,83.22,1843.84,Yes
CUST-04227,Female,0,No,No,37,Yes,Yes,DSL,No,No,No,Yes,Yes,No,Month-to-month,Yes,Credit card (automatic),78.69,2689.5,Yes
CUST-04228,Male,0,No,No,28,Yes,No,Fiber optic,No,Yes,No,No,No,Yes,Two year,No,Credit card (automatic),93.21,2446.7,No
CUST-04229,Female,0,Yes,No,30,Yes,No,DSL,Yes,No,No,No,No,No,Month-to-month,Yes,Bank transfer (automatic),52.05,1486.17,No
CUST-04230,Female,1,No,Yes,12,Yes,Yes,DSL,Yes,No,No,No,Yes,No,Two year,Yes,Credit card (automatic),75.83,870.66,No
CUST-04231,Female,0,Yes,No,13,Yes,No,Fiber optic,No,No,No,Yes,Yes,Yes,Two year,No,Bank transfer (automatic),95.97,1180.02,No
CUST-04232,Male,0,No,No,10,Yes,Yes,DSL,No,No,Yes,Yes,No,Yes,Two year,Yes,Mailed check,81.44,769.98,No
CUST-04233,Male,0,No,No,18,Yes,No,DSL,No,No,No,Yes,Yes,No,Two year,Yes,Electronic check,72.01,1166.0,No
CUST-04234,Female,0,No,No,49,Yes,Yes,No,No internet service,No internet service,No internet service,No internet service,No internet service,No internet service,One year,No,Credit card (automatic),37.23,1746.43,No
CUST-04235,Female,0,No,No,72,Yes,Yes,Fiber optic,Yes,Yes,Yes,Yes,Yes,Yes,Two year,Yes,Mailed check,118.83,7750.49,No
CUST-04236,Female,0,Yes,Yes,49,Yes,No,DSL,No,No,Yes,No,Yes,No,Month-to-month,No,Mailed check,77.84,3738.11,Yes
CUST-04237,Male,0,Yes,No,36,Yes,Yes,No,No internet service,No internet service,No internet service,No internet service,No internet service,No internet service,Month-to-month,No,Electronic check,31.53,1056.18,No
CUST-04238,Female,0,No,Yes,27,Yes,Yes,DSL,Yes,No,Yes,No,No,No,One year,Yes,Electronic check,78.33,1891.82,Yes
CUST-04239,Male,0,Yes,No,49,Yes,No,No,No internet service,No internet service,No internet service,No internet service,No internet service,No internet service,Month-to-month,No,Mailed check,31.51,1463.61,No
CUST-04240,Female,1,Yes,No,72,Yes,No,Fiber optic,No,No,Yes,No,No,No,One year,Yes,Electronic check,82.23,5725.89,Yes
CUST-04241,Female,0,Yes,No,32,No,No phone service,DSL,Yes,No,Yes,Yes,Yes,Yes,One year,Yes,Bank transfer (automatic),77.39,2298.84,No
CUST-04242,Female,0,Yes,No,39,Yes,No,DSL,No,Yes,No,No,No,No,One year,Yes,Bank transfer (automatic),64.82,2433.43,No
CUST-04243,Male,0,No,No,32,Yes,No,Fiber optic,Yes,No,No,No,No,No,Month-to-month,Yes,Electronic check,83.63,2648.78,No
CUST-04244,Female,0,Yes,No,72,No,No phone service,DSL,Yes,No,Yes,Yes,No,Yes,Two year,No,Bank transfer (automatic),66.61,4563.83,No
CUST-04245,Female,0,Yes,No,24,Yes,No,Fiber optic,Yes,Yes,Yes,No,No,No,One year,Yes,Mailed check,90.51,1943.8,No
CUST-04246,Female,1,No,No,13,Yes,No,No,No internet service,No internet service,No internet service,No internet service,No internet service,No internet service,Month-to-month,Yes,Electronic check,38.68,472.26,Yes
CUST-04247,Female,1,No,No,43,Yes,No,DSL,Yes,Yes,Yes,No,No,No,One year,Yes,Bank transfer (automatic),77.96,3093.92,Yes
CUST-04248,Female,0,Yes,No,13,Yes,No,No,No internet service,No internet service,No internet service,No internet service,No internet service,No internet service,Month-to-month,Yes,Credit card (automatic),30.07,340.94,No
CUST-04249,Male,0,No,Yes,33,Yes,No,DSL,Yes,Yes,Yes,No,Yes,No,One year,No,Mailed check,78.84,2320.8,No
CUST-04250,Female,0,Yes,Yes,27,Yes,No,DSL,No,Yes,No,No,Yes,Yes,Month-to-month,Yes,Bank transfer (automatic),75.76,2052.49,Yes
CUST-04251,Female,0,No,No,37,Yes,Yes,Fiber optic,Yes,Yes,No,Yes,Yes,No,Month-to-month,No,Credit card (automatic),110.98,3805.87,Yes
CUST-04252,Female,0,Yes,Yes,28,Yes,No,DSL,Yes,No,No,No,Yes,No,Two year,No,Credit card (automatic),65.95,1723.13,Yes
CUST-04253,Male,1,Yes,No,5,Yes,Yes,Fiber optic,No,Yes,Yes,No,Yes,No,Month-to-month,Yes,Mailed check,97.81,438.71,Yes
CUST-04254,Female,0,Yes,No,40,Yes,No,DSL,No,No,Yes,No,Yes,No,Two year,Yes,Electronic check,72.52,2930.64,Yes
CUST-04255,Female,0,No,No,34,Yes,Yes,Fiber optic,No,Yes,Yes,No,Yes,Yes,Month-to-month,Yes,Mailed check,104.48,3389.06,Yes
CUST-04256,Female,0,Yes,Yes,58,Yes,No,DSL,No,No,Yes,Yes,Yes,No,One year,Yes,Bank transfer (automatic),73.93,3979.32,No
CUST-04257,Female,0,Yes,Yes,15,Yes,No,Fiber optic,No,No,No,No,No,No,Month-to-month,Yes,Credit card (automatic),80.45,1167.67,Yes
CUST-04258,Female,1,No,Yes,4,Yes,No,No,No internet service,No internet service,No internet service,No internet service,No internet service,No internet service,Month-to-month,No,Credit card (automatic),25.9,102.09,Yes
CUST-04259,Male,0,Yes,No,43,Yes,Yes,No,No internet service,No internet service,No internet service,No internet service,No internet service,No internet service,Two year,Yes,Credit card (automatic),42.8,1596.74,No
CUST-04260,Female,0,No,No,42,Yes,Yes,DSL,Yes,No,Yes,No,No,Yes,Month-to-month,Yes,Electronic check,78.5,3240.93,No
CUST-04261,Female,1,Yes,No,40,Yes,Yes,Fiber optic,No,Yes,No,No,No,Yes,Two year,Yes,Bank transfer (automatic),104.73,3807.55,No
CUST-04262,Female,0,Yes,No,72,Yes,No,DSL,No,Yes,No,No,Yes,Yes,Two year,No,Bank transfer (automatic),83.86,5327.7,No
CUST-04263,Female,0,Yes,No,1,Yes,No,DSL,No,No,Yes,No,No,Yes,One year,No,Bank transfer (automatic),76.33,77.21,No
CUST-04264,Male,0,Yes,Yes,4,Yes,No,DSL,No,Yes,Yes,Yes,No,No,Month-to-month,No,Electronic check,72.04,274.33,No
CUST-04265,Male,0,Yes,Yes,9,Yes,No,DSL,Yes,No,No,Yes,Yes,Yes,Month-to-month,Yes,Credit card (automatic),76.27,629.43,Yes
CUST-04266,Male,0,No,No,46,Yes,No,No,No internet service,No internet service,No internet service,No internet service,No internet service,No internet service,One year,No,Electronic check,31.93,1476.56,No
CUST-04267,Female,0,No,No,61,Yes,Yes,Fiber optic,Yes,Yes,No,No,Yes,Yes,Two year,Yes,Electronic check,110.8,6241.36,Yes
CUST-04268,Male,0,Yes,No,28,No,No phone service,DSL,Yes,No,No,No,No,No,Month-to-month,No,Credit card (automatic),53.18,1346.95,Yes
CUST-04269,Female,1,Yes,No,41,Yes,Yes,No,No internet service,No internet service,No internet service,No internet service,No internet service,No internet service,Two year,Yes,Credit card (automatic),38.22,1521.66,No
CUST-04270,Male,0,No,No,14,No,No phone service,Fiber optic,No,No,No,No,Yes,Yes,Month-to-month,Yes,Mailed check,64.03,792.9,Yes
CUST-04271,Male,1,Yes,Yes,11,Yes,No,No,No internet service,No internet service,No internet service,No internet service,No internet service,No internet service,Month-to-month,No,Mailed check,33.67,348.68,No
CUST-04272,Male,1,No,No,6,Yes,Yes,DSL,Yes,No,Yes,No,No,Yes,Month-to-month,Yes,Electronic check,74.52,397.81,Yes
CUST-04273,Male,0,No,No,41,Yes,No,Fiber optic,Yes,No,No,No,No,No,Month-to-month,Yes,Credit card (automatic),85.73,3166.75,Yes
CUST-04274,Female,0,Yes,Yes,58,Yes,No,No,No internet service,No internet service,No internet service,No internet service,No internet service,No internet service,Month-to-month,No,Bank transfer (automatic),32.92,1833.95,No
CUST-04275,Female,0,No,Yes,8,Yes,No,Fiber optic,Yes,No,No,No,No,Yes,Two year,Yes,Mailed check,85.39,618.98,No
CUST-04276,Male,0,No,No,13,Yes,No,Fiber optic,No,No,Yes,No,No,Yes,Two year,Yes,Bank transfer (automatic),98.01,1233.59,No
CUST-04277,Female,0,No,No,18,Yes,Yes,Fiber optic,Yes,Yes,Yes,No,Yes,No,Two year,Yes,Electronic check,107.38,1670.51,No
CUST-04278,Male,0,No,No,9,Yes,No,No,No internet service,No internet service,No internet service,No internet service,No internet service,No internet service,Month-to-month,No,Mailed check,36.18,303.57,No
CUST-04279,Male,0,Yes,No,34,Yes,No,Fiber optic,No,Yes,No,No,No,No,Month-to-month,No,Electronic check,89.27,2794.12,No
CUST-04280,Male,0,No,No,20,Yes,Yes,Fiber optic,Yes,Yes,Yes,No,No,No,Month-to-month,Yes,Credit card (automatic),98.07,1826.72,Yes
CUST-04281,Female,0,Yes,No,65,Yes,No,Fiber optic,Yes,Yes,No,No,No,No,One year,No,Electronic check,91.19,5480.98,Yes
CUST-04282,Male,0,Yes,No,14,Yes,Yes,DSL,Yes,Yes,No,No,No,Yes,Month-to-month,Yes,Bank transfer (automatic),75.03,1001.0,Yes
CUST-04283,Female,0,No,No,49,Yes,No,Fiber optic,Yes,No,No,No,Yes,No,One year,Yes,Bank transfer (automatic),89.49,4185.73,No
CUST-04284,Female,0,Yes,Yes,6,Yes,No,Fiber optic,No,No,Yes,Yes,Yes,Yes,Month-to-month,No,Electronic check,97.76,543.06,Yes
CUST-04285,Female,1,No,No,16,Yes,No,DSL,No,Yes,No,No,No,Yes,One year,Yes,Credit card (automatic),69.57,1025.93,Yes
CUST-04286,Male,1,No,No,29,Yes,Yes,DSL,No,Yes,No,No,Yes,No,Month-to-month,Yes,Bank transfer (automatic),75.33,2084.76,Yes
CUST-04287,Male,0,No,No,34,Yes,No,DSL,No,Yes,No,No,Yes,Yes,Two year,Yes,Bank transfer (automatic),71.95,2344.75,Yes
CUST-04288,Male,0,No,No,72,No,No phone service,DSL,Yes,No,No,No,No,Yes,Month-to-month,No,Bank transfer (automatic),59.16,3673.15,Yes
CUST-04289,Male,0,No,Yes,33,Yes,No,DSL,Yes,Yes,No,No,Yes,Yes,Month-to-month,Yes,Bank transfer (automatic),83.28,2450.0,Yes
CUST-04290,Female,0,No,No,34,No,No phone service,No,No internet service,No internet service,No internet service,No internet service,No internet service,No internet service,Month-to-month,No,Electronic check,18.0,548.47,No
CUST-04291,Female,0,No,No,11,Yes,Yes,DSL,Yes,Yes,Yes,Yes,No,No,Month-to-month,No,Mailed check,98.49,1000.55,No
CUST-04292,Male,0,No,No,12,Yes,No,DSL,No,No,No,No,No,No,One year,Yes,Credit card (automatic),53.92,563.73,No
CUST-04293,Female,0,No,No,17,Yes,Yes,Fiber optic,Yes,Yes,No,No,No,No,Month-to-month,No,Electronic check,90.35,1467.7,Yes
CUST-04294,Female,0,Yes,Yes,26,No,No phone service,No,No internet service,No internet service,No internet service,No internet service,No internet service,No internet service,Month-to-month,No,Mailed check,24.59,578.62,No
CUST-04295,Male,0,Yes,Yes,24,Yes,No,DSL,No,Yes,No,No,No,No,One year,No,Credit card (automatic),68.6,1587.8,No
CUST-04296,Male,1,Yes,Yes,34,Yes,No,DSL,No,No,No,No,Yes,No,One year,No,Bank transfer (automatic),69.66,2169.09,No
CUST-04297,Female,0,Yes,Yes,66,Yes,Yes,Fiber optic,No,No,Yes,No,Yes,Yes,One year,Yes,Mailed check,108.02,6916.39,No
CUST-04298,Male,0,Yes,No,27,Yes,Yes,Fiber optic,No,Yes,No,No,No,Yes,Month-to-month,Yes,Electronic check,102.28,2559.26,Yes
CUST-04299,Female,1,No,Yes,45,Yes,No,No,No internet service,No internet service,No internet service,No internet service,No internet service,No internet service,Month-to-month,Yes,Electronic check,29.36,1231.4,No
CUST-04300,Female,0,No,No,12,Yes,Yes,Fiber optic,No,No,Yes,No,Yes,No,Month-to-month,Yes,Credit card (automatic),95.4,1102.16,Yes
CUST-04301,Female,0,No,No,72,Yes,Yes,DSL,No,Yes,No,No,No,No,Month-to-month,Yes,Credit card (automatic),73.72,4894.76,Yes
CUST-04302,Male,0,No,No,26,Yes,No,Fiber optic,Yes,No,No,No,Yes,No,Month-to-month,Yes,Bank transfer (automatic),84.04,1925.54,No
CUST-04303,Female,1,No,No,72,Yes,No,Fiber optic,No,Yes,No,Yes,No,No,Month-to-month,Yes,Credit card (automatic),86.87,5514.98,Yes
CUST-04304,Female,0,No,Yes,21,Yes,No,Fiber optic,No,Yes,No,No,No,No,Two year,Yes,Mailed check,92.58,1892.12,No
CUST-04305,Male,0,No,Yes,18,Yes,Yes,DSL,No,No,No,Yes,Yes,Yes,Month-to-month,Yes,Electronic check,76.27,1227.81,Yes
CUST-04306,Male,0,Yes,Yes,15,Yes,Yes,Fiber optic,Yes,Yes,Yes,No,No,Yes,Two year,No,Electronic check,109.3,1515.01,No
CUST-04307,Male,0,No,No,10,Yes,Yes,Fiber optic,No,Yes,No,No,Yes,Yes,One year,No,Bank transfer (automatic),101.79,1006.05,Yes
CUST-04308,Male,0,Yes,Yes,52,No,No phone service,DSL,Yes,No,No,Yes,No,Yes,Month-to-month,No,Mailed check,62.6,2989.05,Yes
CUST-04309,Male,0,Yes,No,13,Yes,No,DSL,No,No,No,No,No,Yes,One year,Yes,Credit card (automatic),58.94,699.07,No
CUST-04310,Male,0,Yes,No,34,Yes,No,DSL,No,No,No,No,Yes,Yes,One year,Yes,Electronic check,72.27,2327.47,No
CUST-04311,Male,0,No,No,9,Yes,No,No,No internet service,No internet service,No internet service,No internet service,No internet service,No internet service,One year,No,Credit card (automatic),25.41,225.43,No
CUST-04312,Male,0,No,No,72,Yes,No,Fiber optic,Yes,No,No,Yes,No,Yes,Month-to-month,Yes,Credit card (automatic),94.04,6751.85,No
CUST-04313,Female,0,Yes,No,53,Yes,No,DSL,Yes,No,No,No,No,No,Month-to-month,No,Credit card (automatic),63.97,3091.22,Yes
CUST-04314,Female,0,No,Yes,51,Yes,No,Fiber optic,Yes,Yes,Yes,Yes,No,Yes,Two year,No,Credit card (automatic),107.58,5260.1,No
CUST-04315,Male,0,Yes,No,29,Yes,No,Fiber optic,Yes,No,Yes,Yes,Yes,Yes,One year,Yes,Mailed check,112.0,3036.61,No
CUST-04316,Female,0,Yes,Yes,24,Yes,No,No,No internet service,No internet service,No internet service,No internet service,No internet service,No internet service,One year,Yes,Credit card (automatic),29.12,654.36,No
CUST-04317,Male,1,Yes,No,16,Yes,Yes,Fiber optic,No,No,No,No,Yes,Yes,One year,Yes,Bank transfer (automatic),100.16,1530.66,No
CUST-04318,Female,1,Yes,Yes,71,Yes,No,DSL,No,No,No,Yes,No,No,One year,Yes,Credit card (automatic),70.92,4787.32,No
CUST-04319,Male,0,No,No,6,Yes,Yes,Fiber optic,No,No,Yes,No,No,Yes,One year,Yes,Bank transfer (automatic),92.72,502.12,No
CUST-04320,Female,0,Yes,Yes,41,Yes,No,Fiber optic,No,No,No,No,No,Yes,Two year,No,Mailed check,77.07,2852.76,No
CUST-04321,Male,0,Yes,Yes,14,Yes,No,DSL,Yes,Yes,No,No,Yes,Yes,Month-to-month,Yes,Credit card (automatic),79.55,1109.45,No
CUST-04322,Female,0,Yes,No,8,Yes,No,DSL,No,Yes,No,Yes,Yes,Yes,Month-to-month,No,Mailed check,86.25,634.84,Yes
CUST-04323,Female,0,No,No,20,Yes,Yes,DSL,No,No,Yes,No,Yes,No,Month-to-month,No,Electronic check,81.69,1567.55,Yes
CUST-04324,Female,1,No,Yes,20,Yes,No,Fiber optic,Yes,No,Yes,No,No,Yes,Month-to-month,No,Electronic check,92.29,1830.19,Yes
CUST-04325,Male,0,No,No,35,Yes,Yes,Fiber optic,Yes,No,No,No,No,No,Two year,No,Mailed check,91.22,2978.17,No
CUST-04326,Female,0,No,No,57,Yes,No,DSL,No,Yes,No,No,Yes,No,One year,Yes,Credit card (automatic),73.33,4131.57,No
CUST-04327,Male,1,No,No,23,Yes,Yes,Fiber optic,No,No,Yes,Yes,Yes,No,One year,No,Credit card (automatic),106.04,2234.59,No
CUST-04328,Female,0,Yes,Yes,4,No,No phone service,Fiber optic,Yes,No,Yes,Yes,No,No,Month-to-month,Yes,Mailed check,83.85,327.39,Yes
CUST-04329,Female,0,Yes,Yes,13,Yes,No,DSL,No,Yes,Yes,Yes,Yes,Yes,Month-to-month,Yes,Electronic check,92.92,1139.35,Yes
CUST-04330,Male,0,No,No,23,Yes,Yes,Fiber optic,No,No,No,Yes,No,No,Month-to-month,No,Bank transfer (automatic),94.11,2014.77,No
CUST-04331,Female,0,Yes,No,18,Yes,No,DSL,No,No,Yes,Yes,Yes,Yes,Month-to-month,No,Credit card (automatic),80.85,1407.42,Yes
CUST-04332,Female,1,Yes,No,41,Yes,No,No,No internet service,No internet service,No internet service,No internet service,No internet service,No internet service,Month-to-month,Yes,Electronic check,34.21,1306.4,Yes
CUST-04333,Male,0,Yes,No,34,No,No phone service,No,No internet service,No internet service,No internet service,No internet service,No internet service,No internet service,Month-to-month,No,Mailed check,19.06,592.83,No
CUST-04334,Male,0,Yes,No,47,Yes,No,Fiber optic,Yes,No,Yes,No,Yes,No,One year,No,Credit card (automatic),98.59,4081.65,No
CUST-04335,Male,0,Yes,No,2,Yes,No,No,No internet service,No internet service,No internet service,No internet service,No internet service,No internet service,One year,No,Mailed check,26.63,51.12,No
CUST-04336,Female,1,Yes,Yes,54,Yes,Yes,DSL,No,Yes,Yes,No,No,No,One year,Yes,Credit card (automatic),73.37,3815.77,No
CUST-04337,Male,0,Yes,No,5,Yes,No,DSL,Yes,No,Yes,No,Yes,Yes,Month-to-month,Yes,Electronic check,82.62,414.01,Yes
CUST-04338,Female,0,No,No,39,No,No phone service,Fiber optic,Yes,No,Yes,Yes,Yes,Yes,Month-to-month,Yes,Mailed check,95.47,3556.15,Yes
CUST-04339,Male,0,No,No,63,Yes,No,No,No internet service,No internet service,No internet service,No internet service,No internet service,No internet service,Month-to-month,Yes,Electronic check,37.27,2139.44,Yes
CUST-04340,Male,1,Yes,No,2,Yes,No,DSL,No,Yes,No,Yes,Yes,No,One year,Yes,Electronic check,64.91,122.51,Yes
CUST-04341,Female,0,Yes,No,24,Yes,No,Fiber optic,Yes,No,Yes,Yes,No,Yes,Month-to-month,Yes,Credit card (automatic),106.49,2387.69,Yes
CUST-04342,Female,0,Yes,No,18,Yes,Yes,Fiber optic,Yes,No,No,No,No,Yes,Month-to-month,No,Credit card (automatic),96.68,1704.89,Yes
CUST-04343,Female,1,Yes,No,8,Yes,No,Fiber optic,Yes,Yes,Yes,No,No,No,One year,Yes,Mailed check,88.73,696.4,Yes
CUST-04344,Female,0,Yes,No,2,Yes,No,Fiber optic,No,No,No,No,No,Yes,One year,No,Mailed check,81.49,166.83,No
CUST-04345,Female,0,Yes,No,54,Yes,Yes,Fiber optic,No,Yes,No,No,No,No,Two year,No,Credit card (automatic),83.28,4200.95,No
CUST-04346,Male,0,No,Yes,8,Yes,No,Fiber optic,No,Yes,Yes,No,No,Yes,Two year,Yes,Mailed check,97.07,762.15,Yes
CUST-04347,Female,0,No,No,72,Yes,No,DSL,No,Yes,No,No,No,Yes,Two year,No,Mailed check,68.3,4878.3,No
CUST-04348,Female,0,No,No,9,Yes,Yes,DSL,No,No,Yes,No,No,No,One year,Yes,Electronic check,68.3,594.01,Yes
CUST-04349,Male,0,No,No,9,Yes,No,Fiber optic,Yes,Yes,No,Yes,Yes,Yes,Month-to-month,No,Mailed check,116.71,969.16,No
CUST-04350,Female,0,No,No,1,Yes,Yes,Fiber optic,No,Yes,No,Yes,Yes,No,Month-to-month,No,Credit card (automatic),104.1,96.43,Yes
CUST-04351,Male,0,No,No,8,Yes,No,Fiber optic,Yes,No,Yes,No,No,Yes,Month-to-month,Yes,Mailed check,100.12,775.1,Yes
CUST-04352,Male,0,No,Yes,11,Yes,No,Fiber optic,No,No,Yes,Yes,Yes,Yes,Month-to-month,No,Electronic check,99.99,1056.5,Yes
CUST-04353,Male,1,No,No,25,No,No phone service,DSL,No,No,Yes,No,No,Yes,One year,No,Electronic check,55.23,1237.87,No
CUST-04354,Female,0,No,No,39,Yes,No,Fiber optic,No,Yes,No,No,Yes,Yes,Month-to-month,No,Bank transfer (automatic),95.21,3347.8,Yes
CUST-04355,Female,0,No,No,15,Yes,No,Fiber optic,No,Yes,No,Yes,No,No,Month-to-month,No,Bank transfer (automatic),94.37,1355.74,Yes
CUST-04356,Male,0,No,No,39,Yes,Yes,Fiber optic,No,No,Yes,Yes,No,Yes,Two year,Yes,Electronic check,105.82,3551.06,Yes
CUST-04357,Male,0,Yes,Yes,72,No,No phone service,DSL,No,No,Yes,No,Yes,No,Month-to-month,No,Mailed check,55.6,3789.25,Yes
CUST-04358,Female,0,Yes,Yes,20,Yes,No,No,No internet service,No internet service,No internet service,No internet service,No internet service,No internet service,Month-to-month,Yes,Mailed check,29.19,536.28,No
CUST-04359,Male,0,Yes,No,16,Yes,No,No,No internet service,No internet service,No internet service,No internet service,No internet service,No internet service,Month-to-month,No,Electronic check,39.21,569.72,Yes
CUST-04360,Male,0,Yes,No,9,Yes,Yes,Fiber optic,Yes,No,Yes,No,No,No,Month-to-month,No,Electronic check,96.6,801.24,No
CUST-04361,Female,0,Yes,No,25,Yes,No,DSL,No,Yes,No,Yes,Yes,No,Month-to-month,No,Mailed check,67.4,1594.85,No
CUST-04362,Male,0,Yes,No,71,Yes,No,DSL,Yes,No,Yes,No,Yes,Yes,Month-to-month,No,Credit card (automatic),92.21,6145.01,No
CUST-04363,Female,1,Yes,No,24,Yes,No,Fiber optic,No,Yes,Yes,No,Yes,No,Two year,Yes,Credit card (automatic),97.22,2088.58,No
CUST-04364,Male,0,No,No,40,Yes,No,No,No internet service,No internet service,No internet service,No internet service,No internet service,No internet service,Month-to-month,Yes,Electronic check,33.48,1174.28,No
CUST-04365,Male,0,Yes,Yes,25,Yes,Yes,Fiber optic,No,No,Yes,No,Yes,Yes,Month-to-month,No,Electronic check,93.21,2202.74,Yes
CUST-04366,Male,0,Yes,No,24,Yes,No,Fiber optic,No,Yes,No,No,Yes,Yes,Month-to-month,Yes,Mailed check,99.22,2276.07,Yes
CUST-04367,Female,0,Yes,Yes,72,No,No phone service,No,No internet service,No internet service,No internet service,No internet service,No internet service,No internet service,Month-to-month,Yes,Electronic check,18.0,1250.25,No
CUST-04368,Female,0,Yes,No,33,Yes,No,Fiber optic,No,No,No,No,Yes,Yes,Month-to-month,Yes,Bank transfer (automatic),98.15,2852.0,Yes
CUST-04369,Male,1,No,No,49,Yes,Yes,DSL,Yes,Yes,No,No,No,Yes,Month-to-month,Yes,Bank transfer (automatic),71.47,3321.2,Yes
CUST-04370,Male,1,No,No,37,Yes,No,No,No internet service,No internet service,No internet service,No internet service,No internet service,No internet service,Month-to-month,No,Bank transfer (automatic),36.82,1307.55,Yes
CUST-04371,Male,0,Yes,No,25,No,No phone service,Fiber optic,No,Yes,Yes,No,Yes,No,Month-to-month,No,Credit card (automatic),87.39,2010.86,Yes
CUST-04372,Female,1,No,Yes,15,Yes,Yes,No,No internet service,No internet service,No internet service,No internet service,No internet service,No internet service,Month-to-month,Yes,Electronic check,40.15,557.07,No
CUST-04373,Female,0,Yes,No,69,Yes,Yes,Fiber optic,No,No,Yes,No,Yes,No,Month-to-month,No,Credit card (automatic),96.62,6146.6,Yes
CUST-04374,Male,0,No,No,4,Yes,No,DSL,No,No,No,Yes,No,No,Two year,No,Bank transfer (automatic),65.93,242.16,No
CUST-04375,Female,0,No,Yes,13,No,No phone service,Fiber optic,Yes,Yes,No,No,Yes,Yes,Month-to-month,No,Bank transfer (automatic),78.11,997.85,Yes
CUST-04376,Male,0,No,No,13,Yes,No,DSL,No,Yes,Yes,Yes,No,No,Month-to-month,No,Electronic check,73.05,871.34,Yes
CUST-04377,Female,0,Yes,No,52,Yes,Yes,Fiber optic,No,Yes,Yes,No,Yes,Yes,Month-to-month,Yes,Electronic check,108.33,5134.19,Yes
CUST-04378,Female,1,No,No,72,Yes,No,DSL,Yes,Yes,Yes,Yes,No,No,Two year,Yes,Bank transfer (automatic),84.94,5261.84,No
CUST-04379,Female,0,No,No,6,Yes,No,DSL,Yes,Yes,Yes,No,Yes,Yes,Month-to-month,Yes,Electronic check,90.49,521.75,Yes
CUST-04380,Male,0,No,No,22,Yes,No,Fiber optic,Yes,No,No,No,No,No,Two year,No,Credit card (automatic),79.99,1600.04,No
CUST-04381,Male,0,Yes,Yes,51,Yes,Yes,No,No internet service,No internet service,No internet service,No internet service,No internet service,No internet service,One year,No,Credit card (automatic),42.53,1971.73,No
CUST-04382,Female,0,Yes,No,14,Yes,Yes,No,No internet service,No internet service,No internet service,No internet service,No internet service,No internet service,Month-to-month,Yes,Credit card (automatic),42.22,586.27,Yes
CUST-04383,Female,1,Yes,No,39,Yes,No,DSL,Yes,Yes,Yes,Yes,Yes,No,One year,Yes,Bank transfer (automatic),77.32,2700.54,No
CUST-04384,Male,0,Yes,No,21,Yes,No,DSL,Yes,No,No,Yes,No,Yes,One year,No,Credit card (automatic),68.6,1275.4,No
CUST-04385,Female,0,No,No,72,Yes,No,Fiber optic,No,Yes,No,No,No,Yes,One year,Yes,Credit card (automatic),94.23,6009.55,No
CUST-04386,Male,0,Yes,No,15,Yes,No,Fiber optic,No,No,No,No,Yes,Yes,Month-to-month,Yes,Bank transfer (automatic),90.04,1196.23,No
CUST-04387,Female,0,Yes,No,44,Yes,No,Fiber optic,No,Yes,No,Yes,No,Yes,One year,No,Bank transfer (automatic),100.64,4038.91,No
CUST-04388,Female,0,No,No,17,Yes,No,Fiber optic,Yes,No,No,No,Yes,Yes,Two year,No,Credit card (automatic),104.34,1656.72,No
CUST-04389,Female,0,No,No,29,Yes,No,Fiber optic,No,No,No,No,Yes,No,Month-to-month,Yes,Electronic check,90.29,2423.65,No
CUST-04390,Male,0,No,No,7,No,No phone service,Fiber optic,Yes,No,Yes,Yes,Yes,Yes,Month-to-month,No,Mailed check,89.29,604.75,Yes
CUST-04391,Female,0,No,No,40,Yes,Yes,DSL,No,Yes,Yes,Yes,No,Yes,Month-to-month,Yes,Electronic check,85.15,3244.99,Yes
CUST-04392,Male,0,No,No,58,Yes,No,Fiber optic,No,No,No,Yes,No,Yes,Two year,Yes,Mailed check,89.6,4909.51,No
CUST-04393,Female,0,No,Yes,6,Yes,Yes,Fiber optic,Yes,Yes,No,Yes,No,Yes,Month-to-month,Yes,Bank transfer (automatic),109.67,624.62,No
CUST-04394,Female,0,Yes,No,12,No,No phone service,DSL,Yes,Yes,No,Yes,Yes,No,Month-to-month,Yes,Mailed check,71.52,822.01,No
CUST-04395,Male,1,Yes,No,54,Yes,No,Fiber optic,Yes,No,No,Yes,No,No,Month-to-month,No,Electronic check,82.36,4144.93,Yes
CUST-04396,Male,1,No,No,19,Yes,Yes,DSL,Yes,No,Yes,Yes,Yes,No,One year,Yes,Electronic check,87.65,1654.73,No
CUST-04397,Female,0,Yes,No,23,Yes,Yes,DSL,No,No,No,No,No,No,Two year,Yes,Electronic check,69.25,1456.12,No
CUST-04398,Female,0,Yes,Yes,9,Yes,No,Fiber optic,Yes,Yes,No,No,Yes,No,Two year,Yes,Mailed check,101.33,836.23,No
CUST-04399,Female,1,No,No,59,Yes,No,Fiber optic,Yes,No,Yes,No,No,Yes,One year,Yes,Electronic check,101.3,5417.46,No
CUST-04400,Male,0,Yes,No,7,Yes,No,DSL,No,No,Yes,No,Yes,Yes,One year,Yes,Mailed check,67.86,431.41,No
CUST-04401,Female,0,Yes,No,23,Yes,Yes,DSL,No,Yes,No,Yes,Yes,No,One year,Yes,Electronic check,73.74,1517.8,No
CUST-04402,Female,0,Yes,No,15,Yes,No,DSL,Yes,Yes,No,No,No,No,One year,No,Mailed check,72.27,971.71,No
CUST-04403,Female,0,Yes,No,46,Yes,No,DSL,Yes,Yes,Yes,No,No,Yes,Month-to-month,Yes,Bank transfer (automatic),88.93,3806.16,No
CUST-04404,Male,0,No,No,72,Yes,No,DSL,Yes,No,No,No,Yes,Yes,Month-to-month,Yes,Credit card (automatic),76.79,5139.63,No
CUST-04405,Female,0,Yes,No,4,Yes,No,Fiber optic,Yes,Yes,Yes,No,No,Yes,Month-to-month,Yes,Mailed check,100.98,371.45,Yes
CUST-04406,Male,0,Yes,No,14,Yes,No,Fiber optic,Yes,Yes,Yes,No,No,No,One year,Yes,Bank transfer (automatic),90.2,1146.45,No
CUST-04407,Female,1,Yes,No,18,Yes,No,DSL,No,No,Yes,No,No,Yes,Two year,Yes,Mailed check,66.9,1183.42,No
CUST-04408,Female,0,No,No,7,Yes,No,Fiber optic,No,No,No,No,No,Yes,One year,No,Bank transfer (automatic),80.41,557.49,Yes
CUST-04409,Female,0,Yes,No,25,Yes,No,DSL,Yes,Yes,No,No,Yes,Yes,One year,No,Electronic check,79.9,1921.25,No
CUST-04410,Female,0,Yes,No,49,Yes,No,No,No internet service,No internet service,No internet service,No internet service,No internet service,No internet service,Month-to-month,Yes,Credit card (automatic),30.22,1403.92,No
CUST-04411,Female,0,No,No,31,Yes,No,DSL,Yes,No,Yes,Yes,Yes,No,Two year,Yes,Electronic check,83.75,2571.7,Yes
CUST-04412,Male,0,Yes,Yes,40,No,No phone service,Fiber optic,Yes,Yes,No,No,Yes,Yes,Month-to-month,Yes,Mailed check,91.81,3483.49,Yes
CUST-04413,Female,0,No,No,13,Yes,No,DSL,No,No,No,No,No,No,Month-to-month,No,Bank transfer (automatic),57.78,668.24,No
CUST-04414,Male,0,Yes,No,41,Yes,No,No,No internet service,No internet service,No internet service,No internet service,No internet service,No internet service,Month-to-month,Yes,Mailed check,30.71,1137.36,No
CUST-04415,Female,0,Yes,Yes,30,Yes,No,Fiber optic,Yes,Yes,No,No,No,No,Month-to-month,Yes,Electronic check,87.42,2467.39,Yes
CUST-04416,Female,1,Yes,No,8,Yes,No,DSL,Yes,Yes,No,Yes,Yes,Yes,Month-to-month,No,Mailed check,94.51,726.58,Yes
CUST-04417,Female,0,No,No,26,Yes,No,Fiber optic,Yes,No,No,No,Yes,Yes,Month-to-month,No,Mailed check,90.55,2317.41,Yes
CUST-04418,Female,1,Yes,Yes,15,Yes,No,DSL,Yes,Yes,Yes,Yes,No,No,Two year,Yes,Mailed check,81.77,1206.26,No
CUST-04419,Male,0,Yes,Yes,72,Yes,Yes,Fiber optic,No,No,No,Yes,No,Yes,Month-to-month,Yes,Electronic check,90.99,6356.25,No
CUST-04420,Female,0,No,No,51,Yes,No,DSL,No,Yes,No,No,No,Yes,Month-to-month,No,Mailed check,61.46,3054.34,Yes
CUST-04421,Male,0,Yes,No,29,No,No phone service,DSL,Yes,Yes,No,Yes,Yes,No,Month-to-month,Yes,Electronic check,64.13,1724.2,No
CUST-04422,Male,0,No,No,66,Yes,No,Fiber optic,Yes,No,No,No,No,No,One year,No,Electronic check,84.88,5184.22,No
CUST-04423,Male,0,No,No,41,Yes,No,No,No internet service,No internet service,No internet service,No internet service,No internet service,No internet service,One year,No,Bank transfer (automatic),28.92,1094.6,No
CUST-04424,Female,0,No,No,8,Yes,Yes,No,No internet service,No internet service,No internet service,No internet service,No internet service,No internet service,Month-to-month,Yes,Electronic check,34.54,260.14,Yes
CUST-04425,Female,0,Yes,No,72,Yes,No,Fiber optic,Yes,Yes,Yes,No,No,No,One year,No,Electronic check,90.05,6265.08,No
CUST-04426,Male,0,Yes,Yes,6,Yes,No,Fiber optic,No,Yes,Yes,No,No,No,Month-to-month,No,Mailed check,88.8,560.19,No
CUST-04427,Female,1,No,No,72,Yes,No,DSL,No,No,No,Yes,Yes,Yes,Two year,Yes,Electronic check,74.68,4972.9,No
CUST-04428,Female,0,Yes,No,31,No,No phone service,Fiber optic,Yes,Yes,No,Yes,No,Yes,Two year,No,Mailed check,92.51,2630.55,No
CUST-04429,Male,0,Yes,No,25,Yes,Yes,Fiber optic,No,Yes,No,Yes,No,Yes,Month-to-month,Yes,Electronic check,105.48,2538.32,Yes
CUST-04430,Male,1,No,No,13,Yes,No,Fiber optic,No,Yes,No,No,Yes,Yes,Month-to-month,No,Mailed check,95.26,1145.26,Yes
CUST-04431,Male,1,No,No,32,Yes,No,Fiber optic,Yes,No,No,No,No,Yes,Two year,No,Bank transfer (automatic),84.2,2654.89,No
CUST-04432,Female,0,Yes,No,40,Yes,No,DSL,No,No,No,No,No,No,Month-to-month,Yes,Electronic check,53.61,2123.75,No
CUST-04433,Male,0,Yes,No,37,Yes,No,Fiber optic,No,Yes,Yes,Yes,Yes,Yes,Month-to-month,No,Mailed check,108.77,4049.76,No
CUST-04434,Female,0,No,No,30,Yes,No,Fiber optic,Yes,No,No,No,No,No,Month-to-month,Yes,Electronic check,94.71,2718.23,Yes
CUST-04435,Male,0,No,No,22,Yes,No,No,No internet service,No internet service,No internet service,No internet service,No internet service,No internet service,Month-to-month,Yes,Mailed check,31.98,700.57,No
CUST-04436,Male,0,No,No,43,Yes,Yes,Fiber optic,Yes,No,Yes,No,Yes,No,Month-to-month,Yes,Electronic check,93.7,3608.18,Yes
CUST-04437,Male,0,Yes,No,18,Yes,Yes,Fiber optic,Yes,No,Yes,No,Yes,No,One year,No,Credit card (automatic),104.55,,No
CUST-04438,Male,0,Yes,No,24,Yes,No,DSL,No,No,No,No,Yes,No,Month-to-month,No,Electronic check,69.75,1622.03,No
CUST-04439,Female,0,Yes,Yes,35,Yes,Yes,DSL,No,No,Yes,No,Yes,No,Month-to-month,No,Bank transfer (automatic),77.49,2574.06,Yes
CUST-04440,Female,1,Yes,Yes,26,Yes,No,No,No internet service,No internet service,No internet service,No internet service,No internet service,No internet service,Two year,No,Electronic check,32.73,794.95,No
CUST-04441,Female,1,No,Yes,7,Yes,No,Fiber optic,No,Yes,Yes,Yes,No,Yes,Two year,Yes,Electronic check,97.56,573.76,Yes
CUST-04442,Female,0,Yes,Yes,31,Yes,Yes,DSL,Yes,No,No,Yes,No,Yes,One year,Yes,Credit card (automatic),77.39,2316.91,No
CUST-04443,Male,0,Yes,Yes,31,No,No phone service,DSL,Yes,Yes,No,Yes,Yes,No,Month-to-month,No,Bank transfer (automatic),67.99,1942.49,No
CUST-04444,Female,0,No,No,29,Yes,Yes,DSL,No,No,Yes,No,No,No,Month-to-month,Yes,Electronic check,66.43,1789.25,No
CUST-04445,Male,0,Yes,Yes,23,No,No phone service,Fiber optic,No,Yes,No,Yes,No,No,Month-to-month,Yes,Electronic check,76.52,1670.06,Yes
CUST-04446,Female,0,Yes,No,20,Yes,Yes,Fiber optic,No,Yes,No,No,No,No,Two year,Yes,Credit card (automatic),86.86,1655.2,Yes
CUST-04447,Female,0,No,No,26,No,No phone service,DSL,No,Yes,Yes,No,Yes,No,Month-to-month,Yes,Bank transfer (automatic),64.72,1537.04,Yes
CUST-04448,Female,0,Yes,Yes,13,Yes,No,DSL,No,Yes,Yes,Yes,Yes,Yes,Month-to-month,No,Electronic check,84.67,1003.24,Yes
CUST-04449,Male,0,No,No,69,Yes,No,Fiber optic,Yes,No,No,No,Yes,Yes,Month-to-month,Yes,Electronic check,95.0,5946.58,Yes
CUST-04450,Male,0,Yes,No,36,Yes,Yes,DSL,No,Yes,Yes,No,No,No,Month-to-month,No,Mailed check,78.03,2650.83,Yes
CUST-04451,Male,0,Yes,No,33,Yes,No,Fiber optic,No,No,No,Yes,No,Yes,Month-to-month,No,Mailed check,95.35,3090.26,No
CUST-04452,Female,0,No,Yes,57,No,No phone service,DSL,No,No,No,No,Yes,No,Two year,No,Credit card (automatic),52.96,2857.65,Yes
CUST-04453,Female,0,Yes,No,12,Yes,Yes,Fiber optic,No,No,No,No,Yes,Yes,Month-to-month,No,Bank transfer (automatic),96.43,1100.85,Yes
CUST-04454,Male,0,No,No,17,Yes,Yes,Fiber optic,Yes,No,Yes,No,No,No,One year,No,Credit card (automatic),96.24,1526.01,No
CUST-04455,Male,1,Yes,No,16,Yes,No,DSL,No,No,Yes,No,No,No,Two year,Yes,Electronic check,59.5,879.67,No
CUST-04456,Female,0,No,No,34,Yes,Yes,Fiber optic,No,No,No,No,Yes,No,Two year,Yes,Electronic check,89.36,2788.24,No
CUST-04457,Male,0,Yes,No,11,Yes,No,Fiber optic,No,Yes,No,No,No,No,Month-to-month,Yes,Bank transfer (automatic),90.99,927.22,Yes
CUST-04458,Female,0,No,Yes,46,Yes,No,Fiber optic,Yes,No,No,No,No,No,One year,Yes,Credit card (automatic),85.08,3485.47,No
CUST-04459,Female,0,No,No,33,Yes,No,DSL,No,Yes,No,No,No,No,One year,Yes,Credit card (automatic),61.14,1990.06,No
CUST-04460,Male,0,Yes,Yes,15,Yes,No,No,No internet service,No internet service,No internet service,No internet service,No internet service,No internet service,Month-to-month,Yes,Mailed check,36.44,519.11,Yes
CUST-04461,Female,0,Yes,Yes,7,Yes,Yes,DSL,No,Yes,No,No,No,Yes,Two year,Yes,Mailed check,76.82,509.54,No
CUST-04462,Female,0,No,No,33,Yes,No,DSL,No,No,Yes,No,No,No,Month-to-month,Yes,Electronic check,55.93,1760.18,No
CUST-04463,Male,0,No,No,5,No,No phone service,DSL,Yes,Yes,Yes,No,No,No,Month-to-month,No,Bank transfer (automatic),56.64,262.14,Yes
CUST-04464,Male,1,Yes,Yes,14,Yes,No,DSL,No,No,No,No,Yes,Yes,Month-to-month,No,Bank transfer (automatic),64.6,860.4,Yes
CUST-04465,Female,1,No,Yes,24,Yes,Yes,Fiber optic,No,No,Yes,Yes,No,No,One year,No,Bank transfer (automatic),91.34,2011.41,No
CUST-04466,Female,0,Yes,No,22,Yes,Yes,Fiber optic,No,No,Yes,No,No,No,Month-to-month,Yes,Electronic check,87.57,1776.3,Yes
CUST-04467,Male,0,Yes,Yes,15,Yes,No,DSL,No,No,Yes,Yes,Yes,Yes,One year,No,Mailed check,83.84,1181.17,No
CUST-04468,Male,0,No,No,44,Yes,Yes,No,No internet service,No internet service,No internet service,No internet service,No internet service,No internet service,Two year,Yes,Credit card (automatic),34.66,1437.41,No
CUST-04469,Male,0,Yes,No,12,Yes,Yes,No,No internet service,No internet service,No internet service,No internet service,No internet service,No internet service,One year,Yes,Bank transfer (automatic),32.98,392.62,No
CUST-04470,Male,0,Yes,Yes,15,Yes,No,Fiber optic,Yes,No,Yes,No,Yes,No,Month-to-month,Yes,Mailed check,98.82,1345.92,Yes
CUST-04471,Female,0,No,No,28,Yes,Yes,No,No internet service,No internet service,No internet service,No internet service,No internet service,No internet service,Month-to-month,No,Credit card (automatic),38.44,975.52,Yes
CUST-04472,Male,0,No,No,28,Yes,Yes,Fiber optic,No,No,No,No,No,Yes,One year,Yes,Mailed check,94.34,2442.73,No
CUST-04473,Female,0,Yes,No,9,Yes,Yes,DSL,Yes,No,No,Yes,Yes,Yes,Month-to-month,Yes,Bank transfer (automatic),87.59,769.65,No
CUST-04474,Female,0,Yes,Yes,27,Yes,No,No,No internet service,No internet service,No internet service,No internet service,No internet service,No internet service,One year,Yes,Bank transfer (automatic),49.74,1276.22,No
CUST-04475,Male,0,Yes,Yes,17,Yes,No,Fiber optic,Yes,No,No,No,No,No,Month-to-month,Yes,Credit card (automatic),83.79,1451.57,No
CUST-04476,Female,0,No,No,16,Yes,No,DSL,Yes,Yes,No,No,No,Yes,One year,No,Electronic check,71.72,1076.05,No
CUST-04477,Male,0,Yes,No,32,No,No phone service,Fiber optic,Yes,No,No,No,No,No,One year,No,Bank transfer (automatic),70.61,2153.72,Yes
CUST-04478,Female,0,No,Yes,11,Yes,No,No,No internet service,No internet service,No internet service,No internet service,No internet service,No internet service,Two year,Yes,Electronic check,31.53,327.1,Yes
CUST-04479,Male,0,No,Yes,21,Yes,No,Fiber optic,No,No,No,No,Yes,No,Month-to-month,No,Mailed check,86.0,1715.29,Yes
CUST-04480,Male,1,No,No,25,Yes,No,DSL,No,Yes,Yes,Yes,No,No,Two year,Yes,Mailed check,74.07,1691.55,No
CUST-04481,Female,0,Yes,No,32,Yes,No,Fiber optic,No,Yes,Yes,No,No,Yes,One year,Yes,Credit card (automatic),100.92,3045.72,No
CUST-04482,Female,1,Yes,Yes,14,Yes,Yes,Fiber optic,No,No,No,No,No,Yes,Month-to-month,Yes,Electronic check,96.16,1212.46,Yes
CUST-04483,Male,0,Yes,No,38,No,No phone service,Fiber optic,Yes,Yes,Yes,No,No,Yes,Month-to-month,No,Electronic check,83.31,3014.23,Yes
CUST-04484,Female,0,Yes,No,45,No,No phone service,Fiber optic,No,Yes,No,No,Yes,No,One year,Yes,Bank transfer (automatic),78.2,3362.52,No
CUST-04485,Female,0,Yes,Yes,44,Yes,No,Fiber optic,Yes,Yes,Yes,No,Yes,Yes,Month-to-month,Yes,Electronic check,110.51,4536.83,Yes
CUST-04486,Female,0,No,No,8,Yes,No,Fiber optic,No,Yes,No,No,No,Yes,One year,Yes,Electronic check,94.7,694.68,Yes
CUST-04487,Male,0,Yes,No,44,Yes,No,No,No internet service,No internet service,No internet service,No internet service,No internet service,No internet service,One year,No,Credit card (automatic),26.78,1076.7,Yes
CUST-04488,Female,0,Yes,No,45,Yes,No,Fiber optic,Yes,Yes,No,No,No,No,Month-to-month,Yes,Electronic check,91.89,3750.56,Yes
CUST-04489,Male,0,No,No,72,Yes,Yes,DSL,No,No,No,Yes,Yes,Yes,Month-to-month,Yes,Bank transfer (automatic),76.81,5057.78,Yes
CUST-04490,Female,0,No,No,9,Yes,Yes,DSL,No,Yes,Yes,Yes,Yes,No,Month-to-month,Yes,Bank transfer (automatic),84.7,783.23,Yes
CUST-04491,Female,1,Yes,No,63,Yes,No,DSL,No,No,Yes,No,No,No,One year,Yes,Bank transfer (automatic),64.93,3886.35,No
CUST-04492,Female,1,No,No,5,Yes,Yes,Fiber optic,No,No,No,Yes,Yes,No,One year,Yes,Mailed check,93.21,434.06,No
CUST-04493,Male,0,No,No,46,Yes,Yes,Fiber optic,No,Yes,No,No,Yes,Yes,Month-to-month,Yes,Credit card (automatic),101.56,4272.63,No
CUST-04494,Female,0,Yes,Yes,52,Yes,Yes,Fiber optic,Yes,Yes,No,No,Yes,Yes,One year,Yes,Electronic check,110.84,5387.66,No
CUST-04495,Female,1,No,Yes,45,Yes,No,Fiber optic,Yes,No,No,Yes,Yes,No,One year,Yes,Credit card (automatic),96.87,4187.42,No
CUST-04496,Male,0,Yes,No,6,Yes,No,DSL,No,Yes,Yes,No,Yes,No,Two year,Yes,Electronic check,73.39,422.12,Yes
CUST-04497,Female,0,Yes,Yes,60,Yes,Yes,DSL,No,No,No,No,Yes,Yes,Month-to-month,Yes,Bank transfer (automatic),76.81,4487.74,No
CUST-04498,Female,0,Yes,No,72,Yes,No,DSL,Yes,Yes,Yes,No,No,No,Month-to-month,Yes,Electronic check,76.47,5370.61,Yes
CUST-04499,Female,0,Yes,Yes,10,Yes,No,DSL,No,Yes,No,Yes,No,Yes,Month-to-month,No,Electronic check,78.08,733.42,Yes
CUST-04500,Female,0,No,No,20,Yes,No,DSL,No,No,No,No,No,Yes,Month-to-month,No,Bank transfer (automatic),60.21,1102.42,No
CUST-04501,Male,0,No,No,14,Yes,Yes,Fiber optic,Yes,No,No,No,Yes,Yes,One year,Yes,Electronic check,100.26,1307.66,No
CUST-04502,Male,0,Yes,Yes,40,Yes,Yes,DSL,Yes,No,No,No,No,No,Two year,No,Electronic check,70.58,2731.52,No
CUST-04503,Male,0,No,No,18,Yes,Yes,Fiber optic,No,No,No,No,Yes,No,Month-to-month,Yes,Electronic check,97.62,1611.46,Yes
CUST-04504,Male,0,Yes,No,41,Yes,Yes,No,No internet service,No internet service,No internet service,No internet service,No internet service,No internet service,One year,Yes,Bank transfer (automatic),35.48,1474.52,No
CUST-04505,Female,0,Yes,No,23,Yes,Yes,DSL,Yes,Yes,No,Yes,No,Yes,One year,No,Credit card (automatic),88.23,1858.76,No
CUST-04506,Female,0,No,Yes,28,Yes,No,DSL,No,Yes,No,Yes,No,No,Month-to-month,No,Electronic check,67.76,1817.12,No
CUST-04507,Female,1,Yes,No,25,Yes,No,DSL,No,Yes,Yes,No,Yes,Yes,Month-to-month,Yes,Bank transfer (automatic),76.4,1814.96,Yes
CUST-04508,Male,1,No,No,5,Yes,Yes,DSL,Yes,No,No,No,Yes,Yes,Month-to-month,Yes,Bank transfer (automatic),83.34,403.33,Yes
CUST-04509,Female,0,Yes,Yes,27,Yes,No,DSL,No,Yes,Yes,No,Yes,No,Month-to-month,Yes,Electronic check,72.9,1708.73,No
CUST-04510,Male,0,No,No,7,Yes,Yes,No,No internet service,No internet service,No internet service,No internet service,No internet service,No internet service,Two year,Yes,Credit card (automatic),43.49,296.31,No
CUST-04511,Female,0,Yes,Yes,8,Yes,Yes,Fiber optic,No,Yes,No,No,Yes,Yes,One year,No,Mailed check,97.88,726.03,No
CUST-04512,Male,0,Yes,Yes,61,Yes,No,DSL,Yes,Yes,No,No,No,Yes,One year,No,Mailed check,75.08,4168.88,No
CUST-04513,Female,0,No,No,39,Yes,Yes,Fiber optic,Yes,Yes,No,Yes,Yes,No,Two year,No,Bank transfer (automatic),108.17,4108.43,No
CUST-04514,Male,0,No,No,37,Yes,Yes,Fiber optic,No,No,No,No,No,No,Month-to-month,No,Bank transfer (automatic),84.97,2755.74,Yes
CUST-04515,Male,0,Yes,Yes,28,No,No phone service,Fiber optic,Yes,No,Yes,Yes,Yes,No,Month-to-month,No,Electronic check,79.67,2246.81,No
CUST-04516,Male,0,No,No,72,Yes,No,Fiber optic,No,Yes,No,No,Yes,No,Month-to-month,No,Electronic check,84.04,5731.82,Yes
CUST-04517,Female,1,Yes,Yes,27,Yes,No,Fiber optic,No,No,No,No,Yes,No,Month-to-month,No,Electronic check,86.7,2188.37,Yes
CUST-04518,Female,0,Yes,Yes,24,Yes,Yes,Fiber optic,Yes,No,Yes,No,No,Yes,One year,Yes,Electronic check,107.13,2303.08,No
CUST-04519,Male,0,Yes,No,23,Yes,Yes,DSL,No,No,Yes,No,No,Yes,One year,No,Credit card (automatic),70.37,1506.22,Yes
CUST-04520,Female,0,No,No,55,Yes,Yes,DSL,No,Yes,No,No,Yes,Yes,Month-to-month,No,Bank transfer (automatic),70.9,3825.55,Yes
CUST-04521,Male,0,No,Yes,26,No,No phone service,Fiber optic,No,Yes,No,No,Yes,Yes,Two year,Yes,Bank transfer (automatic),82.36,,No
CUST-04522,Male,0,No,No,32,Yes,Yes,DSL,Yes,Yes,Yes,No,No,No,Month-to-month,Yes,Bank transfer (automatic),84.07,2581.72,No
CUST-04523,Male,0,No,No,57,Yes,No,No,No internet service,No internet service,No internet service,No internet service,No internet service,No internet service,Month-to-month,No,Mailed check,36.72,2041.44,No
CUST-04524,Male,0,Yes,No,37,Yes,No,Fiber optic,Yes,No,No,Yes,No,No,Month-to-month,Yes,Electronic check,91.78,3090.96,Yes
CUST-04525,Male,0,Yes,No,48,Yes,No,Fiber optic,Yes,Yes,Yes,Yes,No,Yes,Month-to-month,Yes,Electronic check,109.61,4647.01,Yes
CUST-04526,Female,0,Yes,No,14,Yes,Yes,No,No internet service,No internet service,No internet service,No internet service,No internet service,No internet service,One year,Yes,Bank transfer (automatic),47.78,605.36,Yes
CUST-04527,Female,0,No,No,9,Yes,No,Fiber optic,No,No,No,Yes,No,No,One year,Yes,Electronic check,81.64,689.92,No
CUST-04528,Female,0,Yes,No,70,Yes,No,No,No internet service,No internet service,No internet service,No internet service,No internet service,No internet service,One year,No,Bank transfer (automatic),38.24,2493.86,No
CUST-04529,Female,0,No,No,47,Yes,Yes,No,No internet service,No internet service,No internet service,No internet service,No internet service,No internet service,Month-to-month,No,Bank transfer (automatic),47.26,2068.16,No
CUST-04530,Male,0,No,No,40,Yes,Yes,Fiber optic,No,Yes,Yes,No,No,No,Month-to-month,Yes,Credit card (automatic),96.47,3696.72,Yes
CUST-04531,Female,0,No,No,34,Yes,No,DSL,Yes,No,No,Yes,Yes,Yes,Month-to-month,Yes,Electronic check,80.06,2517.76,Yes
CUST-04532,Female,0,Yes,No,26,Yes,No,No,No internet service,No internet service,No internet service,No internet service,No internet service,No internet service,Two year,Yes,Credit card (automatic),30.37,712.92,No
CUST-04533,Male,0,Yes,No,14,Yes,No,Fiber optic,No,Yes,No,No,No,No,Month-to-month,Yes,Mailed check,78.54,995.67,No
CUST-04534,Male,0,No,No,14,Yes,No,Fiber optic,No,Yes,Yes,No,Yes,No,Month-to-month,Yes,Bank transfer (automatic),81.74,1100.29,Yes
CUST-04535,Female,0,No,No,9,Yes,Yes,Fiber optic,Yes,No,No,No,No,Yes,Two year,Yes,Electronic check,101.13,889.69,No
CUST-04536,Male,1,Yes,No,7,No,No phone service,DSL,No,No,Yes,Yes,Yes,No,Month-to-month,No,Bank transfer (automatic),58.45,404.69,No
CUST-04537,Female,0,No,No,12,No,No phone service,DSL,No,Yes,No,No,No,Yes,Two year,Yes,Mailed check,54.27,601.34,No
CUST-04538,Male,0,No,No,19,Yes,No,No,No internet service,No internet service,No internet service,No internet service,No internet service,No internet service,Two year,No,Electronic check,28.54,513.07,Yes
CUST-04539,Male,0,Yes,Yes,70,Yes,Yes,Fiber optic,Yes,Yes,No,No,Yes,Yes,Two year,Yes,Mailed check,106.29,7116.75,No
CUST-04540,Male,0,No,No,6,Yes,Yes,DSL,No,Yes,Yes,Yes,No,No,Month-to-month,Yes,Mailed check,86.42,492.66,Yes
CUST-04541,Male,1,Yes,Yes,28,Yes,No,DSL,No,No,Yes,No,Yes,Yes,Two year,Yes,Bank transfer (automatic),72.61,1950.99,No
CUST-04542,Male,0,No,No,72,No,No phone service,Fiber optic,No,No,No,Yes,No,Yes,One year,Yes,Electronic check,83.49,5797.08,No
CUST-04543,Male,0,Yes,No,54,Yes,Yes,No,No internet service,No internet service,No internet service,No internet service,No internet service,No internet service,Two year,No,Bank transfer (automatic),38.02,1874.95,No
CUST-04544,Male,1,Yes,No,26,Yes,Yes,Fiber optic,No,No,Yes,No,Yes,No,Month-to-month,Yes,Mailed check,96.5,2303.93,Yes
CUST-04545,Female,0,Yes,Yes,15,Yes,No,Fiber optic,No,No,Yes,Yes,No,No,Month-to-month,No,Mailed check,94.54,1354.2,Yes
CUST-04546,Male,0,No,No,4,Yes,Yes,Fiber optic,No,No,No,No,No,Yes,Month-to-month,Yes,Bank transfer (automatic),94.44,341.97,Yes
CUST-04547,Male,0,No,No,29,Yes,Yes,DSL,Yes,Yes,No,No,No,Yes,Month-to-month,No,Credit card (automatic),85.54,2277.78,Yes
CUST-04548,Male,0,Yes,No,43,Yes,No,DSL,Yes,No,Yes,No,Yes,No,One year,No,Bank transfer (automatic),87.03,3538.08,No
CUST-04549,Male,0,Yes,No,15,Yes,No,No,No internet service,No internet service,No internet service,No internet service,No internet service,No internet service,Two year,Yes,Electronic check,36.91,510.9,No
CUST-04550,Male,0,Yes,Yes,57,No,No phone service,DSL,Yes,No,No,No,No,Yes,Two year,Yes,Electronic check,55.7,3023.83,No
CUST-04551,Female,1,Yes,No,24,Yes,Yes,No,No internet service,No internet service,No internet service,No internet service,No internet service,No internet service,Month-to-month,No,Bank transfer (automatic),42.97,944.05,No
CUST-04552,Female,0,No,No,33,Yes,Yes,DSL,No,No,No,No,No,No,Month-to-month,No,Mailed check,61.32,1733.44,No
CUST-04553,Female,0,Yes,No,26,Yes,No,No,No internet service,No internet service,No internet service,No internet service,No internet service,No internet service,One year,Yes,Bank transfer (automatic),33.88,837.07,No
CUST-04554,Male,0,No,Yes,56,Yes,No,No,No internet service,No internet service,No internet service,No internet service,No internet service,No internet service,Month-to-month,No,Electronic check,43.0,2257.37,No
CUST-04555,Male,0,No,No,58,Yes,No,DSL,No,Yes,Yes,Yes,Yes,Yes,Month-to-month,Yes,Electronic check,84.74,4836.16,Yes
CUST-04556,Female,1,Yes,Yes,38,No,No phone service,Fiber optic,No,Yes,Yes,No,Yes,Yes,Month-to-month,Yes,Electronic check,89.38,3148.29,Yes
CUST-04557,Female,0,No,No,21,Yes,No,No,No internet service,No internet service,No internet service,No internet service,No internet service,No internet service,Month-to-month,No,Bank transfer (automatic),30.46,603.12,No
CUST-04558,Male,0,No,No,26,Yes,Yes,DSL,Yes,No,Yes,No,Yes,No,Month-to-month,Yes,Credit card (automatic),77.63,1868.81,No
CUST-04559,Male,1,No,Yes,72,Yes,No,DSL,No,No,No,No,Yes,Yes,Month-to-month,No,Electronic check,67.72,4462.47,Yes
CUST-04560,Male,1,No,Yes,72,Yes,No,DSL,Yes,No,No,No,Yes,Yes,Two year,Yes,Mailed check,83.17,5527.56,No
CUST-04561,Female,1,Yes,Yes,27,Yes,Yes,Fiber optic,No,No,Yes,No,Yes,Yes,Two year,Yes,Bank transfer (automatic),103.37,2527.53,No
CUST-04562,Female,0,Yes,No,10,Yes,Yes,Fiber optic,No,Yes,No,Yes,No,No,Month-to-month,No,Credit card (automatic),94.85,895.68,Yes
CUST-04563,Female,0,No,No,50,Yes,Yes,Fiber optic,Yes,Yes,Yes,No,No,Yes,One year,Yes,Electronic check,105.84,4993.44,Yes
CUST-04564,Female,0,Yes,No,18,Yes,No,DSL,Yes,Yes,No,No,No,Yes,One year,No,Electronic check,74.44,1214.21,No
CUST-04565,Male,0,No,No,67,Yes,Yes,DSL,No,Yes,No,No,Yes,No,Month-to-month,Yes,Electronic check,76.65,4978.17,Yes
CUST-04566,Female,1,No,No,15,Yes,No,DSL,Yes,No,Yes,No,No,No,Month-to-month,No,Credit card (automatic),66.12,906.93,No
CUST-04567,Male,0,Yes,No,18,Yes,Yes,DSL,Yes,No,No,No,No,Yes,Month-to-month,Yes,Credit card (automatic),78.31,1323.77,Yes
CUST-04568,Male,0,Yes,Yes,9,Yes,No,Fiber optic,No,No,No,No,Yes,Yes,One year,Yes,Electronic check,94.85,827.14,Yes
CUST-04569,Female,1,Yes,No,72,Yes,No,DSL,No,Yes,No,No,No,No,Month-to-month,Yes,Credit card (automatic),64.08,4544.77,Yes
CUST-04570,Female,1,No,No,12,Yes,Yes,Fiber optic,No,No,No,No,No,No,Month-to-month,No,Electronic check,79.08,813.35,Yes
CUST-04571,Male,0,Yes,No,47,Yes,Yes,DSL,Yes,No,No,No,No,No,Month-to-month,Yes,Credit card (automatic),71.66,3267.2,Yes
CUST-04572,Female,1,Yes,No,23,No,No phone service,DSL,Yes,No,Yes,No,No,Yes,Two year,Yes,Bank transfer (automatic),54.94,1198.23,No
CUST-04573,Female,0,No,Yes,18,No,No phone service,Fiber optic,Yes,No,No,No,Yes,No,Two year,Yes,Credit card (automatic),68.51,1179.8,No
CUST-04574,Male,0,No,No,17,Yes,Yes,DSL,Yes,Yes,No,No,Yes,No,One year,No,Bank transfer (automatic),84.7,1328.58,Yes
CUST-04575,Male,0,No,No,66,Yes,Yes,Fiber optic,Yes,No,No,Yes,No,No,Month-to-month,Yes,Electronic check,85.38,5434.72,No
CUST-04576,Male,1,No,No,72,Yes,No,No,No internet service,No internet service,No internet service,No internet service,No internet service,No internet service,One year,Yes,Bank transfer (automatic),33.73,2371.82,No
CUST-04577,Female,1,Yes,No,61,Yes,Yes,Fiber optic,Yes,Yes,Yes,Yes,No,No,One year,Yes,Bank transfer (automatic),110.9,6491.26,No
CUST-04578,Female,0,No,No,5,Yes,No,No,No internet service,No internet service,No internet service,No internet service,No internet service,No internet service,One year,Yes,Mailed check,42.71,206.95,Yes
CUST-04579,Female,0,No,No,48,Yes,Yes,DSL,No,Yes,No,No,No,Yes,Month-to-month,Yes,Electronic check,68.43,3302.24,Yes
CUST-04580,Female,0,Yes,Yes,23,No,No phone service,No,No internet service,No internet service,No internet service,No internet service,No internet service,No internet service,Month-to-month,No,Bank transfer (automatic),18.0,409.17,No
CUST-04581,Female,0,Yes,Yes,24,Yes,No,DSL,No,No,No,Yes,No,No,One year,Yes,Mailed check,60.86,1338.4,No
CUST-04582,Male,1,Yes,No,31,Yes,No,DSL,Yes,Yes,Yes,No,Yes,No,Month-to-month,Yes,Electronic check,83.23,2487.47,Yes
CUST-04583,Female,0,No,No,27,Yes,Yes,DSL,Yes,Yes,No,No,No,No,Month-to-month,No,Electronic check,71.55,1889.71,No
CUST-04584,Male,0,No,Yes,38,Yes,Yes,DSL,No,Yes,Yes,No,No,Yes,One year,Yes,Electronic check,91.49,3303.98,Yes
CUST-04585,Male,0,No,No,22,Yes,Yes,Fiber optic,No,Yes,Yes,No,No,No,One year,Yes,Electronic check,91.64,1939.74,No
CUST-04586,Male,0,No,No,51,Yes,No,No,No internet service,No internet service,No internet service,No internet service,No internet service,No internet service,Two year,Yes,Electronic check,33.44,1510.46,No
CUST-04587,Female,0,Yes,Yes,28,Yes,No,DSL,No,Yes,Yes,No,No,No,Month-to-month,No,Electronic check,72.82,1911.33,No
CUST-04588,Female,1,No,No,29,Yes,Yes,DSL,No,No,No,No,Yes,Yes,Month-to-month,Yes,Electronic check,78.44,2115.41,No
CUST-04589,Male,0,No,No,26,Yes,No,Fiber optic,No,No,Yes,Yes,Yes,Yes,Month-to-month,Yes,Electronic check,99.94,2353.63,Yes
CUST-04590,Female,0,No,Yes,47,Yes,No,Fiber optic,No,Yes,No,Yes,No,Yes,Month-to-month,Yes,Electronic check,87.98,4024.24,Yes
CUST-04591,Male,0,Yes,Yes,19,Yes,No,Fiber optic,Yes,Yes,Yes,Yes,Yes,No,Month-to-month,Yes,Mailed check,105.32,1796.23,No
CUST-04592,Female,1,No,No,39,Yes,No,Fiber optic,Yes,Yes,No,Yes,Yes,Yes,Two year,Yes,Electronic check,99.45,3769.72,No
CUST-04593,Female,0,No,No,29,Yes,No,DSL,Yes,Yes,No,No,No,Yes,Two year,No,Bank transfer (automatic),75.11,2034.81,No
CUST-04594,Male,0,Yes,Yes,67,Yes,No,Fiber optic,Yes,Yes,No,Yes,No,No,Month-to-month,No,Electronic check,96.88,6357.88,Yes
CUST-04595,Male,0,No,Yes,20,Yes,No,DSL,Yes,Yes,Yes,No,Yes,Yes,Month-to-month,Yes,Mailed check,84.16,1604.2,No
CUST-04596,Female,1,Yes,No,52,Yes,No,Fiber optic,No,Yes,Yes,No,No,No,Month-to-month,Yes,Electronic check,87.97,4321.33,Yes
CUST-04597,Male,0,Yes,No,34,Yes,Yes,Fiber optic,No,No,Yes,No,No,No,Two year,Yes,Bank transfer (automatic),85.39,2723.86,No
CUST-04598,Female,0,No,No,64,Yes,Yes,DSL,Yes,Yes,No,No,No,Yes,One year,Yes,Electronic check,93.49,5525.0,No
CUST-04599,Male,0,Yes,No,28,Yes,No,DSL,No,No,No,No,No,No,Two year,Yes,Mailed check,61.52,1632.23,No
CUST-04600,Male,0,No,No,19,Yes,Yes,Fiber optic,No,No,Yes,Yes,Yes,No,Two year,Yes,Credit card (automatic),96.0,1582.29,No
CUST-04601,Male,1,No,No,19,Yes,Yes,No,No internet service,No internet service,No internet service,No internet service,No internet service,No internet service,Month-to-month,No,Credit card (automatic),34.15,602.79,Yes
CUST-04602,Male,1,Yes,No,31,Yes,Yes,Fiber optic,No,Yes,No,No,No,Yes,Month-to-month,Yes,Electronic check,98.06,2923.88,Yes
CUST-04603,Female,0,Yes,No,27,Yes,No,DSL,Yes,No,No,No,Yes,No,Month-to-month,Yes,Mailed check,61.23,1548.07,Yes
CUST-04604,Male,0,Yes,No,20,Yes,Yes,DSL,No,Yes,No,Yes,No,No,Month-to-month,Yes,Bank transfer (automatic),72.34,1404.7,Yes
CUST-04605,Female,1,Yes,Yes,32,No,No phone service,Fiber optic,No,No,No,No,No,Yes,Two year,No,Credit card (automatic),73.37,2140.87,No
CUST-04606,Female,1,No,No,2,Yes,No,DSL,No,No,No,No,Yes,Yes,One year,No,Electronic check,74.34,134.49,No
CUST-04607,Female,0,Yes,No,23,Yes,Yes,Fiber optic,No,No,Yes,Yes,No,Yes,Month-to-month,No,Credit card (automatic),102.79,2232.26,Yes
CUST-04608,Female,0,No,No,27,Yes,Yes,Fiber optic,No,No,Yes,No,Yes,No,Month-to-month,Yes,Electronic check,95.93,2379.59,Yes
CUST-04609,Male,0,Yes,Yes,6,Yes,Yes,Fiber optic,No,Yes,Yes,No,Yes,No,One year,Yes,Electronic check,108.65,625.63,Yes
CUST-04610,Female,1,Yes,Yes,11,Yes,Yes,DSL,No,No,Yes,Yes,Yes,No,Month-to-month,Yes,Mailed check,76.49,776.67,No
CUST-04611,Female,0,No,No,12,Yes,Yes,Fiber optic,Yes,Yes,No,Yes,No,No,Month-to-month,No,Credit card (automatic),98.42,1118.52,Yes
CUST-04612,Female,0,Yes,No,26,Yes,Yes,Fiber optic,Yes,No,No,No,No,Yes,One year,Yes,Credit card (automatic),103.56,2304.05,No
CUST-04613,Male,0,No,No,22,Yes,No,Fiber optic,Yes,No,Yes,Yes,No,No,Month-to-month,No,Credit card (automatic),95.04,1941.97,Yes
CUST-04614,Male,0,No,No,22,Yes,Yes,DSL,Yes,Yes,Yes,No,Yes,Yes,Month-to-month,Yes,Electronic check,94.85,1938.81,Yes
CUST-04615,Male,0,No,No,6,Yes,Yes,Fiber optic,No,Yes,No,No,No,Yes,Two year,Yes,Bank transfer (automatic),96.5,508.87,No
CUST-04616,Female,0,Yes,Yes,55,Yes,No,DSL,No,No,No,No,No,Yes,Two year,No,Electronic check,77.12,4021.06,No
CUST-04617,Female,0,Yes,No,65,Yes,No,Fiber optic,No,Yes,No,No,Yes,No,Two year,No,Bank transfer (automatic),87.66,5330.1,No
CUST-04618,Male,0,No,No,8,Yes,Yes,Fiber optic,Yes,No,Yes,Yes,Yes,No,Month-to-month,Yes,Bank transfer (automatic),111.4,811.57,Yes
CUST-04619,Male,0,Yes,Yes,21,No,No phone service,DSL,No,No,No,Yes,Yes,Yes,One year,Yes,Mailed check,52.56,1087.2,Yes
CUST-04620,Male,1,No,No,22,Yes,Yes,DSL,Yes,Yes,Yes,No,No,No,One year,Yes,Electronic check,82.78,1648.44,No
CUST-04621,Male,0,No,Yes,36,Yes,No,DSL,No,Yes,No,No,Yes,Yes,Month-to-month,No,Mailed check,80.74,2824.54,Yes
CUST-04622,Male,0,No,No,19,No,No phone service,No,No internet service,No internet service,No internet service,No internet service,No internet service,No internet service,Month-to-month,No,Credit card (automatic),22.04,392.04,No
CUST-04623,Male,0,No,No,51,Yes,No,No,No internet service,No internet service,No internet service,No internet service,No internet service,No internet service,Two year,Yes,Credit card (automatic),35.42,1757.32,No
CUST-04624,Female,0,No,No,10,Yes,No,DSL,Yes,Yes,Yes,No,Yes,No,Month-to-month,Yes,Credit card (automatic),84.64,812.25,No
CUST-04625,Female,0,Yes,Yes,43,Yes,No,Fiber optic,No,Yes,No,No,No,Yes,Month-to-month,No,Bank transfer (automatic),87.07,3263.52,No
CUST-04626,Female,0,No,Yes,35,Yes,Yes,Fiber optic,No,No,Yes,Yes,Yes,No,Month-to-month,Yes,Mailed check,105.2,3328.63,Yes
CUST-04627,Female,1,No,No,9,Yes,No,No,No internet service,No internet service,No internet service,No internet service,No internet service,No internet service,Month-to-month,No,Bank transfer (automatic),41.97,344.07,Yes
CUST-04628,Female,1,Yes,No,20,Yes,Yes,DSL,Yes,Yes,Yes,No,Yes,Yes,Month-to-month,Yes,Electronic check,89.66,1832.14,No
CUST-04629,Male,0,No,Yes,10,No,No phone service,DSL,Yes,No,No,No,No,No,Month-to-month,Yes,Bank transfer (automatic),57.0,556.25,No
CUST-04630,Female,1,Yes,No,72,Yes,No,DSL,No,No,No,Yes,No,Yes,Month-to-month,No,Mailed check,70.62,5042.25,No
CUST-04631,Female,0,Yes,No,23,Yes,Yes,DSL,Yes,No,Yes,No,Yes,Yes,Month-to-month,Yes,Bank transfer (automatic),88.93,1841.87,Yes
CUST-04632,Female,0,No,No,18,Yes,Yes,DSL,No,No,No,Yes,No,Yes,Two year,Yes,Credit card (automatic),64.95,1107.24,No
CUST-04633,Female,1,No,No,5,Yes,Yes,Fiber optic,No,No,No,Yes,Yes,Yes,One year,Yes,Electronic check,96.08,439.27,No
CUST-04634,Female,0,Yes,Yes,33,Yes,No,Fiber optic,Yes,No,Yes,Yes,No,No,Month-to-month,No,Credit card (automatic),95.33,3131.57,No
CUST-04635,Female,0,No,No,20,Yes,Yes,Fiber optic,Yes,Yes,No,No,No,No,One year,Yes,Mailed check,101.28,1939.46,No
CUST-04636,Male,0,Yes,No,43,Yes,Yes,No,No internet service,No internet service,No internet service,No internet service,No internet service,No internet service,Two year,No,Mailed check,36.61,1467.16,No
CUST-04637,Male,0,Yes,No,72,Yes,Yes,Fiber optic,Yes,Yes,Yes,No,No,Yes,Month-to-month,No,Electronic check,103.74,6848.88,No
CUST-04638,Female,1,Yes,No,47,Yes,No,No,No internet service,No internet service,No internet service,No internet service,No internet service,No internet service,One year,No,Bank transfer (automatic),30.83,1396.17,No
CUST-04639,Male,0,No,Yes,11,Yes,Yes,DSL,Yes,No,Yes,Yes,Yes,Yes,Month-to-month,Yes,Mailed check,101.84,1067.15,Yes
CUST-04640,Male,0,Yes,No,18,Yes,No,No,No internet service,No internet service,No internet service,No internet service,No internet service,No internet service,One year,Yes,Credit card (automatic),37.65,629.37,No
CUST-04641,Male,0,Yes,Yes,8,Yes,No,No,No internet service,No internet service,No internet service,No internet service,No internet service,No internet service,One year,No,Electronic check,31.97,233.68,No
CUST-04642,Female,1,No,No,15,Yes,No,Fiber optic,Yes,No,Yes,No,No,No,Month-to-month,Yes,Electronic check,90.07,1301.44,Yes
CUST-04643,Male,0,Yes,Yes,53,Yes,No,DSL,No,Yes,Yes,No,No,Yes,One year,No,Mailed check,65.7,3268.56,No
CUST-04644,Female,0,Yes,Yes,16,Yes,Yes,DSL,Yes,Yes,No,No,Yes,Yes,Month-to-month,Yes,Credit card (automatic),82.5,1210.6,Yes
CUST-04645,Female,0,Yes,Yes,43,Yes,Yes,Fiber optic,No,No,No,No,No,Yes,Two year,Yes,Electronic check,86.05,3507.04,No
CUST-04646,Female,0,No,No,17,Yes,Yes,Fiber optic,Yes,Yes,No,No,No,No,Month-to-month,Yes,Mailed check,94.91,1558.67,Yes
CUST-04647,Male,0,No,No,46,Yes,Yes,DSL,Yes,No,No,Yes,Yes,No,Month-to-month,Yes,Credit card (automatic),87.17,3770.77,No
CUST-04648,Female,0,No,No,11,Yes,No,No,No internet service,No internet service,No internet service,No internet service,No internet service,No internet service,Two year,Yes,Electronic check,31.6,334.72,No
CUST-04649,Female,0,Yes,No,9,Yes,Yes,Fiber optic,No,Yes,Yes,No,No,No,Month-to-month,Yes,Credit card (automatic),90.83,743.33,Yes
CUST-04650,Female,0,Yes,Yes,72,Yes,No,Fiber optic,No,Yes,No,Yes,Yes,No,One year,Yes,Bank transfer (automatic),93.73,6693.85,No
CUST-04651,Female,0,No,No,12,No,No phone service,No,No internet service,No internet service,No internet service,No internet service,No internet service,No internet service,Month-to-month,No,Bank transfer (automatic),18.0,196.7,No
CUST-04652,Male,0,Yes,Yes,54,Yes,Yes,Fiber optic,No,Yes,Yes,Yes,Yes,Yes,Month-to-month,No,Credit card (automatic),111.69,5788.07,No
CUST-04653,Female,0,Yes,No,38,Yes,No,No,No internet service,No internet service,No internet service,No internet service,No internet service,No internet service,Two year,No,Credit card (automatic),32.6,1159.18,No
CUST-04654,Female,0,Yes,No,14,Yes,No,Fiber optic,No,Yes,Yes,No,No,No,Month-to-month,Yes,Electronic check,92.21,1171.25,Yes
CUST-04655,Female,0,Yes,No,14,Yes,Yes,Fiber optic,No,No,No,Yes,Yes,Yes,Month-to-month,Yes,Electronic check,96.94,1258.42,Yes
CUST-04656,Female,0,Yes,No,21,Yes,No,Fiber optic,Yes,Yes,Yes,Yes,No,No,Two year,Yes,Bank transfer (automatic),107.49,2260.32,No
CUST-04657,Female,0,No,Yes,55,Yes,Yes,Fiber optic,No,Yes,No,Yes,Yes,Yes,One year,Yes,Mailed check,103.15,5140.61,No
CUST-04658,Male,0,Yes,Yes,18,No,No phone service,Fiber optic,No,Yes,No,No,No,No,Month-to-month,Yes,Mailed check,71.29,1163.0,Yes
CUST-04659,Female,0,No,No,43,Yes,Yes,DSL,No,Yes,No,No,No,Yes,Month-to-month,No,Bank transfer (automatic),71.24,2786.24,Yes
CUST-04660,Female,0,Yes,Yes,35,Yes,Yes,Fiber optic,Yes,No,Yes,No,No,Yes,Month-to-month,No,Bank transfer (automatic),96.95,3307.65,No
CUST-04661,Male,0,No,Yes,35,Yes,No,No,No internet service,No internet service,No internet service,No internet service,No internet service,No internet service,Month-to-month,No,Credit card (automatic),38.06,1260.64,No
CUST-04662,Male,1,No,No,72,Yes,Yes,Fiber optic,No,No,No,No,No,No,Month-to-month,Yes,Bank transfer (automatic),88.54,5902.26,Yes
CUST-04663,Female,0,No,No,40,No,No phone service,DSL,Yes,No,No,Yes,No,No,Month-to-month,Yes,Credit card (automatic),60.47,2249.26,Yes
CUST-04664,Female,1,Yes,No,35,Yes,No,DSL,No,Yes,No,No,No,No,Month-to-month,No,Electronic check,69.25,2240.53,No
CUST-04665,Female,0,No,No,5,Yes,Yes,Fiber optic,No,Yes,Yes,No,No,No,One year,No,Bank transfer (automatic),87.19,406.81,No
CUST-04666,Male,0,Yes,Yes,65,Yes,No,DSL,Yes,No,No,No,Yes,No,Two year,Yes,Electronic check,72.49,4252.79,No
CUST-04667,Female,0,No,No,47,Yes,No,Fiber optic,No,Yes,No,Yes,Yes,Yes,Month-to-month,Yes,Credit card (automatic),101.76,4266.47,Yes
CUST-04668,Female,0,No,No,34,Yes,Yes,DSL,Yes,No,Yes,No,No,Yes,Month-to-month,Yes,Mailed check,76.75,2474.03,No
CUST-04669,Male,0,No,No,21,Yes,Yes,DSL,No,No,No,No,No,No,One year,No,Mailed check,61.71,1190.05,No
CUST-04670,Female,0,No,No,5,Yes,Yes,Fiber optic,No,Yes,Yes,No,Yes,Yes,Month-to-month,No,Bank transfer (automatic),102.28,488.14,No
CUST-04671,Female,1,No,Yes,40,Yes,Yes,DSL,No,No,No,Yes,Yes,No,Month-to-month,No,Credit card (automatic),78.22,2959.48,No
CUST-04672,Male,0,No,No,27,Yes,Yes,Fiber optic,Yes,No,No,No,Yes,Yes,Month-to-month,Yes,Electronic check,106.11,2809.8,Yes
CUST-04673,Female,1,Yes,No,72,Yes,No,No,No internet service,No internet service,No internet service,No internet service,No internet service,No internet service,Two year,No,Bank transfer (automatic),33.12,2254.6,No
CUST-04674,Male,0,Yes,Yes,43,Yes,Yes,DSL,No,No,No,No,Yes,Yes,Month-to-month,No,Credit card (automatic),67.68,2795.85,Yes
CUST-04675,Male,0,No,No,30,Yes,Yes,Fiber optic,No,Yes,No,Yes,Yes,Yes,Month-to-month,Yes,Bank transfer (automatic),106.1,2930.18,Yes
CUST-04676,Female,0,No,No,72,No,No phone service,Fiber optic,No,Yes,No,No,No,Yes,Month-to-month,No,Electronic check,67.8,4299.72,Yes
CUST-04677,Male,0,No,No,27,Yes,No,Fiber optic,No,Yes,No,Yes,Yes,No,Month-to-month,No,Electronic check,105.84,2660.1,Yes
CUST-04678,Male,1,Yes,No,72,Yes,No,DSL,Yes,Yes,Yes,Yes,No,Yes,One year,Yes,Electronic check,91.21,6051.78,No
CUST-04679,Male,1,No,No,4,Yes,No,DSL,No,No,Yes,No,Yes,Yes,Month-to-month,No,Mailed check,79.57,288.36,Yes
CUST-04680,Female,1,Yes,Yes,72,Yes,No,DSL,No,No,No,No,No,No,One year,Yes,Bank transfer (automatic),52.22,3644.42,No
CUST-04681,Female,1,Yes,Yes,55,Yes,No,Fiber optic,No,Yes,Yes,No,No,No,Two year,Yes,Mailed check,94.44,4823.7,No
CUST-04682,Female,0,Yes,No,13,Yes,Yes,No,No internet service,No internet service,No internet service,No internet service,No internet service,No internet service,Two year,Yes,Mailed check,40.11,496.26,No
CUST-04683,Male,0,Yes,No,72,Yes,No,DSL,Yes,No,Yes,No,Yes,Yes,Month-to-month,Yes,Credit card (automatic),80.07,5187.25,Yes
CUST-04684,Female,1,No,No,3,Yes,Yes,DSL,Yes,No,No,No,Yes,Yes,Month-to-month,Yes,Electronic check,83.46,237.01,Yes
CUST-04685,Male,0,Yes,No,9,No,No phone service,Fiber optic,Yes,Yes,No,No,Yes,Yes,Two year,Yes,Mailed check,75.84,664.42,No
CUST-04686,Male,1,Yes,Yes,39,Yes,Yes,Fiber optic,Yes,No,No,No,No,No,Two year,No,Electronic check,91.16,3589.64,Yes
CUST-04687,Male,0,No,No,65,Yes,No,Fiber optic,Yes,No,No,Yes,Yes,No,Month-to-month,Yes,Electronic check,93.99,5446.06,Yes
CUST-04688,Female,0,Yes,No,34,Yes,Yes,DSL,Yes,Yes,Yes,No,Yes,No,One year,Yes,Bank transfer (automatic),84.03,2715.23,No
CUST-04689,Female,0,Yes,Yes,6,Yes,No,DSL,No,No,No,Yes,No,No,Month-to-month,No,Electronic check,60.36,322.44,Yes
CUST-04690,Male,0,Yes,No,14,Yes,Yes,Fiber optic,Yes,Yes,No,No,No,Yes,One year,No,Electronic check,99.37,1247.67,No
CUST-04691,Female,0,Yes,No,18,Yes,No,DSL,No,Yes,No,Yes,Yes,No,One year,No,Credit card (automatic),73.91,1263.53,No
CUST-04692,Female,0,No,No,37,Yes,No,Fiber optic,No,Yes,Yes,No,Yes,Yes,Month-to-month,Yes,Bank transfer (automatic),103.07,3639.0,Yes
CUST-04693,Male,0,Yes,No,25,Yes,Yes,Fiber optic,No,Yes,No,No,No,No,Month-to-month,Yes,Credit card (automatic),88.95,2149.48,Yes
CUST-04694,Male,0,Yes,No,62,Yes,Yes,DSL,No,No,No,No,Yes,Yes,Month-to-month,Yes,Electronic check,62.86,3644.62,Yes
CUST-04695,Male,0,Yes,No,5,Yes,No,Fiber optic,No,No,Yes,Yes,No,Yes,Month-to-month,Yes,Credit card (automatic),92.9,455.94,Yes
CUST-04696,Male,0,Yes,Yes,43,Yes,No,DSL,Yes,No,Yes,No,No,No,Month-to-month,No,Bank transfer (automatic),69.47,2887.09,No
CUST-04697,Female,0,Yes,No,9,Yes,No,DSL,No,No,No,No,No,Yes,Two year,Yes,Electronic check,64.16,541.26,No
CUST-04698,Female,1,Yes,Yes,72,Yes,Yes,Fiber optic,No,No,Yes,No,No,No,Month-to-month,Yes,Bank transfer (automatic),98.52,6845.38,Yes
CUST-04699,Female,0,Yes,Yes,43,Yes,No,DSL,No,No,No,Yes,Yes,Yes,Month-to-month,Yes,Electronic check,71.26,2842.11,Yes
CUST-04700,Female,0,Yes,No,25,Yes,Yes,Fiber optic,No,Yes,No,No,Yes,Yes,Month-to-month,Yes,Mailed check,94.93,2321.17,Yes
CUST-04701,Male,0,No,No,20,Yes,Yes,DSL,No,Yes,Yes,No,Yes,No,Month-to-month,Yes,Electronic check,85.48,1622.55,No
CUST-04702,Female,0,Yes,No,36,Yes,No,Fiber optic,No,Yes,No,No,No,No,Month-to-month,Yes,Electronic check,85.1,2853.11,No
CUST-04703,Male,0,Yes,No,61,Yes,No,Fiber optic,No,No,No,No,Yes,No,One year,No,Credit card (automatic),88.69,4949.54,No
CUST-04704,Male,0,No,No,35,Yes,Yes,Fiber optic,No,No,No,No,Yes,No,Month-to-month,Yes,Bank transfer (automatic),80.22,2617.89,Yes
CUST-04705,Male,0,Yes,No,24,Yes,No,Fiber optic,No,Yes,No,No,Yes,No,Month-to-month,No,Electronic check,87.02,1986.29,No
CUST-04706,Female,0,No,No,12,Yes,Yes,Fiber optic,No,Yes,Yes,Yes,No,No,Two year,Yes,Bank transfer (automatic),103.92,1172.24,No
CUST-04707,Female,0,Yes,No,24,Yes,Yes,DSL,No,No,No,No,Yes,No,Two year,No,Electronic check,67.53,1564.0,Yes
CUST-04708,Male,0,Yes,No,61,Yes,No,DSL,No,Yes,Yes,No,No,No,One year,Yes,Credit card (automatic),76.08,4310.48,No
CUST-04709,Male,0,No,No,48,Yes,No,Fiber optic,Yes,Yes,Yes,No,Yes,No,Month-to-month,No,Mailed check,96.16,4426.09,No
CUST-04710,Female,0,Yes,No,67,Yes,No,Fiber optic,No,Yes,No,No,No,No,Two year,Yes,Bank transfer (automatic),92.92,5335.82,No
CUST-04711,Female,0,Yes,Yes,11,Yes,No,Fiber optic,No,Yes,No,Yes,No,No,Month-to-month,No,Mailed check,88.13,902.01,Yes
CUST-04712,Male,0,No,Yes,5,Yes,Yes,DSL,No,Yes,Yes,No,Yes,No,Month-to-month,Yes,Mailed check,83.33,386.7,Yes
CUST-04713,Male,0,No,No,45,No,No phone service,DSL,No,No,Yes,Yes,Yes,Yes,Two year,Yes,Electronic check,61.88,2422.81,No
CUST-04714,Female,0,Yes,Yes,7,Yes,No,DSL,No,Yes,Yes,No,Yes,Yes,One year,No,Credit card (automatic),79.29,540.71,No
CUST-04715,Female,0,No,No,67,Yes,No,DSL,No,No,No,No,Yes,Yes,Month-to-month,No,Bank transfer (automatic),77.86,4897.53,Yes
CUST-04716,Male,0,Yes,Yes,46,Yes,Yes,DSL,Yes,No,Yes,No,No,No,Month-to-month,Yes,Electronic check,72.88,3207.58,No
CUST-04717,Male,0,No,No,34,Yes,Yes,Fiber optic,No,Yes,Yes,No,No,No,Month-to-month,No,Electronic check,95.81,3016.04,Yes
CUST-04718,Male,1,Yes,No,10,Yes,No,DSL,No,No,No,No,Yes,Yes,One year,No,Electronic check,76.11,736.92,No
CUST-04719,Female,0,No,Yes,27,Yes,Yes,Fiber optic,No,No,Yes,Yes,No,Yes,Two year,Yes,Electronic check,97.63,2486.33,Yes
CUST-04720,Female,0,Yes,Yes,24,Yes,Yes,DSL,Yes,No,No,No,No,Yes,Two year,Yes,Electronic check,79.83,1842.83,No
CUST-04721,Male,0,No,No,35,Yes,No,DSL,Yes,Yes,No,Yes,No,No,Month-to-month,No,Credit card (automatic),74.1,2451.5,Yes
CUST-04722,Male,1,Yes,No,72,Yes,No,Fiber optic,No,No,No,No,Yes,Yes,Two year,Yes,Bank transfer (automatic),82.79,5703.41,No
CUST-04723,Male,0,No,No,11,No,No phone service,Fiber optic,No,No,Yes,No,No,No,Month-to-month,Yes,Bank transfer (automatic),73.62,764.17,Yes
CUST-04724,Female,0,No,No,21,Yes,Yes,Fiber optic,No,Yes,No,No,Yes,Yes,Month-to-month,Yes,Bank transfer (automatic),112.68,2256.43,Yes
CUST-04725,Female,1,No,No,25,No,No phone service,DSL,No,Yes,Yes,No,No,No,One year,No,Bank transfer (automatic),60.52,1426.27,No
CUST-04726,Female,0,No,Yes,69,Yes,No,Fiber optic,No,No,No,No,Yes,No,Two year,No,Bank transfer (automatic),86.01,5255.04,No
CUST-04727,Female,0,Yes,No,29,Yes,Yes,Fiber optic,Yes,Yes,No,Yes,No,No,Two year,Yes,Credit card (automatic),98.95,2551.33,No
CUST-04728,Male,0,No,No,43,Yes,No,DSL,No,No,Yes,No,Yes,Yes,Month-to-month,Yes,Bank transfer (automatic),76.73,3042.87,Yes
CUST-04729,Female,0,Yes,Yes,72,No,No phone service,DSL,No,No,No,Yes,Yes,No,Two year,Yes,Electronic check,58.85,4146.09,No
CUST-04730,Male,0,No,No,34,Yes,No,DSL,No,No,No,Yes,Yes,No,One year,Yes,Electronic check,64.41,2058.04,Yes
CUST-04731,Male,0,No,No,21,Yes,Yes,DSL,No,No,No,Yes,Yes,Yes,One year,No,Electronic check,70.96,1331.02,Yes
CUST-04732,Male,0,Yes,Yes,63,Yes,Yes,No,No internet service,No internet service,No internet service,No internet service,No internet service,No internet service,Month-to-month,No,Electronic check,31.82,1863.85,No
CUST-04733,Male,0,Yes,Yes,72,Yes,Yes,Fiber optic,No,No,No,No,No,No,Month-to-month,No,Electronic check,81.62,5434.45,Yes
CUST-04734,Female,0,No,Yes,41,Yes,No,Fiber optic,No,No,No,Yes,Yes,No,Month-to-month,Yes,Mailed check,88.35,3376.76,Yes
CUST-04735,Male,0,No,No,15,Yes,No,DSL,No,Yes,No,No,Yes,Yes,One year,No,Electronic check,73.34,1062.05,No
CUST-04736,Female,0,No,No,19,No,No phone service,Fiber optic,No,Yes,No,Yes,No,No,Two year,No,Bank transfer (automatic),74.63,1358.55,No
CUST-04737,Female,0,No,No,72,Yes,No,DSL,No,Yes,No,No,No,Yes,One year,Yes,Credit card (automatic),65.44,4599.38,Yes
CUST-04738,Female,0,Yes,No,46,Yes,Yes,No,No internet service,No internet service,No internet service,No internet service,No internet service,No internet service,One year,Yes,Electronic check,39.73,1701.72,No
CUST-04739,Female,0,No,No,22,Yes,No,DSL,No,Yes,No,No,No,No,Month-to-month,Yes,Electronic check,62.85,1318.35,Yes
CUST-04740,Male,0,No,Yes,5,Yes,No,Fiber optic,No,Yes,Yes,No,No,Yes,Month-to-month,No,Bank transfer (automatic),92.89,452.6,Yes
CUST-04741,Female,0,No,Yes,47,Yes,Yes,No,No internet service,No internet service,No internet service,No internet service,No internet service,No internet service,Two year,No,Electronic check,38.88,1713.16,No
CUST-04742,Female,0,No,Yes,41,Yes,Yes,Fiber optic,Yes,No,Yes,No,Yes,No,Month-to-month,Yes,Mailed check,98.66,3521.97,No
CUST-04743,Female,0,No,Yes,46,Yes,Yes,Fiber optic,Yes,No,No,Yes,No,Yes,One year,Yes,Credit card (automatic),107.87,4607.41,No
CUST-04744,Female,1,No,No,14,Yes,Yes,Fiber optic,Yes,No,Yes,Yes,No,No,Month-to-month,No,Mailed check,99.22,1390.48,Yes
CUST-04745,Male,0,No,No,21,Yes,No,Fiber optic,No,No,Yes,Yes,No,No,One year,Yes,Mailed check,89.41,1784.83,Yes
CUST-04746,Female,0,No,No,58,Yes,Yes,Fiber optic,No,No,No,No,No,No,Month-to-month,Yes,Electronic check,91.92,5021.81,Yes
CUST-04747,Male,0,No,No,2,Yes,No,Fiber optic,Yes,No,Yes,Yes,Yes,No,Month-to-month,No,Bank transfer (automatic),97.75,179.63,Yes
CUST-04748,Female,0,Yes,Yes,21,Yes,No,DSL,No,No,No,No,No,No,Month-to-month,Yes,Bank transfer (automatic),63.27,1225.83,No
CUST-04749,Male,0,Yes,Yes,7,Yes,Yes,DSL,No,Yes,No,No,No,Yes,One year,Yes,Electronic check,73.71,487.42,Yes
CUST-04750,Female,0,No,No,12,Yes,Yes,DSL,No,Yes,No,No,No,Yes,Month-to-month,Yes,Credit card (automatic),85.47,,Yes
CUST-04751,Female,1,No,Yes,52,Yes,Yes,DSL,No,No,Yes,No,Yes,Yes,Two year,No,Credit card (automatic),79.29,3665.83,No
CUST-04752,Female,0,No,No,24,Yes,No,No,No internet service,No internet service,No internet service,No internet service,No internet service,No internet service,Month-to-month,No,Mailed check,27.78,602.36,No
CUST-04753,Male,1,No,No,10,Yes,No,No,No internet service,No internet service,No internet service,No internet service,No internet service,No internet service,Two year,No,Electronic check,38.04,361.63,Yes
CUST-04754,Male,1,Yes,No,39,Yes,Yes,Fiber optic,No,Yes,No,No,No,No,Month-to-month,Yes,Bank transfer (automatic),100.53,3696.37,Yes
CUST-04755,Female,0,Yes,No,17,Yes,Yes,Fiber optic,No,No,Yes,No,No,No,One year,Yes,Bank transfer (automatic),93.03,1383.14,No
CUST-04756,Male,1,No,No,23,Yes,No,DSL,Yes,No,Yes,No,Yes,No,Month-to-month,No,Credit card (automatic),74.04,1577.03,No
CUST-04757,Male,0,No,Yes,31,Yes,Yes,Fiber optic,Yes,No,Yes,No,Yes,No,Month-to-month,Yes,Mailed check,95.31,2911.98,No
CUST-04758,Female,0,Yes,Yes,67,Yes,Yes,Fiber optic,Yes,No,No,Yes,Yes,No,One year,Yes,Mailed check,102.72,6458.89,No
CUST-04759,Female,0,Yes,No,31,Yes,Yes,Fiber optic,Yes,No,No,Yes,No,Yes,Two year,Yes,Mailed check,109.3,3080.39,No
CUST-04760,Male,0,Yes,No,20,Yes,Yes,DSL,No,No,No,No,Yes,No,Two year,Yes,Bank transfer (automatic),73.59,1375.25,Yes
CUST-04761,Male,0,Yes,No,37,Yes,No,Fiber optic,No,No,No,No,Yes,Yes,One year,No,Mailed check,88.54,3225.86,Yes
CUST-04762,Male,1,No,Yes,39,Yes,No,DSL,No,No,Yes,No,No,No,Two year,Yes,Bank transfer (automatic),62.61,2340.2,No
CUST-04763,Female,0,Yes,No,18,Yes,Yes,DSL,No,Yes,Yes,Yes,Yes,Yes,Two year,Yes,Bank transfer (automatic),93.9,1544.77,No
CUST-04764,Female,0,Yes,No,24,No,No phone service,Fiber optic,No,No,No,Yes,Yes,No,One year,Yes,Credit card (automatic),70.55,1620.78,No
CUST-04765,Female,0,No,No,26,Yes,No,DSL,No,No,Yes,No,No,No,Month-to-month,Yes,Electronic check,65.78,1587.08,No
CUST-04766,Female,0,No,No,59,No,No phone service,DSL,No,No,Yes,Yes,No,Yes,Month-to-month,Yes,Mailed check,65.38,3461.4,No
CUST-04767,Male,0,No,No,2,Yes,No,Fiber optic,No,No,No,No,No,No,Month-to-month,Yes,Electronic check,81.12,157.94,Yes
CUST-04768,Female,0,Yes,Yes,36,Yes,No,DSL,No,No,Yes,Yes,No,No,Two year,Yes,Credit card (automatic),70.67,2435.76,No
CUST-04769,Female,1,Yes,No,49,Yes,No,DSL,No,No,No,No,No,No,Month-to-month,Yes,Bank transfer (automatic),54.17,2410.48,No
CUST-04770,Female,0,Yes,Yes,58,Yes,Yes,DSL,No,No,No,Yes,No,No,Two year,Yes,Credit card (automatic),72.56,4090.21,No
CUST-04771,Female,0,No,No,6,Yes,No,Fiber optic,No,No,Yes,Yes,No,Yes,Two year,No,Bank transfer (automatic),91.34,472.43,No
CUST-04772,Male,0,Yes,Yes,6,Yes,Yes,Fiber optic,No,Yes,Yes,Yes,Yes,Yes,Month-to-month,No,Bank transfer (automatic),116.04,653.81,Yes
CUST-04773,Female,0,No,No,16,Yes,No,DSL,No,No,Yes,No,Yes,No,Month-to-month,Yes,Bank transfer (automatic),73.56,1196.29,Yes
CUST-04774,Male,1,No,Yes,44,Yes,No,DSL,No,No,Yes,Yes,No,Yes,One year,No,Mailed check,69.21,3076.39,No
CUST-04775,Female,0,No,No,53,Yes,No,Fiber optic,Yes,No,No,No,No,Yes,Month-to-month,No,Electronic check,86.07,4238.93,No
CUST-04776,Female,0,Yes,Yes,5,Yes,Yes,No,No internet service,No internet service,No internet service,No internet service,No internet service,No internet service,One year,No,Credit card (automatic),38.19,197.16,No
CUST-04777,Female,0,Yes,Yes,32,Yes,No,DSL,No,No,Yes,No,Yes,No,Month-to-month,No,Electronic check,67.15,2064.04,Yes
CUST-04778,Male,1,No,No,51,Yes,No,DSL,No,Yes,Yes,No,No,Yes,Month-to-month,Yes,Electronic check,73.0,3473.52,Yes
CUST-04779,Female,0,Yes,Yes,19,Yes,Yes,DSL,Yes,Yes,No,No,No,No,Month-to-month,Yes,Mailed check,79.45,1430.46,Yes
CUST-04780,Female,0,No,No,34,Yes,No,DSL,No,Yes,Yes,Yes,Yes,No,Two year,No,Electronic check,84.0,2640.41,No
CUST-04781,Male,0,Yes,No,9,Yes,No,Fiber optic,Yes,Yes,Yes,No,Yes,No,Two year,Yes,Mailed check,104.23,908.2,No
CUST-04782,Male,0,No,Yes,41,Yes,No,Fiber optic,No,Yes,Yes,Yes,Yes,No,Month-to-month,No,Bank transfer (automatic),104.05,3964.1,No
CUST-04783,Female,0,No,Yes,23,Yes,Yes,DSL,No,No,No,No,No,Yes,Month-to-month,No,Mailed check,78.52,1716.09,Yes
CUST-04784,Male,0,Yes,Yes,21,Yes,No,DSL,No,No,Yes,No,Yes,No,One year,Yes,Electronic check,68.96,1349.14,Yes
CUST-04785,Male,0,No,No,33,Yes,Yes,DSL,No,No,Yes,No,No,No,Two year,Yes,Mailed check,73.55,2141.3,No
CUST-04786,Female,1,No,No,4,Yes,No,Fiber optic,Yes,No,No,Yes,Yes,Yes,Two year,Yes,Bank transfer (automatic),90.67,333.27,No
CUST-04787,Male,0,No,No,16,Yes,No,Fiber optic,No,No,Yes,Yes,No,No,Two year,No,Credit card (automatic),83.78,1255.9,No
CUST-04788,Female,1,Yes,No,51,Yes,Yes,Fiber optic,No,No,Yes,No,Yes,No,Month-to-month,Yes,Electronic check,98.96,4731.66,No
CUST-04789,Female,0,Yes,No,5,Yes,No,Fiber optic,Yes,No,No,No,Yes,Yes,Month-to-month,Yes,Bank transfer (automatic),95.71,464.18,No
CUST-04790,Male,0,No,No,6,Yes,No,DSL,No,No,No,No,No,Yes,Month-to-month,Yes,Bank transfer (automatic),64.44,371.56,Yes
CUST-04791,Female,0,Yes,Yes,18,Yes,Yes,Fiber optic,Yes,Yes,Yes,Yes,No,No,Month-to-month,Yes,Bank transfer (automatic),106.31,1775.86,Yes
CUST-04792,Male,0,No,No,26,Yes,Yes,DSL,No,No,Yes,Yes,Yes,Yes,Month-to-month,Yes,Credit card (automatic),77.57,1867.12,No
CUST-04793,Male,0,Yes,No,31,Yes,No,DSL,Yes,Yes,No,Yes,No,Yes,Month-to-month,Yes,Electronic check,76.64,2251.06,No
CUST-04794,Female,0,No,Yes,72,Yes,No,Fiber optic,No,Yes,Yes,No,Yes,Yes,Two year,Yes,Electronic check,100.81,6756.41,No
CUST-04795,Female,0,Yes,No,32,Yes,Yes,DSL,No,Yes,No,No,No,No,One year,Yes,Mailed check,76.4,2261.15,No
CUST-04796,Female,0,No,No,35,Yes,No,No,No internet service,No internet service,No internet service,No internet service,No internet service,No internet service,Two year,No,Credit card (automatic),34.02,1086.63,No
CUST-04797,Male,0,Yes,No,58,Yes,Yes,Fiber optic,No,No,No,No,No,No,Two year,Yes,Mailed check,84.24,4534.63,Yes
CUST-04798,Female,1,Yes,Yes,13,Yes,Yes,Fiber optic,No,No,Yes,Yes,No,No,Month-to-month,Yes,Mailed check,95.64,1192.5,Yes
CUST-04799,Female,0,Yes,No,36,Yes,No,Fiber optic,No,No,No,Yes,No,Yes,Month-to-month,No,Electronic check,86.73,2827.33,Yes
CUST-04800,Male,0,No,No,43,Yes,Yes,No,No internet service,No internet service,No internet service,No internet service,No internet service,No internet service,Month-to-month,Yes,Credit card (automatic),45.66,1881.53,No
CUST-04801,Male,0,Yes,No,39,Yes,No,No,No internet service,No internet service,No internet service,No internet service,No internet service,No internet service,Two year,Yes,Mailed check,31.84,1286.06,No
CUST-04802,Male,0,No,No,31,Yes,Yes,DSL,Yes,No,No,Yes,Yes,Yes,Month-to-month,Yes,Credit card (automatic),94.4,2700.82,Yes
CUST-04803,Female,0,Yes,No,30,Yes,Yes,Fiber optic,No,Yes,No,No,No,Yes,One year,No,Mailed check,94.57,2644.86,Yes
CUST-04804,Male,0,No,No,10,Yes,No,No,No internet service,No internet service,No internet service,No internet service,No internet service,No internet service,Month-to-month,Yes,Credit card (automatic),32.63,301.91,No
CUST-04805,Male,0,No,No,20,Yes,Yes,DSL,No,Yes,No,Yes,No,Yes,Month-to-month,Yes,Mailed check,80.99,1542.05,Yes
CUST-04806,Male,0,Yes,No,72,Yes,No,DSL,No,Yes,No,No,No,No,Two year,No,Electronic check,65.7,4397.85,No
CUST-04807,Female,0,Yes,Yes,16,No,No phone service,No,No internet service,No internet service,No internet service,No internet service,No internet service,No internet service,Month-to-month,No,Mailed check,18.0,268.46,No
CUST-04808,Male,0,Yes,No,27,Yes,No,Fiber optic,No,No,No,No,Yes,Yes,One year,No,Mailed check,90.11,2157.41,No
CUST-04809,Female,1,No,No,26,Yes,No,No,No internet service,No internet service,No internet service,No internet service,No internet service,No internet service,Month-to-month,Yes,Credit card (automatic),30.17,730.81,No
CUST-04810,Male,0,No,No,36,Yes,No,Fiber optic,Yes,No,Yes,No,Yes,No,Month-to-month,Yes,Credit card (automatic),95.17,3081.05,No
CUST-04811,Female,0,Yes,No,26,Yes,Yes,No,No internet service,No internet service,No internet service,No internet service,No internet service,No internet service,One year,Yes,Credit card (automatic),37.28,886.18,No
CUST-04812,Female,0,No,Yes,23,Yes,No,DSL,Yes,No,Yes,Yes,No,Yes,Month-to-month,Yes,Electronic check,73.32,1655.58,Yes
CUST-04813,Male,0,No,No,50,Yes,Yes,Fiber optic,Yes,No,Yes,No,Yes,No,Month-to-month,Yes,Bank transfer (automatic),99.81,4540.03,Yes
CUST-04814,Male,0,No,No,32,Yes,No,DSL,No,No,Yes,No,Yes,Yes,One year,No,Mailed check,79.58,2361.45,No
CUST-04815,Male,0,No,No,30,No,No phone service,Fiber optic,No,No,Yes,Yes,Yes,No,Two year,Yes,Electronic check,79.69,2296.52,Yes
CUST-04816,Female,0,No,No,17,Yes,Yes,Fiber optic,No,Yes,No,No,Yes,Yes,Month-to-month,Yes,Mailed check,99.0,1566.17,No
CUST-04817,Male,0,No,No,20,Yes,No,Fiber optic,No,No,Yes,No,Yes,No,Month-to-month,Yes,Electronic check,80.52,1546.44,Yes
CUST-04818,Female,0,No,No,33,Yes,Yes,DSL,No,Yes,No,No,Yes,No,One year,No,Bank transfer (automatic),74.14,2445.32,No
CUST-04819,Male,1,Yes,No,54,Yes,No,No,No internet service,No internet service,No internet service,No internet service,No internet service,No internet service,Two year,Yes,Credit card (automatic),34.38,1774.82,No
CUST-04820,Male,0,No,No,66,Yes,Yes,DSL,Yes,Yes,No,No,Yes,No,One year,No,Bank transfer (automatic),87.13,5154.57,No
CUST-04821,Male,0,No,No,35,Yes,Yes,Fiber optic,Yes,No,No,No,No,No,Month-to-month,Yes,Mailed check,76.47,2608.09,No
CUST-04822,Male,0,No,No,72,Yes,No,Fiber optic,Yes,No,Yes,No,Yes,Yes,Month-to-month,Yes,Mailed check,106.84,7138.64,Yes
CUST-04823,Male,0,Yes,Yes,22,Yes,No,Fiber optic,Yes,Yes,Yes,No,No,No,Month-to-month,No,Bank transfer (automatic),98.2,1890.04,Yes
CUST-04824,Male,0,No,No,22,Yes,No,Fiber optic,No,No,No,Yes,Yes,No,Two year,No,Electronic check,89.3,1767.28,Yes
CUST-04825,Female,1,Yes,Yes,61,Yes,No,DSL,No,No,No,No,No,Yes,Month-to-month,Yes,Electronic check,61.04,3471.48,No
CUST-04826,Female,0,No,Yes,31,Yes,No,Fiber optic,Yes,Yes,No,Yes,No,Yes,One year,Yes,Bank transfer (automatic),105.11,3139.63,No
CUST-04827,Female,0,Yes,No,18,Yes,No,Fiber optic,Yes,No,Yes,Yes,Yes,No,One year,Yes,Electronic check,101.59,1694.9,No
CUST-04828,Male,0,No,No,27,Yes,No,Fiber optic,Yes,No,No,No,Yes,No,One year,Yes,Bank transfer (automatic),83.22,2132.99,No
CUST-04829,Male,0,Yes,Yes,11,Yes,Yes,No,No internet service,No internet service,No internet service,No internet service,No internet service,No internet service,Month-to-month,Yes,Electronic check,42.92,436.41,Yes
CUST-04830,Female,0,Yes,No,24,Yes,No,Fiber optic,Yes,No,No,No,Yes,Yes,One year,Yes,Mailed check,97.08,2341.36,No
CUST-04831,Female,1,Yes,No,10,No,No phone service,DSL,Yes,No,No,Yes,Yes,No,One year,Yes,Mailed check,66.91,612.39,No
CUST-04832,Female,0,Yes,No,11,Yes,No,Fiber optic,No,Yes,Yes,Yes,No,Yes,Two year,No,Credit card (automatic),102.75,1116.91,No
CUST-04833,Female,0,Yes,No,33,Yes,No,DSL,No,Yes,No,Yes,Yes,No,Two year,Yes,Mailed check,83.17,2577.58,No
CUST-04834,Female,0,No,No,3,Yes,No,DSL,No,No,Yes,No,No,No,One year,Yes,Bank transfer (automatic),71.34,204.2,No
CUST-04835,Male,0,No,No,10,No,No phone service,Fiber optic,Yes,Yes,No,No,Yes,No,One year,No,Electronic check,78.6,668.95,Yes
CUST-04836,Male,0,No,No,14,Yes,No,Fiber optic,No,No,Yes,Yes,Yes,Yes,Month-to-month,No,Mailed check,107.37,1496.96,Yes
CUST-04837,Female,0,No,No,20,No,No phone service,Fiber optic,No,Yes,No,Yes,Yes,No,Month-to-month,Yes,Mailed check,76.4,1384.71,Yes
CUST-04838,Female,0,Yes,No,41,No,No phone service,No,No internet service,No internet service,No internet service,No internet service,No internet service,No internet service,One year,No,Mailed check,18.0,711.41,No
CUST-04839,Male,0,No,No,19,No,No phone service,DSL,Yes,No,No,No,Yes,Yes,Two year,Yes,Credit card (automatic),58.43,1018.4,No
CUST-04840,Male,0,No,No,71,Yes,Yes,No,No internet service,No internet service,No internet service,No internet service,No internet service,No internet service,Month-to-month,Yes,Credit card (automatic),45.82,2903.47,No
CUST-04841,Male,1,Yes,Yes,16,Yes,Yes,Fiber optic,Yes,Yes,No,No,No,Yes,Month-to-month,Yes,Bank transfer (automatic),103.36,1606.71,Yes
CUST-04842,Female,0,No,No,3,Yes,No,DSL,No,No,Yes,No,No,Yes,One year,No,Credit card (automatic),70.86,195.78,No
CUST-04843,Female,0,No,No,11,Yes,No,DSL,No,No,Yes,No,Yes,No,Month-to-month,No,Bank transfer (automatic),74.01,761.99,Yes
CUST-04844,Female,0,No,No,32,Yes,No,Fiber optic,Yes,No,Yes,No,No,Yes,One year,Yes,Credit card (automatic),90.97,2705.45,No
CUST-04845,Male,0,No,No,11,Yes,Yes,Fiber optic,Yes,No,Yes,No,Yes,Yes,Month-to-month,Yes,Credit card (automatic),105.38,1015.7,Yes
CUST-04846,Male,0,Yes,Yes,16,Yes,Yes,Fiber optic,Yes,Yes,No,Yes,Yes,No,Two year,Yes,Credit card (automatic),107.93,1550.0,No
CUST-04847,Male,0,No,No,61,Yes,Yes,Fiber optic,No,Yes,Yes,No,Yes,Yes,Two year,No,Electronic check,108.05,5720.13,No
CUST-04848,Female,0,Yes,No,72,Yes,Yes,No,No internet service,No internet service,No internet service,No internet service,No internet service,No internet service,One year,Yes,Electronic check,39.04,2551.11,No
CUST-04849,Female,0,No,No,7,Yes,No,No,No internet service,No internet service,No internet service,No internet service,No internet service,No internet service,Month-to-month,No,Credit card (automatic),25.49,177.47,No
CUST-04850,Male,0,Yes,No,22,Yes,Yes,DSL,No,No,No,Yes,No,No,One year,Yes,Mailed check,67.14,1451.12,Yes
CUST-04851,Male,0,No,Yes,32,Yes,Yes,Fiber optic,Yes,Yes,Yes,No,No,No,Month-to-month,Yes,Electronic check,100.36,3233.19,Yes
CUST-04852,Male,1,Yes,No,52,Yes,No,Fiber optic,No,Yes,No,No,Yes,No,Month-to-month,No,Bank transfer (automatic),84.76,4295.48,Yes
CUST-04853,Female,0,Yes,No,19,Yes,No,Fiber optic,No,No,Yes,Yes,Yes,No,One year,No,Electronic check,90.38,1633.07,No
CUST-04854,Female,0,Yes,No,32,Yes,No,No,No internet service,No internet service,No internet service,No internet service,No internet service,No internet service,Month-to-month,Yes,Bank transfer (automatic),34.79,1104.56,No
CUST-04855,Female,0,Yes,Yes,58,Yes,Yes,Fiber optic,Yes,Yes,No,Yes,No,No,Month-to-month,Yes,Electronic check,94.41,5055.24,No
CUST-04856,Male,0,No,Yes,27,Yes,No,Fiber optic,Yes,No,No,Yes,No,Yes,Month-to-month,No,Electronic check,89.44,2397.95,Yes
CUST-04857,Male,0,No,No,1,Yes,Yes,DSL,No,No,No,No,No,Yes,Two year,Yes,Electronic check,67.44,63.58,Yes
CUST-04858,Male,0,Yes,No,22,Yes,No,DSL,No,No,No,Yes,Yes,No,One year,Yes,Credit card (automatic),76.71,,Yes
CUST-04859,Female,1,No,No,13,Yes,No,DSL,Yes,Yes,No,Yes,No,No,Month-to-month,Yes,Electronic check,80.92,990.67,Yes
CUST-04860,Male,0,No,No,14,Yes,Yes,DSL,Yes,No,Yes,No,No,Yes,Month-to-month,Yes,Electronic check,73.87,1021.98,No
CUST-04861,Female,0,Yes,Yes,15,Yes,Yes,DSL,Yes,No,Yes,Yes,Yes,Yes,Month-to-month,Yes,Electronic check,90.29,1370.65,Yes
CUST-04862,Male,0,No,No,3,Yes,Yes,No,No internet service,No internet service,No internet service,No internet service,No internet service,No internet service,Two year,Yes,Credit card (automatic),42.88,115.24,No
CUST-04863,Male,0,Yes,No,70,Yes,Yes,Fiber optic,No,No,No,No,No,No,Month-to-month,No,Mailed check,91.92,6274.85,No
CUST-04864,Male,0,Yes,No,54,Yes,Yes,Fiber optic,No,No,Yes,No,No,No,One year,Yes,Credit card (automatic),86.56,4352.17,Yes
CUST-04865,Male,0,Yes,No,72,Yes,Yes,Fiber optic,No,No,No,No,No,Yes,Two year,Yes,Electronic check,92.25,6236.19,No
CUST-04866,Male,0,Yes,No,72,Yes,Yes,DSL,Yes,No,Yes,No,Yes,No,Month-to-month,Yes,Electronic check,77.45,5255.18,Yes
CUST-04867,Female,0,No,No,31,Yes,Yes,DSL,No,No,No,No,No,Yes,Two year,Yes,Electronic check,74.87,2262.37,No
CUST-04868,Female,0,No,No,17,Yes,Yes,DSL,Yes,Yes,No,No,No,Yes,One year,Yes,Electronic check,79.63,1208.98,No
CUST-04869,Male,0,Yes,No,38,Yes,Yes,DSL,No,Yes,No,No,No,No,One year,Yes,Credit card (automatic),69.58,2360.05,Yes
CUST-04870,Male,0,No,No,39,Yes,Yes,DSL,No,No,No,No,No,Yes,Month-to-month,Yes,Mailed check,63.98,2352.22,Yes
CUST-04871,Female,0,Yes,No,17,No,No phone service,No,No internet service,No internet service,No internet service,No internet service,No internet service,No internet service,Month-to-month,No,Bank transfer (automatic),21.77,328.96,No
CUST-04872,Male,0,Yes,No,17,Yes,Yes,Fiber optic,No,No,No,No,Yes,Yes,Month-to-month,Yes,Electronic check,97.75,1572.9,Yes
CUST-04873,Female,0,No,No,25,Yes,Yes,No,No internet service,No internet service,No internet service,No internet service,No internet service,No internet service,Month-to-month,No,Electronic check,40.09,977.32,Yes
CUST-04874,Male,0,No,No,16,Yes,No,DSL,No,No,No,No,No,Yes,One year,Yes,Mailed check,62.48,954.75,Yes
CUST-04875,Female,0,No,No,39,Yes,Yes,Fiber optic,No,No,No,No,No,Yes,One year,Yes,Electronic check,88.19,3279.64,Yes
CUST-04876,Male,0,Yes,No,9,Yes,Yes,Fiber optic,Yes,No,No,No,No,No,One year,Yes,Credit card (automatic),93.02,762.62,Yes
CUST-04877,Female,0,Yes,No,45,Yes,No,DSL,No,Yes,No,No,Yes,No,Month-to-month,Yes,Mailed check,67.23,3018.85,Yes
CUST-04878,Female,0,Yes,No,65,Yes,Yes,DSL,Yes,Yes,Yes,No,No,No,Month-to-month,Yes,Electronic check,85.24,5459.03,No
CUST-04879,Male,1,No,No,72,Yes,No,DSL,Yes,No,No,No,Yes,Yes,One year,No,Electronic check,80.92,5748.28,No
CUST-04880,Male,1,Yes,No,72,Yes,No,Fiber optic,Yes,No,No,No,No,No,Month-to-month,Yes,Electronic check,82.55,5709.41,Yes
CUST-04881,Female,0,No,No,40,Yes,No,Fiber optic,Yes,No,Yes,No,No,No,Month-to-month,No,Electronic check,90.11,3264.48,Yes
CUST-04882,Male,0,Yes,Yes,7,Yes,No,DSL,Yes,Yes,Yes,No,No,Yes,Month-to-month,No,Electronic check,72.63,454.99,No
CUST-04883,Female,0,Yes,Yes,29,Yes,Yes,No,No internet service,No internet service,No internet service,No internet service,No internet service,No internet service,One year,Yes,Mailed check,38.06,1083.95,No
CUST-04884,Female,0,Yes,No,72,Yes,Yes,Fiber optic,No,No,No,No,Yes,Yes,Month-to-month,No,Mailed check,95.23,6329.11,Yes
CUST-04885,Female,0,No,No,72,Yes,Yes,DSL,No,Yes,Yes,No,Yes,No,Month-to-month,Yes,Electronic check,82.84,5313.99,Yes
CUST-04886,Female,0,No,No,21,Yes,Yes,Fiber optic,No,Yes,No,No,No,Yes,One year,Yes,Bank transfer (automatic),99.18,1779.51,No
CUST-04887,Male,0,No,No,4,Yes,No,Fiber optic,No,No,No,No,Yes,Yes,Month-to-month,Yes,Credit card (automatic),91.58,358.04,Yes
CUST-04888,Male,0,No,No,38,Yes,No,DSL,No,No,Yes,No,Yes,No,Month-to-month,Yes,Bank transfer (automatic),74.94,2788.52,Yes
CUST-04889,Female,0,No,Yes,7,Yes,Yes,DSL,No,No,Yes,No,No,Yes,One year,No,Mailed check,76.12,542.36,No
CUST-04890,Female,0,Yes,Yes,37,Yes,No,DSL,Yes,Yes,No,Yes,Yes,No,Month-to-month,Yes,Electronic check,76.39,2678.51,No
CUST-04891,Male,0,No,No,41,Yes,Yes,DSL,No,Yes,No,No,Yes,Yes,Month-to-month,Yes,Mailed check,86.9,3361.87,No
CUST-04892,Male,1,No,No,70,Yes,No,Fiber optic,Yes,Yes,No,No,No,Yes,Month-to-month,Yes,Credit card (automatic),90.33,5496.28,Yes
CUST-04893,Female,0,No,No,4,Yes,Yes,Fiber optic,No,No,No,Yes,Yes,No,Two year,No,Bank transfer (automatic),91.92,359.31,No
CUST-04894,Female,0,Yes,No,52,Yes,No,DSL,No,No,Yes,No,Yes,No,Month-to-month,No,Mailed check,69.59,3377.38,Yes
CUST-04895,Female,0,Yes,No,25,Yes,No,DSL,No,No,Yes,No,No,No,Month-to-month,Yes,Mailed check,59.32,1391.93,Yes
CUST-04896,Female,0,No,No,72,Yes,No,Fiber optic,Yes,Yes,No,No,No,No,Month-to-month,Yes,Credit card (automatic),88.55,5811.41,Yes
CUST-04897,Male,0,Yes,No,50,Yes,No,No,No internet service,No internet service,No internet service,No internet service,No internet service,No internet service,Month-to-month,Yes,Electronic check,25.94,1215.41,Yes
CUST-04898,Male,0,Yes,No,31,No,No phone service,No,No internet service,No internet service,No internet service,No internet service,No internet service,No internet service,Month-to-month,No,Electronic check,18.0,530.92,No
CUST-04899,Male,1,Yes,Yes,13,Yes,No,Fiber optic,No,Yes,No,No,No,Yes,Month-to-month,Yes,Electronic check,83.3,1004.66,Yes
CUST-04900,Male,0,No,No,27,Yes,No,Fiber optic,No,No,Yes,Yes,Yes,No,One year,No,Bank transfer (automatic),97.86,2352.69,No
CUST-04901,Female,0,Yes,Yes,61,Yes,Yes,Fiber optic,Yes,Yes,Yes,No,No,Yes,Two year,No,Bank transfer (automatic),107.68,6364.14,No
CUST-04902,Male,0,No,Yes,27,Yes,No,No,No internet service,No internet service,No internet service,No internet service,No internet service,No internet service,Two year,Yes,Bank transfer (automatic),27.74,716.38,No
CUST-04903,Male,1,No,No,27,Yes,No,Fiber optic,No,No,No,Yes,No,No,Two year,Yes,Bank transfer (automatic),78.56,1972.9,No
CUST-04904,Male,0,No,No,28,Yes,Yes,Fiber optic,No,Yes,Yes,No,Yes,No,Month-to-month,Yes,Credit card (automatic),98.95,2741.61,No
CUST-04905,Female,1,Yes,No,17,Yes,Yes,No,No internet service,No internet service,No internet service,No internet service,No internet service,No internet service,One year,Yes,Credit card (automatic),37.54,594.46,No
CUST-04906,Male,0,No,No,12,Yes,Yes,Fiber optic,No,No,Yes,No,No,No,Month-to-month,No,Credit card (automatic),93.9,1067.08,Yes
CUST-04907,Female,0,Yes,No,13,Yes,Yes,No,No internet service,No internet service,No internet service,No internet service,No internet service,No internet service,Month-to-month,Yes,Electronic check,32.61,365.64,No
CUST-04908,Male,0,Yes,Yes,30,Yes,No,DSL,No,Yes,Yes,No,Yes,Yes,One year,No,Electronic check,85.28,2331.71,Yes
CUST-04909,Male,0,Yes,No,54,Yes,No,Fiber optic,No,No,No,No,No,No,Month-to-month,Yes,Mailed check,76.84,3960.12,No
CUST-04910,Male,0,Yes,Yes,33,Yes,Yes,DSL,No,Yes,No,Yes,Yes,Yes,Two year,No,Electronic check,84.67,2599.11,No
CUST-04911,Male,1,No,No,62,No,No phone service,DSL,No,No,Yes,No,Yes,No,One year,Yes,Electronic check,49.27,2934.58,Yes
CUST-04912,Male,0,Yes,No,72,Yes,Yes,DSL,No,No,No,Yes,No,No,One year,Yes,Mailed check,68.96,4290.97,No
CUST-04913,Female,0,No,No,72,Yes,No,DSL,Yes,No,Yes,Yes,No,No,Two year,No,Credit card (automatic),69.84,4838.18,No
CUST-04914,Male,1,Yes,No,72,No,No phone service,DSL,Yes,Yes,Yes,Yes,Yes,No,Month-to-month,No,Electronic check,71.68,4822.97,Yes
CUST-04915,Male,1,No,No,8,Yes,Yes,DSL,Yes,Yes,Yes,No,Yes,No,Two year,Yes,Credit card (automatic),91.87,726.34,No
CUST-04916,Female,1,No,Yes,43,Yes,Yes,DSL,No,No,No,No,No,No,Month-to-month,Yes,Credit card (automatic),74.51,2998.21,No
CUST-04917,Female,1,Yes,Yes,20,Yes,No,No,No internet service,No internet service,No internet service,No internet service,No internet service,No internet service,Month-to-month,No,Mailed check,32.64,627.4,No
CUST-04918,Female,0,No,No,14,Yes,No,DSL,Yes,Yes,No,Yes,Yes,No,Two year,Yes,Mailed check,82.02,1102.96,No
CUST-04919,Male,1,Yes,Yes,24,Yes,Yes,No,No internet service,No internet service,No internet service,No internet service,No internet service,No internet service,Two year,Yes,Credit card (automatic),40.0,934.36,No
CUST-04920,Male,0,No,No,72,Yes,No,Fiber optic,No,Yes,No,Yes,No,No,One year,Yes,Electronic check,97.86,6703.59,No
CUST-04921,Male,0,No,No,61,Yes,Yes,Fiber optic,Yes,Yes,Yes,No,No,Yes,Month-to-month,No,Electronic check,107.03,6141.26,No
CUST-04922,Male,0,No,No,30,Yes,No,DSL,No,Yes,No,No,Yes,No,Two year,Yes,Electronic check,66.02,1848.57,No
CUST-04923,Male,0,Yes,No,48,Yes,No,Fiber optic,Yes,No,No,No,Yes,No,One year,Yes,Electronic check,89.04,4177.39,No
CUST-04924,Male,0,No,No,39,Yes,Yes,No,No internet service,No internet service,No internet service,No internet service,No internet service,No internet service,Month-to-month,No,Electronic check,33.26,1205.46,Yes
CUST-04925,Female,1,No,No,24,Yes,No,Fiber optic,No,No,No,Yes,Yes,Yes,Month-to-month,No,Credit card (automatic),103.1,2277.02,Yes
CUST-04926,Female,0,No,Yes,16,Yes,No,DSL,Yes,Yes,No,No,No,Yes,Month-to-month,Yes,Electronic check,77.56,1199.3,No
CUST-04927,Female,0,Yes,No,27,Yes,Yes,DSL,No,Yes,No,No,No,No,Two year,Yes,Mailed check,75.01,1984.43,No
CUST-04928,Male,0,Yes,No,50,Yes,No,No,No internet service,No internet service,No internet service,No internet service,No internet service,No internet service,Two year,No,Bank transfer (automatic),29.73,1478.71,No
CUST-04929,Female,0,No,Yes,72,Yes,Yes,Fiber optic,No,Yes,No,Yes,Yes,Yes,Month-to-month,No,Mailed check,109.17,7846.44,Yes
CUST-04930,Female,0,No,No,43,Yes,Yes,No,No internet service,No internet service,No internet service,No internet service,No internet service,No internet service,One year,Yes,Bank transfer (automatic),38.43,1564.36,No
CUST-04931,Female,0,No,Yes,18,Yes,No,Fiber optic,Yes,Yes,No,Yes,Yes,No,Month-to-month,Yes,Electronic check,92.75,1607.72,Yes
CUST-04932,Male,0,No,Yes,12,Yes,No,Fiber optic,No,No,No,Yes,Yes,No,Month-to-month,Yes,Credit card (automatic),84.62,1030.1,Yes
CUST-04933,Male,0,No,No,38,Yes,Yes,Fiber optic,No,No,No,No,No,Yes,Month-to-month,No,Electronic check,91.89,3409.21,Yes
CUST-04934,Male,0,Yes,Yes,4,Yes,No,No,No internet service,No internet service,No internet service,No internet service,No internet service,No internet service,Month-to-month,Yes,Credit card (automatic),43.76,174.52,Yes
CUST-04935,Female,0,No,No,72,Yes,No,Fiber optic,No,Yes,Yes,No,Yes,No,Month-to-month,Yes,Mailed check,99.55,6983.22,No
CUST-04936,Male,0,Yes,No,42,Yes,No,Fiber optic,Yes,Yes,Yes,No,No,No,Month-to-month,Yes,Electronic check,98.41,3775.21,Yes
CUST-04937,Male,0,No,No,70,Yes,Yes,Fiber optic,No,Yes,No,Yes,No,Yes,One year,No,Bank transfer (automatic),108.28,7065.45,No
CUST-04938,Male,0,Yes,Yes,59,Yes,No,DSL,No,No,No,No,Yes,Yes,Month-to-month,Yes,Mailed check,67.29,3510.66,Yes
CUST-04939,Female,0,No,No,42,Yes,No,Fiber optic,Yes,No,Yes,No,No,No,Month-to-month,Yes,Electronic check,92.63,3627.48,Yes
CUST-04940,Female,0,No,No,40,Yes,No,Fiber optic,No,Yes,No,No,Yes,Yes,Two year,No,Credit card (automatic),90.31,3324.16,No
CUST-04941,Male,0,No,No,52,Yes,Yes,Fiber optic,No,Yes,No,Yes,Yes,No,Month-to-month,Yes,Electronic check,101.49,4840.18,Yes
CUST-04942,Female,0,Yes,No,22,Yes,No,DSL,No,Yes,No,Yes,Yes,No,Month-to-month,Yes,Credit card (automatic),72.42,1485.54,No
CUST-04943,Male,0,No,No,30,Yes,Yes,Fiber optic,Yes,No,No,Yes,No,No,Month-to-month,Yes,Credit card (automatic),100.01,2731.58,No
CUST-04944,Male,0,Yes,Yes,54,Yes,No,DSL,Yes,Yes,No,Yes,Yes,No,Two year,Yes,Electronic check,71.82,3485.39,No
CUST-04945,Female,0,Yes,Yes,8,No,No phone service,No,No internet service,No internet service,No internet service,No internet service,No internet service,No internet service,Month-to-month,No,Mailed check,18.0,140.51,No
CUST-04946,Male,0,No,No,30,Yes,No,DSL,Yes,No,No,No,No,No,One year,No,Bank transfer (automatic),71.14,1961.65,No
CUST-04947,Female,1,No,No,27,Yes,No,DSL,No,Yes,No,Yes,No,No,Two year,No,Credit card (automatic),74.39,1869.9,No
CUST-04948,Male,0,Yes,Yes,4,Yes,No,Fiber optic,Yes,No,Yes,Yes,No,Yes,Month-to-month,No,Credit card (automatic),101.41,398.85,Yes
CUST-04949,Female,0,No,No,45,Yes,Yes,DSL,No,No,Yes,No,No,No,Month-to-month,No,Electronic check,72.82,2993.58,Yes
CUST-04950,Female,1,Yes,No,35,Yes,No,Fiber optic,Yes,Yes,No,No,No,Yes,One year,No,Bank transfer (automatic),96.89,3279.24,No
CUST-04951,Female,0,No,No,30,Yes,Yes,DSL,No,Yes,No,No,No,Yes,Month-to-month,Yes,Electronic check,86.56,2326.44,Yes
CUST-04952,Female,0,No,No,62,No,No phone service,Fiber optic,Yes,No,No,Yes,Yes,Yes,Month-to-month,Yes,Credit card (automatic),87.15,5103.61,Yes
CUST-04953,Male,1,No,No,55,Yes,No,DSL,No,No,Yes,No,No,No,Month-to-month,Yes,Credit card (automatic),66.51,3521.06,No
CUST-04954,Female,0,No,No,58,Yes,No,DSL,No,No,No,No,Yes,No,Two year,Yes,Mailed check,62.23,3318.04,No
CUST-04955,Female,1,No,No,27,Yes,No,DSL,No,Yes,No,Yes,No,No,Month-to-month,Yes,Credit card (automatic),70.38,1855.51,Yes
CUST-04956,Female,0,No,No,21,Yes,Yes,Fiber optic,Yes,Yes,Yes,No,Yes,Yes,Two year,No,Bank transfer (automatic),106.24,2138.02,No
CUST-04957,Female,0,Yes,Yes,34,Yes,No,Fiber optic,No,No,Yes,No,Yes,Yes,Month-to-month,Yes,Credit card (automatic),96.58,3127.61,Yes
CUST-04958,Female,0,Yes,Yes,42,Yes,Yes,Fiber optic,Yes,Yes,No,No,Yes,Yes,Month-to-month,Yes,Mailed check,109.11,4486.74,Yes
CUST-04959,Male,0,No,Yes,49,Yes,Yes,DSL,No,Yes,No,No,Yes,Yes,Month-to-month,Yes,Electronic check,82.79,3934.89,Yes
CUST-04960,Male,1,Yes,No,14,Yes,No,Fiber optic,No,Yes,Yes,No,No,No,One year,No,Mailed check,95.64,1258.02,No
CUST-04961,Female,0,No,No,40,Yes,No,DSL,No,No,Yes,No,Yes,Yes,One year,No,Electronic check,81.71,2900.12,No
CUST-04962,Male,0,Yes,Yes,67,Yes,Yes,DSL,No,No,No,Yes,No,Yes,One year,Yes,Electronic check,82.56,5572.03,No
CUST-04963,Male,0,No,No,16,Yes,No,Fiber optic,Yes,No,No,Yes,No,Yes,Month-to-month,No,Credit card (automatic),90.39,1333.37,Yes
CUST-04964,Female,0,Yes,No,4,Yes,Yes,Fiber optic,No,Yes,Yes,No,No,No,Month-to-month,Yes,Credit card (automatic),99.9,342.92,Yes
CUST-04965,Male,0,No,No,2,Yes,Yes,DSL,Yes,No,No,Yes,Yes,Yes,Two year,Yes,Mailed check,89.67,179.0,No
CUST-04966,Female,0,No,No,21,Yes,No,DSL,No,Yes,Yes,No,Yes,Yes,Month-to-month,Yes,Mailed check,85.3,1722.8,Yes
CUST-04967,Female,0,Yes,No,12,Yes,Yes,Fiber optic,Yes,No,No,No,Yes,No,One year,Yes,Credit card (automatic),95.16,1074.97,No
CUST-04968,Female,1,No,No,44,No,No phone service,Fiber optic,No,No,Yes,No,No,No,One year,No,Electronic check,69.95,2887.18,No
CUST-04969,Female,0,Yes,No,39,Yes,Yes,No,No internet service,No internet service,No internet service,No internet service,No internet service,No internet service,Two year,Yes,Credit card (automatic),35.72,1353.38,No
CUST-04970,Male,0,No,No,5,Yes,No,Fiber optic,No,No,Yes,Yes,Yes,No,One year,Yes,Mailed check,101.64,517.44,Yes
CUST-04971,Male,0,No,No,65,Yes,Yes,Fiber optic,Yes,No,No,No,No,No,Month-to-month,No,Mailed check,90.9,5476.26,Yes
CUST-04972,Female,0,Yes,No,17,Yes,Yes,DSL,No,No,No,No,No,Yes,Month-to-month,Yes,Bank transfer (automatic),78.17,1211.54,No
CUST-04973,Male,0,Yes,No,13,Yes,No,Fiber optic,No,No,Yes,No,Yes,Yes,Two year,No,Credit card (automatic),90.4,1095.69,Yes
CUST-04974,Male,0,Yes,No,37,Yes,No,Fiber optic,No,No,No,No,No,No,Month-to-month,Yes,Credit card (automatic),79.8,2633.46,Yes
CUST-04975,Male,0,Yes,Yes,20,Yes,Yes,DSL,No,Yes,Yes,No,Yes,Yes,Month-to-month,Yes,Bank transfer (automatic),87.4,1634.59,Yes
CUST-04976,Male,1,No,No,35,Yes,No,No,No internet service,No internet service,No internet service,No internet service,No internet service,No internet service,Two year,Yes,Electronic check,25.4,874.8,No
CUST-04977,Male,1,Yes,No,26,Yes,No,DSL,Yes,Yes,Yes,No,No,No,One year,Yes,Electronic check,78.78,1939.1,No
CUST-04978,Female,1,No,No,70,Yes,No,DSL,No,No,No,No,No,Yes,Month-to-month,Yes,Credit card (automatic),69.62,4657.95,No
CUST-04979,Male,1,No,No,35,Yes,Yes,Fiber optic,No,No,No,No,No,Yes,One year,No,Bank transfer (automatic),87.2,2977.36,No
CUST-04980,Male,0,No,No,24,Yes,Yes,DSL,No,No,Yes,No,Yes,Yes,Two year,No,Bank transfer (automatic),81.65,1823.09,No
CUST-04981,Male,0,No,No,29,Yes,Yes,DSL,Yes,No,No,No,Yes,Yes,Month-to-month,Yes,Bank transfer (automatic),77.92,2033.59,Yes
CUST-04982,Male,1,Yes,No,60,Yes,No,DSL,Yes,Yes,Yes,No,No,No,Month-to-month,Yes,Electronic check,81.46,4564.4,Yes
CUST-04983,Female,1,No,No,14,No,No phone service,Fiber optic,Yes,No,Yes,No,Yes,Yes,Two year,No,Electronic check,78.32,1025.65,No
CUST-04984,Female,1,No,No,45,Yes,Yes,Fiber optic,No,Yes,Yes,No,Yes,No,One year,Yes,Bank transfer (automatic),92.49,4031.55,Yes
CUST-04985,Female,0,No,No,30,Yes,Yes,DSL,Yes,No,Yes,No,Yes,Yes,Two year,Yes,Credit card (automatic),90.53,2625.01,Yes
CUST-04986,Female,0,Yes,No,31,No,No phone service,DSL,Yes,No,No,No,Yes,Yes,Month-to-month,No,Credit card (automatic),62.77,1689.65,Yes
CUST-04987,Male,1,Yes,No,12,Yes,Yes,No,No internet service,No internet service,No internet service,No internet service,No internet service,No internet service,Two year,No,Electronic check,41.82,444.33,No
CUST-04988,Male,1,No,No,21,Yes,Yes,Fiber optic,No,No,Yes,Yes,Yes,No,One year,Yes,Mailed check,102.74,2115.19,No
CUST-04989,Male,0,No,No,18,Yes,No,No,No internet service,No internet service,No internet service,No internet service,No internet service,No internet service,Month-to-month,Yes,Electronic check,37.46,606.18,No
CUST-04990,Male,1,Yes,No,30,Yes,No,Fiber optic,Yes,Yes,No,Yes,No,No,Month-to-month,Yes,Bank transfer (automatic),95.72,2802.9,No
CUST-04991,Male,0,No,No,8,Yes,No,Fiber optic,Yes,Yes,No,No,No,No,Month-to-month,No,Bank transfer (automatic),88.39,601.42,No
CUST-04992,Male,1,Yes,Yes,3,No,No phone service,No,No internet service,No internet service,No internet service,No internet service,No internet service,No internet service,Month-to-month,No,Electronic check,26.79,80.6,Yes
CUST-04993,Male,0,No,No,20,Yes,Yes,DSL,Yes,No,Yes,No,No,Yes,Two year,No,Credit card (automatic),83.39,1571.53,No
CUST-04994,Male,1,Yes,Yes,61,No,No phone service,Fiber optic,No,No,Yes,No,No,Yes,Month-to-month,Yes,Electronic check,73.34,4387.46,No
CUST-04995,Male,0,Yes,No,43,Yes,No,DSL,No,No,No,No,Yes,Yes,Two year,Yes,Credit card (automatic),69.47,2827.25,No
CUST-04996,Female,0,Yes,No,28,Yes,Yes,Fiber optic,No,Yes,No,Yes,No,No,Month-to-month,Yes,Credit card (automatic),91.12,2535.65,Yes
CUST-04997,Male,0,Yes,No,13,No,No phone service,No,No internet service,No internet service,No internet service,No internet service,No internet service,No internet service,Month-to-month,Yes,Credit card (automatic),24.48,315.77,Yes
CUST-04998,Male,0,Yes,No,1,Yes,No,DSL,No,No,No,No,Yes,No,Month-to-month,Yes,Bank transfer (automatic),59.94,56.13,Yes
CUST-04999,Male,0,Yes,No,17,Yes,Yes,DSL,No,No,Yes,No,No,Yes,Month-to-month,No,Bank transfer (automatic),76.07,1149.69,No
CUST-05000,Female,1,Yes,Yes,25,Yes,Yes,Fiber optic,Yes,Yes,Yes,Yes,No,No,Month-to-month,Yes,Mailed check,108.8,2394.67,Yes
CUST-05001,Female,0,No,No,10,Yes,No,Fiber optic,Yes,No,Yes,Yes,No,No,Two year,Yes,Mailed check,87.16,790.71,No
CUST-05002,Female,1,No,No,40,Yes,No,DSL,Yes,Yes,No,Yes,No,Yes,One year,No,Credit card (automatic),79.61,2895.55,No
CUST-05003,Male,0,No,Yes,39,Yes,No,Fiber optic,No,Yes,Yes,Yes,No,No,Month-to-month,Yes,Electronic check,95.7,3710.17,No
CUST-05004,Male,0,Yes,Yes,20,Yes,Yes,Fiber optic,No,No,Yes,No,No,No,Month-to-month,No,Mailed check,87.34,1610.28,Yes
CUST-05005,Male,0,Yes,No,26,Yes,Yes,DSL,No,Yes,No,No,Yes,No,One year,Yes,Electronic check,74.25,1840.33,No
CUST-05006,Male,0,No,No,25,Yes,No,DSL,No,No,Yes,No,No,Yes,One year,No,Electronic check,72.77,1615.72,Yes
CUST-05007,Female,0,No,No,38,Yes,No,Fiber optic,No,Yes,No,No,No,No,Month-to-month,Yes,Electronic check,89.8,3170.71,Yes
CUST-05008,Male,0,No,No,14,No,No phone service,DSL,Yes,Yes,No,No,No,No,Month-to-month,Yes,Credit card (automatic),56.38,743.45,Yes
CUST-05009,Male,1,No,No,72,Yes,Yes,No,No internet service,No internet service,No internet service,No internet service,No internet service,No internet service,Two year,Yes,Bank transfer (automatic),31.77,2149.04,No
CUST-05010,Female,0,No,No,8,No,No phone service,Fiber optic,Yes,Yes,No,Yes,No,Yes,One year,Yes,Mailed check,83.41,597.22,No
CUST-05011,Male,1,No,No,14,Yes,Yes,Fiber optic,No,No,Yes,No,No,Yes,Month-to-month,Yes,Mailed check,93.06,1255.53,Yes
CUST-05012,Female,0,Yes,No,34,Yes,No,Fiber optic,No,No,No,No,No,No,Month-to-month,No,Electronic check,73.45,2420.15,No
CUST-05013,Male,0,No,No,72,No,No phone service,Fiber optic,Yes,Yes,Yes,No,Yes,No,Month-to-month,Yes,Bank transfer (automatic),79.43,5321.96,No
CUST-05014,Male,0,No,No,18,Yes,Yes,DSL,No,Yes,No,No,Yes,No,One year,No,Electronic check,76.97,1199.73,No
CUST-05015,Male,0,No,No,12,Yes,Yes,Fiber optic,Yes,No,No,No,No,No,One year,Yes,Electronic check,87.71,1012.75,Yes
CUST-05016,Male,0,Yes,Yes,23,Yes,No,DSL,No,No,No,No,No,No,Month-to-month,No,Mailed check,62.1,1357.26,No
CUST-05017,Female,0,Yes,No,46,Yes,No,DSL,No,No,Yes,No,No,Yes,One year,No,Electronic check,75.07,3412.54,No
CUST-05018,Male,0,Yes,No,48,Yes,No,DSL,No,No,Yes,Yes,Yes,Yes,One year,Yes,Bank transfer (automatic),71.17,3085.03,No
CUST-05019,Male,0,Yes,No,42,Yes,No,Fiber optic,No,No,No,No,No,Yes,Month-to-month,No,Electronic check,93.01,3914.15,Yes
CUST-05020,Male,0,No,No,72,Yes,Yes,Fiber optic,Yes,Yes,Yes,Yes,No,Yes,Two year,Yes,Bank transfer (automatic),115.11,7640.05,No
CUST-05021,Male,0,No,No,48,Yes,No,Fiber optic,No,Yes,Yes,Yes,No,No,One year,Yes,Electronic check,98.06,4794.67,No
CUST-05022,Female,0,Yes,No,55,Yes,Yes,Fiber optic,Yes,No,Yes,Yes,Yes,Yes,Month-to-month,No,Mailed check,115.12,5792.02,No
CUST-05023,Male,1,No,Yes,59,Yes,No,Fiber optic,No,No,No,No,Yes,Yes,Month-to-month,No,Credit card (automatic),89.29,5027.96,Yes
CUST-05024,Female,0,Yes,Yes,11,Yes,Yes,Fiber optic,No,Yes,Yes,No,Yes,No,Month-to-month,Yes,Credit card (automatic),95.57,923.3,Yes
CUST-05025,Male,0,No,Yes,25,Yes,No,DSL,No,Yes,No,No,Yes,Yes,Two year,Yes,Electronic check,74.87,1744.29,No
CUST-05026,Female,0,Yes,Yes,14,Yes,No,DSL,No,No,Yes,No,Yes,Yes,Two year,No,Electronic check,62.65,819.0,No
CUST-05027,Female,0,No,No,15,Yes,Yes,Fiber optic,Yes,No,No,No,No,No,Month-to-month,Yes,Credit card (automatic),98.25,1406.41,No
CUST-05028,Female,0,No,Yes,21,Yes,Yes,Fiber optic,No,No,Yes,No,No,Yes,One year,Yes,Electronic check,92.75,1806.42,No
CUST-05029,Male,1,No,No,37,No,No phone service,Fiber optic,No,No,No,No,No,Yes,Month-to-month,Yes,Bank transfer (automatic),70.57,2437.85,Yes
CUST-05030,Female,0,No,Yes,72,Yes,Yes,DSL,No,No,Yes,No,Yes,Yes,Two year,Yes,Electronic check,75.32,5311.69,No
CUST-05031,Female,0,Yes,Yes,45,Yes,No,DSL,No,No,Yes,Yes,Yes,No,Month-to-month,Yes,Electronic check,80.91,3336.0,No
CUST-05032,Male,0,No,No,39,Yes,No,DSL,No,No,No,No,Yes,Yes,One year,Yes,Credit card (automatic),70.12,2529.85,No
CUST-05033,Female,0,Yes,No,22,No,No phone service,Fiber optic,No,No,Yes,No,Yes,Yes,Two year,Yes,Credit card (automatic),85.63,1797.96,Yes
CUST-05034,Female,0,Yes,Yes,72,Yes,Yes,Fiber optic,No,Yes,Yes,No,No,No,One year,No,Mailed check,101.06,6862.14,No
CUST-05035,Female,0,No,No,8,Yes,No,DSL,Yes,No,Yes,No,Yes,Yes,Month-to-month,Yes,Bank transfer (automatic),73.38,548.73,Yes
CUST-05036,Female,1,No,Yes,49,Yes,No,Fiber optic,No,Yes,No,Yes,No,No,One year,No,Mailed check,88.92,4105.55,Yes
CUST-05037,Male,0,No,No,4,Yes,No,Fiber optic,No,No,No,No,Yes,Yes,Month-to-month,Yes,Electronic check,88.1,314.54,No
CUST-05038,Male,0,Yes,Yes,32,No,No phone service,DSL,No,No,No,No,No,No,Month-to-month,Yes,Credit card (automatic),39.67,1280.21,Yes
CUST-05039,Male,0,No,No,60,Yes,No,DSL,Yes,Yes,Yes,Yes,No,No,Month-to-month,No,Credit card (automatic),84.64,4679.4,No
CUST-05040,Female,1,Yes,Yes,29,Yes,No,DSL,No,Yes,Yes,No,Yes,No,Month-to-month,Yes,Credit card (automatic),75.33,1983.5,No
CUST-05041,Female,0,No,No,71,Yes,Yes,DSL,No,No,Yes,Yes,No,No,Two year,No,Electronic check,77.04,5184.63,No
CUST-05042,Female,0,No,No,12,Yes,No,DSL,Yes,No,No,No,No,Yes,Month-to-month,Yes,Electronic check,69.12,745.8,Yes
CUST-05043,Female,1,No,No,1,Yes,Yes,DSL,No,No,Yes,No,Yes,Yes,Two year,Yes,Electronic check,82.13,76.08,No
CUST-05044,Male,0,No,No,8,Yes,Yes,Fiber optic,No,No,Yes,Yes,Yes,Yes,Month-to-month,No,Bank transfer (automatic),104.9,824.75,Yes
CUST-05045,Male,1,No,No,22,No,No phone service,DSL,No,No,Yes,No,Yes,No,Month-to-month,Yes,Credit card (automatic),60.07,1243.35,No
CUST-05046,Female,0,Yes,No,37,No,No phone service,Fiber optic,No,No,No,No,No,Yes,Two year,Yes,Credit card (automatic),70.99,2400.57,Yes
CUST-05047,Male,0,No,Yes,16,Yes,No,DSL,No,No,Yes,No,No,Yes,Month-to-month,Yes,Credit card (automatic),63.2,909.16,Yes
CUST-05048,Male,1,No,No,32,Yes,No,Fiber optic,Yes,Yes,Yes,No,Yes,No,Month-to-month,Yes,Credit card (automatic),102.1,3109.83,Yes
CUST-05049,Female,0,Yes,Yes,43,No,No phone service,DSL,Yes,Yes,No,No,No,Yes,One year,No,Bank transfer (automatic),59.75,2332.92,No
CUST-05050,Male,0,Yes,No,13,No,No phone service,DSL,Yes,No,No,Yes,No,No,Month-to-month,Yes,Mailed check,57.2,674.14,Yes
CUST-05051,Female,0,Yes,Yes,14,Yes,Yes,Fiber optic,No,No,No,No,No,No,One year,No,Electronic check,84.72,1128.81,Yes
CUST-05052,Female,0,No,No,7,Yes,Yes,DSL,Yes,Yes,Yes,No,No,Yes,Month-to-month,No,Electronic check,87.98,597.22,Yes
CUST-05053,Male,1,No,No,71,Yes,Yes,DSL,Yes,Yes,No,No,Yes,Yes,Month-to-month,No,Bank transfer (automatic),89.51,5809.58,Yes
CUST-05054,Male,0,No,Yes,72,Yes,No,DSL,No,No,No,No,Yes,Yes,Two year,No,Credit card (automatic),75.55,4819.75,No
CUST-05055,Female,1,Yes,No,32,Yes,Yes,Fiber optic,Yes,No,No,Yes,No,Yes,Month-to-month,No,Mailed check,101.7,3016.45,Yes
CUST-05056,Male,0,Yes,Yes,9,Yes,Yes,DSL,Yes,Yes,No,No,Yes,No,Two year,Yes,Mailed check,82.51,713.91,Yes
CUST-05057,Male,0,No,No,72,Yes,No,No,No internet service,No internet service,No internet service,No internet service,No internet service,No internet service,Month-to-month,No,Mailed check,40.77,2793.55,No
CUST-05058,Male,0,Yes,No,14,Yes,No,Fiber optic,No,No,No,No,No,Yes,Month-to-month,Yes,Credit card (automatic),87.16,1117.2,Yes
CUST-05059,Female,0,Yes,No,7,No,No phone service,DSL,No,Yes,Yes,Yes,Yes,Yes,Month-to-month,No,Bank transfer (automatic),54.34,362.46,No
CUST-05060,Male,1,Yes,No,13,Yes,No,Fiber optic,Yes,No,No,No,No,Yes,Month-to-month,No,Mailed check,85.05,1012.1,Yes
CUST-05061,Male,0,Yes,No,12,Yes,Yes,DSL,No,No,No,No,No,Yes,Month-to-month,No,Bank transfer (automatic),70.26,760.13,Yes
CUST-05062,Male,0,Yes,Yes,9,No,No phone service,DSL,Yes,No,Yes,No,No,Yes,Month-to-month,No,Electronic check,63.64,567.39,No
CUST-05063,Male,0,No,No,16,Yes,No,No,No internet service,No internet service,No internet service,No internet service,No internet service,No internet service,Month-to-month,No,Electronic check,38.98,611.79,Yes
CUST-05064,Male,0,Yes,Yes,30,Yes,No,DSL,No,No,No,No,No,No,One year,No,Mailed check,51.44,1400.65,No
CUST-05065,Male,1,Yes,No,49,Yes,No,DSL,No,No,No,Yes,No,Yes,Month-to-month,Yes,Credit card (automatic),66.59,3125.1,No
CUST-05066,Male,0,No,No,23,Yes,No,DSL,Yes,No,No,No,No,Yes,Month-to-month,No,Bank transfer (automatic),71.32,1463.6,Yes
CUST-05067,Male,0,No,No,23,Yes,Yes,DSL,No,Yes,No,No,No,Yes,Month-to-month,Yes,Electronic check,74.39,1694.91,No
CUST-05068,Female,0,No,No,23,No,No phone service,DSL,Yes,Yes,Yes,Yes,No,No,Month-to-month,No,Mailed check,66.07,1462.55,No
CUST-05069,Female,0,No,No,7,No,No phone service,Fiber optic,No,Yes,Yes,No,No,No,Two year,No,Electronic check,73.86,489.84,Yes
CUST-05070,Male,1,No,No,48,Yes,No,Fiber optic,No,No,No,No,Yes,Yes,Month-to-month,No,Bank transfer (automatic),91.74,3931.12,No
CUST-05071,Male,0,No,No,60,Yes,Yes,DSL,No,No,No,No,Yes,Yes,Month-to-month,Yes,Bank transfer (automatic),83.46,4896.95,No
CUST-05072,Male,0,No,No,72,Yes,No,Fiber optic,No,Yes,No,Yes,No,Yes,Month-to-month,Yes,Bank transfer (automatic),94.26,6457.68,Yes
CUST-05073,Female,0,No,Yes,20,No,No phone service,DSL,No,Yes,Yes,No,Yes,No,One year,Yes,Bank transfer (automatic),58.79,1126.48,No
CUST-05074,Male,0,No,No,72,Yes,Yes,No,No internet service,No internet service,No internet service,No internet service,No internet service,No internet service,Month-to-month,No,Mailed check,40.42,2855.3,Yes
CUST-05075,Female,1,Yes,Yes,52,Yes,Yes,Fiber optic,No,Yes,Yes,No,No,Yes,Month-to-month,Yes,Electronic check,101.93,5093.52,Yes
CUST-05076,Female,0,Yes,No,10,Yes,Yes,Fiber optic,Yes,No,Yes,Yes,Yes,No,Two year,Yes,Electronic check,118.0,1057.72,No
CUST-05077,Female,0,Yes,Yes,14,No,No phone service,No,No internet service,No internet service,No internet service,No internet service,No internet service,No internet service,Month-to-month,Yes,Credit card (automatic),18.0,246.84,Yes
CUST-05078,Female,0,Yes,No,30,Yes,No,DSL,No,No,No,Yes,Yes,No,One year,No,Electronic check,72.74,1992.16,No
CUST-05079,Male,1,Yes,Yes,23,Yes,No,DSL,No,Yes,No,No,No,No,One year,No,Bank transfer (automatic),61.77,1319.86,No
CUST-05080,Male,1,No,Yes,8,Yes,Yes,Fiber optic,No,Yes,No,Yes,No,No,One year,No,Credit card (automatic),94.37,700.54,No
CUST-05081,Female,0,No,No,30,Yes,No,Fiber optic,No,Yes,Yes,No,Yes,No,Month-to-month,Yes,Mailed check,91.1,2441.39,Yes
CUST-05082,Male,0,Yes,No,31,Yes,Yes,Fiber optic,Yes,No,No,No,No,No,Two year,Yes,Electronic check,91.74,2595.64,Yes
CUST-05083,Female,0,Yes,No,52,Yes,No,Fiber optic,No,No,Yes,Yes,Yes,No,Month-to-month,No,Bank transfer (automatic),89.67,4203.51,No
CUST-05084,Female,0,Yes,Yes,18,Yes,No,No,No internet service,No internet service,No internet service,No internet service,No internet service,No internet service,Month-to-month,No,Electronic check,33.17,539.31,Yes
CUST-05085,Male,0,No,No,14,Yes,No,DSL,Yes,No,Yes,No,Yes,Yes,Month-to-month,No,Electronic check,86.18,1129.29,Yes
CUST-05086,Female,0,Yes,No,6,Yes,Yes,Fiber optic,Yes,No,No,No,Yes,No,Two year,No,Bank transfer (automatic),98.9,574.34,No
CUST-05087,Male,1,Yes,No,34,Yes,No,Fiber optic,Yes,Yes,Yes,No,Yes,No,Two year,Yes,Electronic check,100.42,3434.05,No
CUST-05088,Female,0,Yes,Yes,31,Yes,No,DSL,Yes,Yes,No,Yes,No,Yes,Two year,Yes,Mailed check,89.82,2671.55,Yes
CUST-05089,Female,0,No,No,72,Yes,No,Fiber optic,Yes,No,No,No,No,Yes,Month-to-month,No,Bank transfer (automatic),86.6,6228.64,No
CUST-05090,Male,0,Yes,Yes,49,Yes,No,Fiber optic,No,Yes,No,No,No,No,Month-to-month,Yes,Bank transfer (automatic),91.68,4036.08,Yes
CUST-05091,Male,0,No,Yes,18,Yes,No,DSL,Yes,No,Yes,No,Yes,No,One year,No,Credit card (automatic),72.44,1306.16,No
CUST-05092,Female,0,No,No,28,Yes,Yes,Fiber optic,No,Yes,No,No,Yes,No,Two year,No,Bank transfer (automatic),98.3,2556.78,No
CUST-05093,Female,0,No,No,8,Yes,Yes,DSL,Yes,Yes,No,Yes,No,No,Two year,Yes,Electronic check,78.01,635.17,No
CUST-05094,Male,1,No,No,20,Yes,Yes,Fiber optic,No,No,Yes,Yes,No,No,Month-to-month,No,Electronic check,97.46,1766.12,No
CUST-05095,Female,0,Yes,Yes,32,Yes,No,Fiber optic,Yes,No,No,No,Yes,Yes,Two year,No,Credit card (automatic),101.21,3165.81,Yes
CUST-05096,Female,1,Yes,Yes,72,Yes,No,Fiber optic,Yes,No,Yes,No,No,Yes,Month-to-month,Yes,Mailed check,93.34,6035.01,Yes
CUST-05097,Male,0,No,No,12,No,No phone service,Fiber optic,Yes,No,No,No,No,No,Month-to-month,Yes,Electronic check,76.18,823.12,Yes
CUST-05098,Female,0,Yes,Yes,69,Yes,Yes,Fiber optic,No,No,No,No,Yes,Yes,Month-to-month,No,Bank transfer (automatic),95.41,6702.69,Yes
CUST-05099,Male,0,No,No,34,Yes,No,No,No internet service,No internet service,No internet service,No internet service,No internet service,No internet service,One year,Yes,Electronic check,29.9,925.15,No
CUST-05100,Female,1,No,Yes,48,Yes,Yes,Fiber optic,No,No,No,No,No,No,Month-to-month,Yes,Electronic check,91.71,4176.23,Yes
CUST-05101,Male,0,Yes,Yes,28,Yes,Yes,DSL,No,No,No,No,No,Yes,One year,Yes,Electronic check,67.32,1694.5,No
CUST-05102,Male,0,Yes,No,15,Yes,No,Fiber optic,No,No,No,No,Yes,Yes,Month-to-month,No,Electronic check,81.43,1149.64,Yes
CUST-05103,Female,0,No,No,67,Yes,No,Fiber optic,No,No,Yes,No,No,Yes,Month-to-month,Yes,Mailed check,82.26,5572.66,Yes
CUST-05104,Female,0,No,No,19,No,No phone service,DSL,Yes,Yes,Yes,No,No,Yes,Two year,No,Credit card (automatic),68.71,1240.09,No
CUST-05105,Female,0,No,No,47,Yes,No,DSL,Yes,Yes,Yes,No,No,No,Two year,Yes,Mailed check,71.38,3090.92,No
CUST-05106,Male,0,Yes,No,9,Yes,No,Fiber optic,No,No,No,Yes,No,No,One year,No,Credit card (automatic),83.2,693.54,Yes
CUST-05107,Male,0,No,No,11,Yes,Yes,Fiber optic,No,No,Yes,Yes,Yes,Yes,Month-to-month,No,Mailed check,105.45,1085.41,Yes
CUST-05108,Male,1,Yes,No,4,Yes,No,DSL,No,Yes,No,No,Yes,No,Two year,Yes,Bank transfer (automatic),75.67,285.02,No
CUST-05109,Female,0,Yes,No,25,Yes,Yes,Fiber optic,No,No,No,No,Yes,Yes,Month-to-month,No,Bank transfer (automatic),98.81,2356.9,Yes
CUST-05110,Female,0,No,No,34,Yes,No,No,No internet service,No internet service,No internet service,No internet service,No internet service,No internet service,Month-to-month,Yes,Electronic check,35.81,1178.48,Yes
CUST-05111,Male,0,No,No,28,Yes,No,Fiber optic,No,Yes,No,No,Yes,No,Month-to-month,No,Credit card (automatic),92.21,2370.25,Yes
CUST-05112,Male,0,Yes,Yes,6,No,No phone service,DSL,Yes,Yes,No,No,Yes,Yes,Month-to-month,Yes,Electronic check,64.44,371.56,No
CUST-05113,Male,1,No,No,11,Yes,Yes,DSL,Yes,No,No,No,Yes,Yes,One year,Yes,Bank transfer (automatic),77.4,750.37,No
CUST-05114,Female,0,Yes,No,48,Yes,Yes,Fiber optic,Yes,Yes,Yes,No,No,Yes,Month-to-month,Yes,Bank transfer (automatic),101.72,4623.42,Yes
CUST-05115,Female,0,Yes,No,17,Yes,No,Fiber optic,No,No,Yes,No,No,No,One year,No,Credit card (automatic),86.25,1339.78,No
CUST-05116,Female,1,Yes,Yes,30,No,No phone service,No,No internet service,No internet service,No internet service,No internet service,No internet service,No internet service,Two year,Yes,Credit card (automatic),18.0,504.4,No
CUST-05117,Female,0,No,No,16,Yes,No,Fiber optic,Yes,Yes,Yes,No,Yes,No,Month-to-month,Yes,Bank transfer (automatic),104.84,1607.1,No
CUST-05118,Female,0,Yes,Yes,44,Yes,No,Fiber optic,Yes,No,No,No,Yes,Yes,Month-to-month,Yes,Electronic check,94.56,4111.38,No
CUST-05119,Male,0,No,No,17,Yes,No,Fiber optic,No,No,No,Yes,No,No,One year,Yes,Credit card (automatic),86.98,1375.7,No
CUST-05120,Female,0,Yes,Yes,24,Yes,No,Fiber optic,No,No,No,No,No,No,One year,Yes,Electronic check,86.41,1974.92,No
CUST-05121,Male,0,Yes,No,57,Yes,Yes,DSL,Yes,No,Yes,Yes,No,Yes,One year,Yes,Mailed check,96.4,5203.53,No
CUST-05122,Male,0,Yes,Yes,29,Yes,Yes,DSL,No,No,No,No,No,No,Month-to-month,Yes,Electronic check,64.34,1638.01,No
CUST-05123,Male,0,Yes,No,13,Yes,Yes,No,No internet service,No internet service,No internet service,No internet service,No internet service,No internet service,Month-to-month,No,Mailed check,41.95,517.68,Yes
CUST-05124,Male,0,No,No,39,Yes,Yes,Fiber optic,No,No,No,No,Yes,No,Two year,Yes,Bank transfer (automatic),82.93,3271.15,No
CUST-05125,Female,1,No,No,6,Yes,Yes,DSL,No,Yes,Yes,No,Yes,No,Month-to-month,Yes,Bank transfer (automatic),76.7,447.87,Yes
CUST-05126,Male,0,No,No,12,Yes,Yes,No,No internet service,No internet service,No internet service,No internet service,No internet service,No internet service,Month-to-month,Yes,Electronic check,39.47,438.67,No
CUST-05127,Female,0,Yes,Yes,7,Yes,No,Fiber optic,Yes,No,No,Yes,Yes,No,One year,No,Credit card (automatic),98.95,641.07,Yes
CUST-05128,Male,0,No,No,45,Yes,Yes,DSL,Yes,No,No,Yes,Yes,No,Month-to-month,No,Electronic check,78.88,3266.49,Yes
CUST-05129,Male,0,No,Yes,37,Yes,Yes,Fiber optic,No,No,No,No,No,Yes,Two year,Yes,Mailed check,86.63,3086.11,No
CUST-05130,Male,0,Yes,Yes,41,Yes,No,Fiber optic,No,Yes,No,Yes,Yes,Yes,One year,Yes,Credit card (automatic),97.42,3764.34,Yes
CUST-05131,Female,0,No,No,33,No,No phone service,Fiber optic,No,No,Yes,Yes,No,No,Two year,Yes,Bank transfer (automatic),78.57,2304.06,No
CUST-05132,Female,1,No,No,66,Yes,Yes,Fiber optic,No,No,Yes,No,Yes,Yes,Two year,No,Electronic check,102.03,6491.42,No
CUST-05133,Female,0,No,No,32,Yes,No,Fiber optic,No,Yes,No,Yes,No,Yes,Month-to-month,Yes,Mailed check,96.98,2978.15,No
CUST-05134,Female,0,No,No,17,Yes,No,Fiber optic,No,Yes,No,No,Yes,No,One year,No,Electronic check,91.32,1459.63,Yes
CUST-05135,Male,0,No,No,13,Yes,Yes,Fiber optic,No,No,Yes,No,Yes,No,Month-to-month,No,Electronic check,98.44,1212.71,Yes
CUST-05136,Female,0,Yes,Yes,32,Yes,Yes,No,No internet service,No internet service,No internet service,No internet service,No internet service,No internet service,Month-to-month,No,Electronic check,38.95,1134.92,No
CUST-05137,Female,0,No,No,62,Yes,Yes,No,No internet service,No internet service,No internet service,No internet service,No internet service,No internet service,Month-to-month,Yes,Bank transfer (automatic),40.58,2497.98,No
CUST-05138,Male,0,No,No,8,Yes,Yes,DSL,No,No,No,Yes,Yes,No,Two year,No,Electronic check,77.51,551.31,No
CUST-05139,Female,0,Yes,No,41,Yes,No,Fiber optic,No,No,No,Yes,No,Yes,Month-to-month,Yes,Bank transfer (automatic),81.64,3140.74,No
CUST-05140,Male,0,No,No,24,Yes,No,No,No internet service,No internet service,No internet service,No internet service,No internet service,No internet service,Two year,Yes,Bank transfer (automatic),35.66,805.14,No
CUST-05141,Female,0,No,No,56,Yes,Yes,No,No internet service,No internet service,No internet service,No internet service,No internet service,No internet service,Month-to-month,Yes,Bank transfer (automatic),39.88,2069.47,No
CUST-05142,Female,0,Yes,Yes,5,Yes,Yes,DSL,No,No,Yes,No,No,No,Month-to-month,Yes,Mailed check,70.8,333.58,No
CUST-05143,Male,0,No,Yes,72,Yes,Yes,DSL,No,Yes,Yes,No,No,No,Two year,No,Bank transfer (automatic),71.51,4661.56,No
CUST-05144,Male,0,No,No,23,Yes,No,Fiber optic,No,Yes,No,Yes,Yes,No,Month-to-month,Yes,Credit card (automatic),94.02,1990.35,Yes
CUST-05145,Male,0,No,Yes,4,Yes,No,No,No internet service,No internet service,No internet service,No internet service,No internet service,No internet service,Two year,No,Mailed check,32.4,117.43,No
CUST-05146,Male,0,No,No,8,Yes,Yes,DSL,No,No,No,Yes,No,Yes,One year,No,Credit card (automatic),65.76,491.21,No
CUST-05147,Female,0,Yes,No,72,Yes,No,DSL,No,No,No,Yes,No,Yes,Two year,No,Credit card (automatic),69.83,4975.99,No
CUST-05148,Male,0,No,Yes,41,Yes,Yes,Fiber optic,Yes,No,No,No,No,Yes,One year,Yes,Bank transfer (automatic),95.27,3743.36,No
CUST-05149,Female,0,No,No,21,Yes,No,Fiber optic,No,No,No,Yes,No,Yes,Month-to-month,No,Bank transfer (automatic),91.9,1728.6,Yes
CUST-05150,Male,0,No,No,72,Yes,Yes,No,No internet service,No internet service,No internet service,No internet service,No internet service,No internet service,One year,No,Electronic check,37.68,2525.94,No
CUST-05151,Female,0,Yes,No,31,Yes,No,DSL,Yes,No,Yes,No,No,Yes,One year,Yes,Bank transfer (automatic),74.29,2162.57,No
CUST-05152,Male,0,Yes,No,53,Yes,No,DSL,No,Yes,No,No,No,Yes,Month-to-month,Yes,Bank transfer (automatic),69.79,3391.02,Yes
CUST-05153,Female,0,No,No,11,Yes,No,Fiber optic,No,Yes,No,No,Yes,Yes,Month-to-month,No,Electronic check,87.54,889.84,Yes
CUST-05154,Male,1,Yes,No,21,Yes,No,Fiber optic,No,No,Yes,Yes,No,No,Month-to-month,Yes,Mailed check,86.91,1798.21,Yes
CUST-05155,Male,0,Yes,No,31,Yes,Yes,Fiber optic,No,No,No,Yes,No,No,Month-to-month,No,Bank transfer (automatic),90.99,2484.11,Yes
CUST-05156,Male,1,No,No,19,Yes,Yes,DSL,Yes,Yes,No,Yes,No,Yes,Month-to-month,No,Mailed check,80.69,1463.88,Yes
CUST-05157,Male,1,No,No,65,Yes,No,DSL,Yes,No,No,Yes,No,Yes,Two year,Yes,Electronic check,74.76,4259.39,No
CUST-05158,Female,0,No,No,40,Yes,No,Fiber optic,No,No,No,No,No,No,Two year,Yes,Credit card (automatic),75.61,2874.12,No
CUST-05159,Female,0,No,Yes,8,Yes,No,Fiber optic,Yes,Yes,No,Yes,No,No,Month-to-month,No,Electronic check,91.56,666.44,Yes
CUST-05160,Male,0,No,Yes,22,Yes,No,Fiber optic,No,Yes,No,Yes,Yes,Yes,Month-to-month,No,Bank transfer (automatic),103.42,2189.88,Yes
CUST-05161,Female,0,No,No,13,No,No phone service,Fiber optic,No,Yes,Yes,No,No,No,Month-to-month,Yes,Bank transfer (automatic),69.04,905.36,Yes
CUST-05162,Female,0,No,No,40,Yes,No,DSL,Yes,Yes,No,No,No,Yes,Month-to-month,Yes,Electronic check,73.0,2739.31,No
CUST-05163,Female,0,No,Yes,18,Yes,No,DSL,No,Yes,No,No,No,Yes,One year,No,Credit card (automatic),62.33,1107.02,Yes
CUST-05164,Male,0,No,No,4,Yes,Yes,Fiber optic,No,Yes,No,Yes,No,No,Month-to-month,Yes,Mailed check,93.66,361.24,Yes
CUST-05165,Female,0,Yes,No,36,Yes,Yes,Fiber optic,No,No,No,Yes,Yes,Yes,Month-to-month,Yes,Mailed check,92.35,3178.64,Yes
CUST-05166,Female,0,Yes,No,18,Yes,Yes,No,No internet service,No internet service,No internet service,No internet service,No internet service,No internet service,Month-to-month,Yes,Electronic check,39.34,639.65,No
CUST-05167,Male,0,No,No,72,Yes,Yes,Fiber optic,No,Yes,No,No,Yes,No,Month-to-month,Yes,Mailed check,100.6,7090.03,No
CUST-05168,Female,1,No,No,10,Yes,No,DSL,No,No,No,No,No,No,Two year,Yes,Credit card (automatic),57.65,550.52,Yes
CUST-05169,Female,0,No,No,14,Yes,No,Fiber optic,No,Yes,Yes,Yes,No,Yes,Two year,Yes,Credit card (automatic),101.49,1283.83,No
CUST-05170,Female,0,No,No,22,Yes,No,Fiber optic,No,Yes,No,No,No,Yes,Month-to-month,No,Mailed check,86.13,1720.24,No
CUST-05171,Male,1,No,No,37,Yes,No,Fiber optic,No,No,Yes,No,No,Yes,Month-to-month,Yes,Credit card (automatic),87.01,2963.71,No
CUST-05172,Female,0,Yes,No,57,Yes,No,Fiber optic,Yes,No,Yes,Yes,Yes,No,Month-to-month,Yes,Mailed check,103.01,5341.03,No
CUST-05173,Male,0,No,No,21,Yes,No,Fiber optic,No,No,Yes,No,No,Yes,Month-to-month,No,Mailed check,85.9,1686.85,No
CUST-05174,Female,0,No,No,32,Yes,Yes,DSL,Yes,Yes,No,No,No,No,Month-to-month,No,Mailed check,71.64,2201.15,No
CUST-05175,Female,0,Yes,No,6,No,No phone service,Fiber optic,No,No,Yes,No,No,No,One year,Yes,Bank transfer (automatic),59.98,335.47,Yes
CUST-05176,Female,1,Yes,No,14,Yes,No,DSL,No,No,No,Yes,Yes,Yes,Month-to-month,No,Credit card (automatic),70.48,935.04,Yes
CUST-05177,Female,0,No,No,19,Yes,Yes,Fiber optic,No,Yes,No,Yes,Yes,Yes,One year,No,Electronic check,104.13,1773.64,No
CUST-05178,Female,0,No,No,22,No,No phone service,Fiber optic,No,No,No,No,No,Yes,Month-to-month,Yes,Electronic check,62.01,1332.14,Yes
CUST-05179,Female,0,Yes,Yes,44,Yes,No,Fiber optic,No,No,No,No,No,Yes,Two year,Yes,Electronic check,83.68,3574.42,Yes
CUST-05180,Female,0,Yes,No,72,Yes,No,Fiber optic,No,Yes,No,No,Yes,Yes,One year,No,Credit card (automatic),96.46,7037.99,No
CUST-05181,Male,0,Yes,Yes,15,Yes,Yes,Fiber optic,No,Yes,Yes,No,Yes,Yes,Month-to-month,No,Electronic check,103.12,1397.72,Yes
CUST-05182,Male,0,No,No,40,Yes,No,Fiber optic,No,Yes,No,No,No,Yes,One year,Yes,Credit card (automatic),89.69,3227.46,Yes
CUST-05183,Male,0,No,No,65,Yes,No,DSL,Yes,Yes,No,No,No,Yes,One year,Yes,Credit card (automatic),72.92,4236.81,No
CUST-05184,Male,0,Yes,No,63,Yes,No,Fiber optic,No,Yes,No,No,Yes,No,Month-to-month,Yes,Credit card (automatic),96.27,5961.86,Yes
CUST-05185,Male,0,No,No,12,Yes,No,Fiber optic,No,Yes,No,No,Yes,Yes,Month-to-month,Yes,Mailed check,87.67,937.27,Yes
CUST-05186,Male,1,Yes,No,60,Yes,Yes,DSL,No,Yes,Yes,No,No,No,One year,Yes,Bank transfer (automatic),79.41,4405.09,No
CUST-05187,Male,0,Yes,Yes,9,Yes,No,Fiber optic,No,No,No,No,Yes,Yes,Month-to-month,No,Electronic check,91.22,726.38,Yes
CUST-05188,Female,0,Yes,No,8,Yes,No,DSL,No,No,Yes,No,No,Yes,Month-to-month,No,Mailed check,64.93,489.67,No
CUST-05189,Male,0,No,No,28,Yes,Yes,No,No internet service,No internet service,No internet service,No internet service,No internet service,No internet service,Two year,No,Mailed check,38.41,1019.31,Yes
CUST-05190,Female,0,No,No,19,Yes,No,Fiber optic,Yes,Yes,Yes,No,No,Yes,Two year,Yes,Electronic check,101.67,1847.22,No
CUST-05191,Male,0,Yes,Yes,72,Yes,No,Fiber optic,No,No,Yes,Yes,Yes,No,One year,Yes,Mailed check,100.26,6760.9,No
CUST-05192,Male,1,No,No,4,Yes,No,DSL,Yes,Yes,No,Yes,No,No,One year,No,Mailed check,76.35,274.85,No
CUST-05193,Female,0,No,No,29,Yes,No,DSL,No,Yes,No,No,Yes,Yes,One year,Yes,Bank transfer (automatic),67.6,1877.64,Yes
CUST-05194,Female,1,No,No,54,Yes,Yes,DSL,Yes,No,No,Yes,No,Yes,Month-to-month,No,Credit card (automatic),81.59,4151.03,Yes
CUST-05195,Female,1,No,No,4,No,No phone service,DSL,Yes,No,No,Yes,No,No,Month-to-month,No,Mailed check,58.04,218.63,Yes
CUST-05196,Female,0,No,No,20,Yes,Yes,Fiber optic,Yes,No,No,No,Yes,No,Month-to-month,Yes,Electronic check,104.74,1904.53,Yes
CUST-05197,Male,0,Yes,No,53,Yes,Yes,DSL,Yes,Yes,Yes,No,No,Yes,Month-to-month,Yes,Electronic check,83.1,4201.88,Yes
CUST-05198,Male,0,Yes,Yes,26,Yes,Yes,Fiber optic,Yes,No,Yes,No,Yes,No,Month-to-month,Yes,Credit card (automatic),108.92,2744.49,No
CUST-05199,Male,0,No,No,26,Yes,No,Fiber optic,No,Yes,No,Yes,Yes,No,Month-to-month,Yes,Electronic check,95.91,2271.11,Yes
CUST-05200,Male,0,No,No,57,Yes,Yes,No,No internet service,No internet service,No internet service,No internet service,No internet service,No internet service,Month-to-month,Yes,Electronic check,30.82,1568.43,Yes
CUST-05201,Female,0,No,No,38,No,No phone service,DSL,Yes,No,No,No,No,Yes,Month-to-month,Yes,Bank transfer (automatic),61.96,2274.83,Yes
CUST-05202,Female,1,No,No,14,Yes,Yes,Fiber optic,Yes,No,No,No,No,Yes,Two year,No,Credit card (automatic),92.22,1132.43,Yes
CUST-05203,Male,0,No,No,72,Yes,Yes,Fiber optic,No,No,No,No,Yes,Yes,Two year,Yes,Bank transfer (automatic),99.52,6483.68,No
CUST-05204,Male,0,No,Yes,23,Yes,Yes,Fiber optic,Yes,Yes,No,No,No,Yes,Month-to-month,Yes,Electronic check,96.72,2031.66,Yes
CUST-05205,Male,0,No,No,8,Yes,Yes,DSL,No,Yes,No,No,Yes,Yes,Month-to-month,No,Credit card (automatic),86.44,629.3,Yes
CUST-05206,Female,0,Yes,No,28,Yes,Yes,No,No internet service,No internet service,No internet service,No internet service,No internet service,No internet service,Month-to-month,No,Bank transfer (automatic),40.03,1082.37,Yes
CUST-05207,Male,0,No,No,25,Yes,No,DSL,Yes,Yes,No,No,Yes,No,Month-to-month,No,Bank transfer (automatic),72.55,1778.25,No
CUST-05208,Male,0,No,No,37,No,No phone service,DSL,No,No,No,No,No,Yes,Month-to-month,Yes,Bank transfer (automatic),45.43,1639.04,Yes
CUST-05209,Female,0,Yes,Yes,42,Yes,No,DSL,No,Yes,Yes,Yes,Yes,Yes,Two year,Yes,Bank transfer (automatic),83.27,3172.81,No
CUST-05210,Female,1,Yes,No,6,Yes,Yes,Fiber optic,No,Yes,No,No,No,Yes,Month-to-month,No,Credit card (automatic),92.47,550.49,Yes
CUST-05211,Female,0,No,No,22,Yes,Yes,Fiber optic,Yes,Yes,Yes,Yes,Yes,No,One year,Yes,Electronic check,105.06,2068.76,Yes
CUST-05212,Female,1,No,Yes,38,Yes,No,Fiber optic,No,No,No,Yes,No,No,Two year,No,Electronic check,78.92,2844.73,No
CUST-05213,Female,0,Yes,Yes,27,Yes,No,Fiber optic,No,Yes,Yes,No,Yes,Yes,Month-to-month,No,Electronic check,109.92,2809.05,Yes
CUST-05214,Male,0,Yes,No,17,No,No phone service,Fiber optic,Yes,No,Yes,Yes,No,No,One year,Yes,Mailed check,78.46,1324.53,No
CUST-05215,Male,0,Yes,No,47,Yes,Yes,No,No internet service,No internet service,No internet service,No internet service,No internet service,No internet service,Month-to-month,No,Bank transfer (automatic),39.97,1798.98,Yes
CUST-05216,Female,0,Yes,No,47,Yes,No,Fiber optic,No,Yes,Yes,No,No,No,One year,Yes,Credit card (automatic),87.16,4093.0,No
CUST-05217,Male,1,No,No,0,Yes,Yes,DSL,No,Yes,No,No,No,Yes,Month-to-month,Yes,Electronic check,80.95,73.63,Yes
CUST-05218,Male,0,No,No,32,Yes,Yes,No,No internet service,No internet service,No internet service,No internet service,No internet service,No internet service,Month-to-month,Yes,Mailed check,42.58,1321.63,No
CUST-05219,Female,0,No,No,37,Yes,No,DSL,Yes,Yes,No,No,Yes,No,Month-to-month,No,Credit card (automatic),72.92,2643.75,Yes
CUST-05220,Female,0,Yes,No,22,Yes,No,Fiber optic,No,No,Yes,No,Yes,No,One year,No,Credit card (automatic),86.05,1815.63,No
CUST-05221,Female,0,Yes,Yes,30,Yes,No,DSL,Yes,Yes,No,Yes,Yes,Yes,Month-to-month,No,Bank transfer (automatic),81.11,2217.24,No
CUST-05222,Male,0,Yes,No,23,Yes,No,DSL,No,Yes,Yes,Yes,No,Yes,Two year,Yes,Electronic check,77.17,1651.54,No
CUST-05223,Male,0,No,No,36,Yes,No,Fiber optic,No,Yes,No,No,No,No,Month-to-month,Yes,Bank transfer (automatic),86.82,3006.92,No
CUST-05224,Male,1,No,No,18,Yes,No,Fiber optic,No,No,No,Yes,No,Yes,Month-to-month,Yes,Electronic check,88.01,1531.92,Yes
CUST-05225,Male,0,Yes,No,18,Yes,Yes,DSL,Yes,No,No,No,Yes,Yes,Month-to-month,No,Mailed check,77.57,1265.78,Yes
CUST-05226,Female,0,No,No,23,Yes,No,Fiber optic,Yes,Yes,No,Yes,No,Yes,Two year,Yes,Electronic check,97.73,2023.59,No
CUST-05227,Female,0,Yes,No,37,Yes,No,DSL,No,Yes,No,Yes,No,Yes,One year,Yes,Mailed check,81.0,2950.72,No
CUST-05228,Male,0,Yes,No,40,Yes,Yes,Fiber optic,Yes,No,No,Yes,No,No,Month-to-month,Yes,Mailed check,93.61,3649.42,Yes
CUST-05229,Female,1,No,Yes,69,Yes,No,No,No internet service,No internet service,No internet service,No internet service,No internet service,No internet service,One year,No,Electronic check,35.22,2393.59,No
CUST-05230,Female,0,Yes,No,9,Yes,Yes,No,No internet service,No internet service,No internet service,No internet service,No internet service,No internet service,One year,Yes,Electronic check,40.29,364.17,Yes
CUST-05231,Female,0,No,No,3,Yes,No,Fiber optic,Yes,Yes,No,No,Yes,No,Month-to-month,No,Mailed check,95.89,272.03,Yes
CUST-05232,Female,0,Yes,No,47,Yes,No,Fiber optic,No,No,No,Yes,Yes,Yes,Month-to-month,Yes,Electronic check,92.94,3869.32,Yes
CUST-05233,Female,1,No,No,28,Yes,No,Fiber optic,No,No,Yes,No,No,Yes,One year,No,Mailed check,95.7,2655.37,Yes
CUST-05234,Female,0,Yes,No,4,Yes,Yes,DSL,No,No,No,No,Yes,Yes,Month-to-month,Yes,Bank transfer (automatic),78.01,291.86,Yes
CUST-05235,Female,1,Yes,Yes,23,Yes,Yes,Fiber optic,No,Yes,Yes,Yes,Yes,No,Month-to-month,No,Electronic check,106.11,2441.77,Yes
CUST-05236,Male,0,Yes,No,57,Yes,Yes,DSL,Yes,No,Yes,No,Yes,No,One year,Yes,Electronic check,78.09,4056.01,No
CUST-05237,Male,1,No,No,18,Yes,No,No,No internet service,No internet service,No internet service,No internet service,No internet service,No internet service,One year,No,Mailed check,29.26,513.05,No
CUST-05238,Male,0,No,No,32,Yes,Yes,Fiber optic,Yes,No,Yes,No,No,No,Month-to-month,No,Bank transfer (automatic),101.29,2928.46,Yes
CUST-05239,Male,0,No,No,15,No,No phone service,Fiber optic,No,Yes,Yes,No,Yes,Yes,Month-to-month,Yes,Bank transfer (automatic),89.4,1330.73,Yes
CUST-05240,Male,0,Yes,No,10,Yes,Yes,Fiber optic,Yes,Yes,No,No,Yes,Yes,Month-to-month,No,Credit card (automatic),115.22,1021.05,Yes
CUST-05241,Female,0,Yes,No,51,No,No phone service,Fiber optic,No,Yes,Yes,No,No,No,One year,Yes,Bank transfer (automatic),76.08,3657.32,No
CUST-05242,Male,1,Yes,Yes,16,Yes,No,No,No internet service,No internet service,No internet service,No internet service,No internet service,No internet service,Month-to-month,No,Mailed check,35.4,530.34,No
CUST-05243,Male,1,No,No,21,Yes,No,Fiber optic,No,No,No,Yes,No,No,Month-to-month,No,Mailed check,74.19,1429.47,No
CUST-05244,Male,0,Yes,No,28,Yes,No,DSL,Yes,Yes,Yes,No,Yes,Yes,Month-to-month,Yes,Credit card (automatic),89.02,2342.15,No
CUST-05245,Female,1,Yes,No,14,Yes,Yes,Fiber optic,No,Yes,No,No,Yes,No,Month-to-month,Yes,Credit card (automatic),100.14,1281.5,Yes
CUST-05246,Female,0,No,No,72,No,No phone service,Fiber optic,No,Yes,Yes,No,No,No,One year,Yes,Bank transfer (automatic),81.42,5450.43,No
CUST-05247,Male,0,No,No,46,Yes,Yes,Fiber optic,No,Yes,No,No,No,No,Month-to-month,Yes,Bank transfer (automatic),79.35,3449.97,Yes
CUST-05248,Male,0,Yes,No,7,No,No phone service,DSL,No,Yes,No,No,Yes,No,One year,No,Mailed check,47.37,301.78,No
CUST-05249,Male,0,Yes,Yes,54,Yes,No,DSL,Yes,No,No,Yes,No,Yes,Month-to-month,Yes,Bank transfer (automatic),77.99,3943.35,No
CUST-05250,Male,0,Yes,No,32,No,No phone service,Fiber optic,Yes,Yes,Yes,Yes,No,No,Month-to-month,Yes,Bank transfer (automatic),86.84,2681.83,Yes
CUST-05251,Female,0,No,No,35,Yes,Yes,DSL,No,No,Yes,No,Yes,Yes,Month-to-month,Yes,Credit card (automatic),74.75,,No
CUST-05252,Female,0,Yes,No,24,Yes,Yes,Fiber optic,Yes,No,Yes,No,No,No,Two year,Yes,Mailed check,97.9,2216.21,No
CUST-05253,Male,0,No,No,21,No,No phone service,Fiber optic,Yes,No,Yes,No,No,No,Month-to-month,No,Bank transfer (automatic),73.63,1394.54,Yes
CUST-05254,Male,1,Yes,Yes,54,Yes,Yes,Fiber optic,No,Yes,Yes,Yes,No,Yes,Month-to-month,Yes,Electronic check,103.0,5545.31,No
CUST-05255,Female,0,No,No,10,Yes,No,Fiber optic,No,No,No,Yes,No,Yes,Month-to-month,No,Credit card (automatic),85.41,815.16,Yes
CUST-05256,Female,0,No,No,62,Yes,Yes,DSL,No,No,No,Yes,No,No,One year,Yes,Credit card (automatic),66.75,3697.24,No
CUST-05257,Female,0,Yes,No,29,Yes,Yes,Fiber optic,Yes,No,Yes,Yes,Yes,Yes,One year,Yes,Bank transfer (automatic),108.78,3168.35,Yes
CUST-05258,Female,0,Yes,No,7,Yes,No,DSL,Yes,No,Yes,Yes,No,Yes,One year,No,Mailed check,73.49,490.08,No
CUST-05259,Male,0,Yes,Yes,5,Yes,No,No,No internet service,No internet service,No internet service,No internet service,No internet service,No internet service,One year,Yes,Credit card (automatic),40.77,185.39,No
CUST-05260,Female,0,No,No,15,Yes,No,Fiber optic,No,Yes,No,Yes,No,No,Month-to-month,Yes,Electronic check,96.79,1489.01,Yes
CUST-05261,Male,0,No,No,17,Yes,Yes,DSL,Yes,Yes,No,No,No,No,Month-to-month,Yes,Bank transfer (automatic),80.88,1285.01,Yes
CUST-05262,Female,0,No,No,5,Yes,No,No,No internet service,No internet service,No internet service,No internet service,No internet service,No internet service,Month-to-month,Yes,Mailed check,32.27,142.57,Yes
CUST-05263,Male,0,Yes,Yes,38,No,No phone service,Fiber optic,No,No,No,Yes,Yes,No,Month-to-month,Yes,Electronic check,71.03,2654.3,Yes
CUST-05264,Female,1,Yes,No,43,Yes,No,Fiber optic,Yes,Yes,No,No,No,Yes,Month-to-month,No,Electronic check,87.45,3574.3,No
CUST-05265,Male,0,No,No,41,Yes,No,DSL,No,No,No,No,Yes,Yes,One year,No,Bank transfer (automatic),73.02,2957.11,No
CUST-05266,Male,1,No,No,50,Yes,Yes,DSL,No,No,No,No,Yes,No,One year,No,Mailed check,68.75,3246.81,No
CUST-05267,Male,1,No,No,18,No,No phone service,No,No internet service,No internet service,No internet service,No internet service,No internet service,No internet service,Two year,Yes,Credit card (automatic),25.73,423.94,No
CUST-05268,Male,0,No,No,34,Yes,Yes,DSL,No,Yes,No,No,No,Yes,Two year,Yes,Bank transfer (automatic),76.2,2326.94,No
CUST-05269,Male,0,No,No,50,No,No phone service,Fiber optic,No,Yes,No,Yes,No,No,Month-to-month,Yes,Electronic check,75.01,3423.51,Yes
CUST-05270,Male,0,No,Yes,39,Yes,No,DSL,No,No,No,No,No,Yes,Month-to-month,Yes,Mailed check,60.17,2148.6,Yes
CUST-05271,Female,0,No,No,32,Yes,Yes,Fiber optic,No,No,No,Yes,Yes,No,Month-to-month,No,Mailed check,104.06,2942.04,Yes
CUST-05272,Female,0,No,No,64,Yes,Yes,No,No internet service,No internet service,No internet service,No internet service,No internet service,No internet service,Month-to-month,Yes,Mailed check,29.14,1702.95,Yes
CUST-05273,Female,1,No,No,20,Yes,Yes,DSL,No,No,No,No,Yes,Yes,Month-to-month,No,Mailed check,75.89,1417.06,No
CUST-05274,Female,0,No,No,20,Yes,Yes,DSL,No,No,No,Yes,No,Yes,One year,Yes,Electronic check,72.43,1346.49,No
CUST-05275,Male,0,Yes,No,29,Yes,No,Fiber optic,No,No,Yes,Yes,Yes,No,Month-to-month,Yes,Mailed check,99.4,2385.5,Yes
CUST-05276,Female,0,No,No,29,Yes,No,No,No internet service,No internet service,No internet service,No internet service,No internet service,No internet service,Month-to-month,Yes,Bank transfer (automatic),32.94,860.78,Yes
CUST-05277,Female,0,No,No,28,Yes,Yes,No,No internet service,No internet service,No internet service,No internet service,No internet service,No internet service,Two year,Yes,Electronic check,35.15,919.3,No
CUST-05278,Male,0,Yes,Yes,6,Yes,Yes,No,No internet service,No internet service,No internet service,No internet service,No internet service,No internet service,One year,No,Electronic check,39.98,219.74,Yes
CUST-05279,Female,1,No,No,55,Yes,No,No,No internet service,No internet service,No internet service,No internet service,No internet service,No internet service,One year,No,Bank transfer (automatic),38.55,2031.28,No
CUST-05280,Female,0,Yes,No,34,Yes,Yes,DSL,No,No,Yes,No,Yes,No,Month-to-month,Yes,Bank transfer (automatic),77.43,2420.56,Yes
CUST-05281,Male,0,Yes,Yes,1,Yes,No,DSL,No,No,No,No,Yes,Yes,Month-to-month,Yes,Bank transfer (automatic),72.78,68.11,Yes
CUST-05282,Male,0,Yes,No,4,Yes,Yes,Fiber optic,No,No,No,No,Yes,No,Month-to-month,No,Bank transfer (automatic),95.08,362.55,Yes
CUST-05283,Male,0,No,No,64,Yes,No,Fiber optic,No,Yes,Yes,No,No,Yes,Month-to-month,Yes,Credit card (automatic),93.75,5842.76,No
CUST-05284,Male,0,No,No,17,No,No phone service,DSL,Yes,No,No,Yes,No,No,One year,Yes,Mailed check,62.45,999.98,No
CUST-05285,Male,0,No,Yes,28,Yes,Yes,Fiber optic,Yes,Yes,No,No,Yes,No,Two year,Yes,Bank transfer (automatic),101.29,2492.49,No
CUST-05286,Male,0,Yes,Yes,11,Yes,Yes,DSL,No,No,Yes,No,No,No,Two year,No,Electronic check,70.09,761.91,Yes
CUST-05287,Female,0,No,No,72,Yes,Yes,DSL,Yes,Yes,No,Yes,Yes,No,Month-to-month,Yes,Electronic check,95.78,6721.62,Yes
CUST-05288,Male,1,Yes,No,24,Yes,Yes,DSL,No,No,No,No,Yes,No,Month-to-month,Yes,Electronic check,69.39,1505.47,Yes
CUST-05289,Female,0,Yes,No,17,Yes,Yes,Fiber optic,No,No,No,No,No,Yes,One year,Yes,Bank transfer (automatic),93.53,1508.91,No
CUST-05290,Female,0,Yes,No,52,Yes,No,No,No internet service,No internet service,No internet service,No internet service,No internet service,No internet service,Month-to-month,No,Credit card (automatic),25.12,1184.98,No
CUST-05291,Male,0,No,No,9,Yes,No,Fiber optic,Yes,No,No,No,No,Yes,Two year,Yes,Electronic check,83.67,694.04,No
CUST-05292,Male,1,Yes,No,57,No,No phone service,DSL,No,Yes,No,No,No,No,Month-to-month,Yes,Mailed check,54.0,2968.96,No
CUST-05293,Female,0,No,Yes,23,Yes,No,Fiber optic,No,No,Yes,No,Yes,No,One year,No,Bank transfer (automatic),87.1,1896.47,No
CUST-05294,Male,0,No,No,45,Yes,Yes,DSL,Yes,Yes,No,Yes,No,Yes,Two year,Yes,Credit card (automatic),90.18,3860.54,Yes
CUST-05295,Male,0,Yes,Yes,32,Yes,Yes,DSL,Yes,Yes,No,No,Yes,No,One year,Yes,Electronic check,87.77,2682.54,No
CUST-05296,Male,0,No,No,21,Yes,Yes,No,No internet service,No internet service,No internet service,No internet service,No internet service,No internet service,Month-to-month,No,Bank transfer (automatic),33.98,705.76,No
CUST-05297,Female,0,Yes,Yes,6,Yes,Yes,Fiber optic,No,Yes,No,Yes,No,No,One year,No,Credit card (automatic),107.0,618.38,No
CUST-05298,Male,0,Yes,No,29,Yes,Yes,DSL,No,No,Yes,No,No,No,Month-to-month,No,Electronic check,66.21,1806.52,Yes
CUST-05299,Female,0,Yes,No,13,Yes,Yes,Fiber optic,Yes,Yes,Yes,No,No,No,Month-to-month,Yes,Electronic check,103.22,1245.56,Yes
CUST-05300,Male,0,No,Yes,28,Yes,Yes,Fiber optic,No,Yes,No,Yes,Yes,No,Month-to-month,Yes,Electronic check,106.57,2787.78,Yes
CUST-05301,Female,0,No,No,48,Yes,No,Fiber optic,No,Yes,No,Yes,No,No,Month-to-month,Yes,Bank transfer (automatic),91.57,4080.66,No
CUST-05302,Male,0,No,Yes,39,Yes,No,DSL,Yes,No,No,No,No,Yes,One year,Yes,Electronic check,73.06,2686.77,No
CUST-05303,Female,0,No,Yes,1,Yes,No,No,No internet service,No internet service,No internet service,No internet service,No internet service,No internet service,One year,No,Electronic check,30.1,26.91,Yes
CUST-05304,Female,0,Yes,No,20,Yes,Yes,DSL,No,Yes,Yes,No,No,No,One year,Yes,Electronic check,74.42,1400.26,No
CUST-05305,Female,0,No,No,15,Yes,No,Fiber optic,No,Yes,No,No,No,No,One year,No,Bank transfer (automatic),86.2,1271.75,Yes
CUST-05306,Male,0,Yes,No,17,Yes,Yes,Fiber optic,No,Yes,No,No,Yes,Yes,Two year,No,Bank transfer (automatic),104.56,1672.73,No
CUST-05307,Female,0,Yes,Yes,30,Yes,Yes,Fiber optic,No,Yes,Yes,No,No,Yes,Month-to-month,Yes,Mailed check,95.69,2692.99,Yes
CUST-05308,Male,0,No,No,18,Yes,Yes,Fiber optic,Yes,No,Yes,No,No,No,Two year,Yes,Credit card (automatic),98.38,1558.25,No
CUST-05309,Female,0,Yes,No,13,Yes,Yes,DSL,No,No,No,No,Yes,Yes,Month-to-month,Yes,Electronic check,73.65,852.86,Yes
CUST-05310,Female,1,Yes,Yes,8,Yes,Yes,Fiber optic,Yes,Yes,Yes,No,Yes,No,Month-to-month,Yes,Electronic check,103.85,743.19,Yes
CUST-05311,Male,1,Yes,Yes,19,No,No phone service,DSL,Yes,Yes,Yes,Yes,Yes,No,Month-to-month,Yes,Mailed check,77.28,1362.0,No
CUST-05312,Male,0,Yes,Yes,46,Yes,No,Fiber optic,No,No,No,No,Yes,No,Two year,Yes,Credit card (automatic),83.63,3561.87,No
CUST-05313,Female,0,No,No,48,Yes,Yes,Fiber optic,Yes,No,No,No,No,Yes,One year,No,Credit card (automatic),95.89,4244.27,No
CUST-05314,Female,0,Yes,No,33,Yes,No,Fiber optic,No,No,No,No,No,No,One year,Yes,Bank transfer (automatic),81.25,2524.54,No
CUST-05315,Female,0,No,No,3,Yes,Yes,Fiber optic,Yes,No,Yes,No,No,Yes,Month-to-month,Yes,Mailed check,104.22,306.5,Yes
CUST-05316,Male,0,Yes,No,30,Yes,Yes,DSL,No,Yes,No,No,Yes,No,Two year,No,Mailed check,75.86,2189.43,No
CUST-05317,Male,1,No,No,69,Yes,Yes,DSL,Yes,Yes,Yes,Yes,Yes,Yes,Month-to-month,No,Bank transfer (automatic),97.99,6744.84,No
CUST-05318,Female,1,No,No,8,Yes,Yes,No,No internet service,No internet service,No internet service,No internet service,No internet service,No internet service,Month-to-month,No,Bank transfer (automatic),35.49,250.8,No
CUST-05319,Male,0,No,Yes,18,Yes,Yes,Fiber optic,No,Yes,No,No,Yes,Yes,Month-to-month,Yes,Mailed check,102.38,1746.47,No
CUST-05320,Female,0,No,No,46,Yes,Yes,Fiber optic,No,Yes,Yes,No,No,No,Two year,Yes,Credit card (automatic),97.39,4166.49,No
CUST-05321,Female,0,No,No,3,Yes,Yes,DSL,No,Yes,No,Yes,No,No,Month-to-month,Yes,Credit card (automatic),80.53,232.38,Yes
CUST-05322,Male,0,No,No,19,Yes,No,DSL,No,Yes,Yes,No,Yes,No,Two year,Yes,Credit card (automatic),80.74,1403.25,No
CUST-05323,Male,0,No,No,72,Yes,No,DSL,Yes,No,Yes,Yes,Yes,Yes,Month-to-month,No,Mailed check,83.6,5683.65,No
CUST-05324,Female,1,Yes,No,72,Yes,No,No,No internet service,No internet service,No internet service,No internet service,No internet service,No internet service,One year,No,Electronic check,37.7,2506.15,No
CUST-05325,Male,1,Yes,No,72,Yes,Yes,Fiber optic,No,Yes,Yes,No,No,Yes,Month-to-month,Yes,Electronic check,96.76,6650.93,Yes
CUST-05326,Female,0,No,No,19,Yes,Yes,DSL,No,Yes,Yes,Yes,Yes,Yes,Month-to-month,No,Bank transfer (automatic),93.7,1750.59,Yes
CUST-05327,Male,0,Yes,Yes,63,Yes,No,DSL,Yes,No,No,No,No,Yes,Month-to-month,Yes,Electronic check,75.32,4124.98,No
CUST-05328,Female,0,Yes,No,31,Yes,No,Fiber optic,Yes,Yes,No,No,No,Yes,Two year,No,Bank transfer (automatic),101.39,2909.76,No
CUST-05329,Female,0,No,No,12,Yes,Yes,Fiber optic,Yes,No,No,No,No,No,Month-to-month,No,Credit card (automatic),92.93,1115.02,Yes
CUST-05330,Female,0,Yes,No,16,Yes,No,Fiber optic,No,No,Yes,No,No,Yes,One year,No,Electronic check,95.21,1484.45,Yes
CUST-05331,Male,0,Yes,Yes,36,Yes,No,Fiber optic,Yes,No,Yes,Yes,No,Yes,Two year,No,Credit card (automatic),102.85,3553.62,Yes
CUST-05332,Male,0,No,No,3,No,No phone service,Fiber optic,No,Yes,No,No,No,Yes,Month-to-month,No,Electronic check,72.84,198.8,Yes
CUST-05333,Female,0,Yes,No,23,Yes,No,DSL,No,Yes,No,No,No,No,Two year,Yes,Bank transfer (automatic),70.04,1472.15,No
CUST-05334,Male,0,Yes,Yes,29,Yes,Yes,Fiber optic,No,No,No,Yes,Yes,No,One year,Yes,Electronic check,85.39,2339.22,No
CUST-05335,Male,0,Yes,Yes,41,Yes,No,DSL,No,No,No,No,Yes,Yes,Month-to-month,Yes,Electronic check,72.49,2780.58,Yes
CUST-05336,Female,0,Yes,No,4,Yes,Yes,DSL,Yes,No,Yes,Yes,No,Yes,Month-to-month,No,Credit card (automatic),85.08,306.06,Yes
CUST-05337,Male,0,Yes,No,23,Yes,No,Fiber optic,Yes,No,No,No,Yes,No,Month-to-month,Yes,Electronic check,90.1,1912.96,Yes
CUST-05338,Male,0,No,No,50,No,No phone service,DSL,Yes,No,No,No,No,No,One year,No,Credit card (automatic),60.02,3073.46,No
CUST-05339,Female,0,Yes,No,72,Yes,No,Fiber optic,No,Yes,Yes,No,Yes,Yes,Two year,Yes,Electronic check,103.91,7139.67,Yes
CUST-05340,Female,0,Yes,Yes,12,No,No phone service,Fiber optic,Yes,No,No,Yes,Yes,Yes,Month-to-month,Yes,Electronic check,83.33,885.76,No
CUST-05341,Female,0,No,No,63,Yes,Yes,DSL,No,Yes,No,No,Yes,Yes,Month-to-month,No,Bank transfer (automatic),73.41,4619.69,Yes
CUST-05342,Male,0,Yes,No,48,Yes,No,Fiber optic,Yes,Yes,Yes,No,No,Yes,Month-to-month,Yes,Electronic check,97.35,4294.57,Yes
CUST-05343,Male,0,Yes,No,70,Yes,Yes,Fiber optic,No,Yes,Yes,Yes,No,No,One year,Yes,Electronic check,105.74,7433.74,Yes
CUST-05344,Female,0,Yes,Yes,3,Yes,No,DSL,Yes,No,No,No,Yes,Yes,One year,Yes,Electronic check,73.38,214.22,No
CUST-05345,Female,1,Yes,No,43,Yes,No,DSL,No,No,No,Yes,Yes,Yes,Month-to-month,Yes,Credit card (automatic),74.95,2699.02,No
CUST-05346,Female,0,Yes,No,62,Yes,No,DSL,No,Yes,No,No,No,Yes,One year,No,Bank transfer (automatic),68.68,3691.62,No
CUST-05347,Female,0,Yes,No,26,Yes,No,DSL,No,No,Yes,No,No,Yes,Month-to-month,Yes,Mailed check,65.79,1606.29,Yes
CUST-05348,Female,0,No,No,20,Yes,Yes,DSL,No,No,No,No,Yes,Yes,One year,Yes,Mailed check,84.16,1609.04,No
CUST-05349,Female,0,No,No,29,No,No phone service,DSL,No,No,No,Yes,No,No,Two year,Yes,Electronic check,50.47,1407.04,Yes
CUST-05350,Male,0,No,Yes,59,Yes,No,No,No internet service,No internet service,No internet service,No internet service,No internet service,No internet service,Month-to-month,Yes,Electronic check,34.94,2010.46,Yes
CUST-05351,Female,1,Yes,No,13,Yes,No,Fiber optic,Yes,No,Yes,No,No,No,One year,Yes,Electronic check,98.25,1192.56,Yes
CUST-05352,Male,1,No,No,12,Yes,Yes,DSL,Yes,No,No,Yes,No,Yes,One year,Yes,Electronic check,80.71,860.2,No
CUST-05353,Female,0,No,Yes,2,Yes,No,Fiber optic,No,Yes,Yes,No,Yes,Yes,Month-to-month,Yes,Electronic check,98.95,183.33,Yes
CUST-05354,Female,0,Yes,Yes,24,Yes,Yes,Fiber optic,Yes,Yes,No,No,No,Yes,Month-to-month,No,Mailed check,101.77,2130.79,No
CUST-05355,Male,0,No,No,7,No,No phone service,DSL,Yes,No,Yes,No,Yes,Yes,Two year,Yes,Bank transfer (automatic),59.91,389.01,No
CUST-05356,Male,0,No,No,24,Yes,No,Fiber optic,Yes,No,Yes,No,Yes,No,Month-to-month,No,Bank transfer (automatic),96.49,2274.63,Yes
CUST-05357,Male,0,Yes,Yes,11,Yes,Yes,Fiber optic,Yes,Yes,Yes,Yes,Yes,Yes,One year,Yes,Bank transfer (automatic),117.77,1286.2,No
CUST-05358,Male,0,No,No,16,Yes,Yes,DSL,No,Yes,No,No,No,No,Two year,No,Electronic check,69.55,1027.09,No
CUST-05359,Female,1,Yes,Yes,19,Yes,Yes,Fiber optic,No,No,No,No,Yes,No,Two year,No,Electronic check,95.37,1728.88,No
CUST-05360,Female,0,Yes,No,30,Yes,No,No,No internet service,No internet service,No internet service,No internet service,No internet service,No internet service,One year,No,Bank transfer (automatic),33.9,906.4,No
CUST-05361,Male,0,Yes,Yes,32,Yes,No,No,No internet service,No internet service,No internet service,No internet service,No internet service,No internet service,Month-to-month,Yes,Electronic check,34.44,1072.04,No
CUST-05362,Male,1,Yes,Yes,21,Yes,Yes,Fiber optic,No,Yes,Yes,No,Yes,Yes,Month-to-month,Yes,Electronic check,108.62,2082.23,No
CUST-05363,Male,0,No,No,18,Yes,No,DSL,Yes,No,Yes,No,No,Yes,One year,Yes,Bank transfer (automatic),77.43,1289.83,No
CUST-05364,Male,0,No,No,16,Yes,No,DSL,No,No,Yes,No,Yes,No,One year,Yes,Credit card (automatic),68.88,1061.28,No
CUST-05365,Female,0,Yes,Yes,5,Yes,Yes,DSL,No,Yes,Yes,No,No,No,Month-to-month,Yes,Electronic check,69.05,319.26,Yes
CUST-05366,Female,1,No,No,59,Yes,Yes,Fiber optic,No,Yes,Yes,No,No,No,Month-to-month,Yes,Electronic check,92.22,5203.64,No
CUST-05367,Female,0,No,No,12,Yes,Yes,DSL,No,No,Yes,No,No,Yes,Month-to-month,No,Mailed check,74.66,830.77,No
CUST-05368,Male,0,No,No,27,Yes,Yes,DSL,No,Yes,Yes,Yes,Yes,No,Month-to-month,No,Mailed check,90.01,2319.81,Yes
CUST-05369,Male,0,No,Yes,8,Yes,No,No,No internet service,No internet service,No internet service,No internet service,No internet service,No internet service,One year,No,Credit card (automatic),34.83,261.81,No
CUST-05370,Female,0,No,No,43,Yes,No,DSL,Yes,No,Yes,No,Yes,No,Month-to-month,No,Electronic check,81.55,3435.18,Yes
CUST-05371,Male,0,No,No,27,Yes,No,DSL,Yes,No,Yes,No,No,Yes,One year,No,Credit card (automatic),75.77,1867.94,No
CUST-05372,Male,0,Yes,Yes,34,Yes,Yes,No,No internet service,No internet service,No internet service,No internet service,No internet service,No internet service,Month-to-month,Yes,Electronic check,50.82,1669.54,No
CUST-05373,Female,0,No,No,8,Yes,No,Fiber optic,No,Yes,Yes,No,No,No,Month-to-month,No,Electronic check,95.49,717.2,Yes
CUST-05374,Female,0,Yes,No,35,Yes,Yes,No,No internet service,No internet service,No internet service,No internet service,No internet service,No internet service,One year,Yes,Mailed check,35.83,1197.24,No
CUST-05375,Male,0,Yes,No,3,Yes,No,Fiber optic,No,No,No,No,No,Yes,One year,Yes,Mailed check,83.9,230.28,Yes
CUST-05376,Male,0,Yes,Yes,15,Yes,No,Fiber optic,Yes,Yes,No,Yes,Yes,No,Month-to-month,Yes,Bank transfer (automatic),98.84,1474.13,Yes
CUST-05377,Female,0,Yes,No,9,No,No phone service,No,No internet service,No internet service,No internet service,No internet service,No internet service,No internet service,Month-to-month,No,Bank transfer (automatic),21.05,181.44,No
CUST-05378,Female,1,No,No,27,Yes,No,Fiber optic,Yes,No,No,Yes,Yes,No,Month-to-month,No,Electronic check,98.08,2371.63,No
CUST-05379,Female,0,No,No,61,Yes,Yes,No,No internet service,No internet service,No internet service,No internet service,No internet service,No internet service,One year,Yes,Credit card (automatic),42.11,2495.87,No
CUST-05380,Male,0,No,No,39,Yes,No,Fiber optic,No,No,Yes,No,Yes,Yes,Month-to-month,No,Electronic check,86.52,3402.25,Yes
CUST-05381,Female,0,No,No,71,Yes,No,DSL,Yes,Yes,No,Yes,No,No,Month-to-month,Yes,Bank transfer (automatic),72.05,4635.53,No
CUST-05382,Male,0,Yes,No,28,Yes,Yes,DSL,Yes,Yes,No,No,Yes,Yes,Month-to-month,Yes,Bank transfer (automatic),82.61,2096.44,No
CUST-05383,Female,0,No,No,43,Yes,No,Fiber optic,No,No,Yes,Yes,Yes,No,Two year,Yes,Mailed check,95.92,4084.95,Yes
CUST-05384,Female,0,Yes,No,53,Yes,Yes,DSL,No,No,No,No,Yes,No,Month-to-month,Yes,Bank transfer (automatic),65.89,3202.48,No
CUST-05385,Female,0,Yes,No,53,No,No phone service,Fiber optic,No,Yes,No,No,No,Yes,One year,No,Electronic check,72.23,3727.21,No
CUST-05386,Male,0,No,No,7,No,No phone service,No,No internet service,No internet service,No internet service,No internet service,No internet service,No internet service,Two year,Yes,Electronic check,18.0,119.5,Yes
CUST-05387,Female,1,No,No,12,Yes,Yes,No,No internet service,No internet service,No internet service,No internet service,No internet service,No internet service,Month-to-month,Yes,Bank transfer (automatic),39.72,440.4,Yes
CUST-05388,Male,0,Yes,Yes,49,No,No phone service,DSL,No,Yes,No,Yes,No,No,Month-to-month,Yes,Bank transfer (automatic),63.16,2914.61,No
CUST-05389,Female,0,Yes,No,71,Yes,No,No,No internet service,No internet service,No internet service,No internet service,No internet service,No internet service,Month-to-month,No,Bank transfer (automatic),36.41,2531.01,No
CUST-05390,Male,0,Yes,No,11,Yes,No,DSL,No,No,Yes,No,Yes,No,Two year,Yes,Mailed check,74.63,784.23,No
CUST-05391,Female,0,No,No,13,No,No phone service,No,No internet service,No internet service,No internet service,No internet service,No internet service,No internet service,Month-to-month,Yes,Electronic check,27.14,319.7,No
CUST-05392,Female,0,Yes,No,39,No,No phone service,DSL,No,No,No,No,No,Yes,One year,No,Mailed check,53.18,1922.88,No
CUST-05393,Male,0,Yes,Yes,18,Yes,No,DSL,No,No,Yes,Yes,No,No,Month-to-month,Yes,Mailed check,72.22,1266.54,Yes
CUST-05394,Male,0,No,No,51,Yes,Yes,No,No internet service,No internet service,No internet service,No internet service,No internet service,No internet service,Month-to-month,No,Credit card (automatic),31.12,1590.48,Yes
CUST-05395,Male,0,No,No,42,Yes,No,DSL,Yes,Yes,Yes,No,Yes,Yes,Month-to-month,No,Mailed check,90.94,3688.73,Yes
CUST-05396,Female,0,Yes,No,56,Yes,No,DSL,Yes,Yes,No,Yes,Yes,No,One year,Yes,Electronic check,78.8,4519.83,No
CUST-05397,Male,0,No,No,20,Yes,No,No,No internet service,No internet service,No internet service,No internet service,No internet service,No internet service,Month-to-month,No,Credit card (automatic),34.85,649.85,No
CUST-05398,Female,0,Yes,No,17,Yes,No,DSL,Yes,No,No,Yes,No,Yes,One year,Yes,Credit card (automatic),78.97,1296.21,Yes
CUST-05399,Male,1,Yes,Yes,13,No,No phone service,Fiber optic,Yes,No,No,No,Yes,Yes,Two year,Yes,Bank transfer (automatic),79.64,984.72,No
CUST-05400,Male,0,No,No,70,Yes,No,Fiber optic,No,Yes,Yes,No,Yes,Yes,Month-to-month,No,Bank transfer (automatic),101.47,7150.39,Yes
CUST-05401,Male,0,Yes,Yes,8,Yes,No,DSL,No,Yes,Yes,No,Yes,No,Month-to-month,No,Credit card (automatic),68.33,514.92,Yes
CUST-05402,Male,0,Yes,No,7,Yes,Yes,Fiber optic,Yes,Yes,Yes,No,No,No,Month-to-month,Yes,Electronic check,96.36,661.19,Yes
CUST-05403,Male,0,No,No,28,Yes,No,DSL,Yes,No,Yes,Yes,Yes,No,One year,Yes,Bank transfer (automatic),81.05,2127.32,No
CUST-05404,Male,1,No,No,17,Yes,No,Fiber optic,No,Yes,Yes,No,Yes,No,Two year,Yes,Electronic check,86.52,1347.23,No
CUST-05405,Female,1,No,No,53,Yes,No,Fiber optic,No,Yes,No,No,Yes,Yes,Month-to-month,Yes,Electronic check,102.95,5466.18,Yes
CUST-05406,Female,0,No,No,6,Yes,Yes,No,No internet service,No internet service,No internet service,No internet service,No internet service,No internet service,One year,Yes,Electronic check,38.29,214.98,No
CUST-05407,Male,0,Yes,No,22,Yes,Yes,Fiber optic,No,No,Yes,No,No,No,Month-to-month,No,Electronic check,92.01,1916.5,No
CUST-05408,Male,0,No,No,4,No,No phone service,No,No internet service,No internet service,No internet service,No internet service,No internet service,No internet service,One year,Yes,Electronic check,18.0,65.43,No
CUST-05409,Male,1,Yes,No,19,Yes,Yes,DSL,Yes,No,Yes,No,Yes,Yes,Month-to-month,Yes,Bank transfer (automatic),83.73,1549.0,Yes
CUST-05410,Male,0,No,No,28,Yes,No,No,No internet service,No internet service,No internet service,No internet service,No internet service,No internet service,Month-to-month,Yes,Bank transfer (automatic),31.47,789.35,No
CUST-05411,Female,0,Yes,Yes,25,Yes,No,DSL,No,Yes,No,No,Yes,Yes,Two year,Yes,Credit card (automatic),66.41,1489.45,Yes
CUST-05412,Female,0,Yes,Yes,23,Yes,No,Fiber optic,No,No,No,No,No,No,Month-to-month,Yes,Electronic check,80.45,1816.32,No
CUST-05413,Male,0,Yes,No,42,No,No phone service,Fiber optic,No,Yes,No,Yes,No,No,Two year,Yes,Mailed check,80.31,3179.02,No
CUST-05414,Male,0,No,No,11,Yes,No,No,No internet service,No internet service,No internet service,No internet service,No internet service,No internet service,Month-to-month,No,Electronic check,32.87,335.35,Yes
CUST-05415,Female,0,Yes,Yes,34,Yes,No,DSL,Yes,No,Yes,No,Yes,No,Month-to-month,Yes,Mailed check,75.88,2323.36,Yes
CUST-05416,Female,0,No,No,23,No,No phone service,Fiber optic,No,No,No,Yes,Yes,Yes,Month-to-month,Yes,Credit card (automatic),79.53,1754.83,Yes
CUST-05417,Female,1,No,No,19,Yes,No,No,No internet service,No internet service,No internet service,No internet service,No internet service,No internet service,Month-to-month,Yes,Mailed check,29.21,539.06,Yes
CUST-05418,Female,1,No,No,37,No,No phone service,DSL,Yes,Yes,Yes,Yes,No,No,Month-to-month,No,Mailed check,66.09,2337.07,Yes
CUST-05419,Male,0,Yes,Yes,30,Yes,No,Fiber optic,No,Yes,Yes,No,Yes,No,Month-to-month,Yes,Credit card (automatic),95.95,2529.89,Yes
CUST-05420,Male,0,Yes,No,36,Yes,No,Fiber optic,No,Yes,No,No,Yes,No,Month-to-month,Yes,Mailed check,92.42,,Yes
CUST-05421,Male,0,No,Yes,72,No,No phone service,No,No internet service,No internet service,No internet service,No internet service,No internet service,No internet service,Month-to-month,Yes,Mailed check,18.0,1234.18,No
CUST-05422,Male,1,No,No,22,Yes,No,Fiber optic,No,No,Yes,No,Yes,Yes,Month-to-month,No,Electronic check,95.37,1938.32,Yes
CUST-05423,Female,0,Yes,No,7,Yes,Yes,DSL,No,No,Yes,No,Yes,No,One year,No,Bank transfer (automatic),73.51,486.04,No
CUST-05424,Female,1,No,No,11,Yes,Yes,Fiber optic,No,No,No,No,Yes,No,Two year,Yes,Bank transfer (automatic),88.94,882.86,Yes
CUST-05425,Female,0,Yes,No,69,Yes,Yes,Fiber optic,No,No,No,Yes,No,Yes,Month-to-month,No,Credit card (automatic),97.36,6461.71,Yes
CUST-05426,Female,0,Yes,No,19,Yes,Yes,Fiber optic,Yes,Yes,Yes,No,Yes,No,Month-to-month,No,Bank transfer (automatic),96.94,1717.63,Yes
CUST-05427,Male,0,Yes,No,42,Yes,Yes,No,No internet service,No internet service,No internet service,No internet service,No internet service,No internet service,Two year,No,Electronic check,43.48,1770.83,No
CUST-05428,Female,0,Yes,No,24,Yes,No,Fiber optic,No,Yes,Yes,No,No,No,Month-to-month,No,Credit card (automatic),91.3,2094.6,Yes
CUST-05429,Female,1,Yes,No,9,Yes,No,No,No internet service,No internet service,No internet service,No internet service,No internet service,No internet service,Month-to-month,No,Electronic check,38.86,332.45,Yes
CUST-05430,Male,0,No,No,29,Yes,Yes,Fiber optic,No,No,No,No,No,No,Month-to-month,No,Electronic check,74.39,2072.11,Yes
CUST-05431,Male,0,Yes,Yes,14,Yes,No,No,No internet service,No internet service,No internet service,No internet service,No internet service,No internet service,One year,Yes,Bank transfer (automatic),36.8,499.69,No
CUST-05432,Female,0,No,No,15,Yes,Yes,Fiber optic,No,No,Yes,No,Yes,Yes,Two year,Yes,Mailed check,96.93,1305.38,No
CUST-05433,Female,1,No,No,25,Yes,Yes,DSL,No,No,No,No,No,Yes,One year,No,Bank transfer (automatic),74.25,1811.15,Yes
CUST-05434,Male,0,No,No,5,Yes,No,Fiber optic,Yes,No,No,No,Yes,Yes,Two year,No,Bank transfer (automatic),99.08,435.06,No
CUST-05435,Male,0,Yes,No,41,Yes,Yes,Fiber optic,Yes,No,No,No,Yes,Yes,One year,Yes,Bank transfer (automatic),109.59,4202.89,Yes
CUST-05436,Male,0,No,No,17,No,No phone service,No,No internet service,No internet service,No internet service,No internet service,No internet service,No internet service,One year,No,Bank transfer (automatic),19.75,332.1,No
CUST-05437,Female,0,Yes,No,45,Yes,No,Fiber optic,No,No,No,Yes,Yes,Yes,Month-to-month,Yes,Electronic check,86.19,3676.29,Yes
CUST-05438,Female,0,No,No,44,Yes,Yes,No,No internet service,No internet service,No internet service,No internet service,No internet service,No internet service,One year,Yes,Credit card (automatic),36.66,1502.49,No
CUST-05439,Female,1,Yes,Yes,22,Yes,Yes,DSL,No,No,Yes,Yes,Yes,Yes,Month-to-month,Yes,Electronic check,88.82,1804.98,Yes
CUST-05440,Male,0,No,Yes,28,Yes,No,DSL,No,Yes,No,No,Yes,No,Month-to-month,No,Mailed check,70.28,1773.61,Yes
CUST-05441,Male,0,Yes,No,35,Yes,No,Fiber optic,No,Yes,No,No,No,Yes,One year,No,Credit card (automatic),85.02,2983.22,No
CUST-05442,Male,0,No,No,19,Yes,Yes,No,No internet service,No internet service,No internet service,No internet service,No internet service,No internet service,Two year,Yes,Electronic check,42.06,709.61,No
CUST-05443,Male,0,Yes,No,4,Yes,No,DSL,No,Yes,Yes,No,Yes,No,One year,No,Mailed check,86.94,312.61,No
CUST-05444,Male,0,Yes,No,29,Yes,No,No,No internet service,No internet service,No internet service,No internet service,No internet service,No internet service,Month-to-month,No,Electronic check,33.42,853.63,Yes
CUST-05445,Female,1,No,No,53,Yes,No,Fiber optic,No,No,No,No,Yes,No,Two year,No,Bank transfer (automatic),89.39,4718.95,No
CUST-05446,Female,0,Yes,No,13,Yes,No,Fiber optic,No,No,No,No,Yes,Yes,Month-to-month,Yes,Mailed check,91.42,1106.73,Yes
CUST-05447,Male,0,No,No,47,Yes,No,DSL,No,Yes,No,No,Yes,No,Month-to-month,No,Credit card (automatic),66.12,2994.37,No
CUST-05448,Female,0,No,No,8,Yes,No,DSL,No,Yes,No,Yes,No,No,One year,No,Mailed check,63.84,491.23,No
CUST-05449,Female,0,No,No,20,Yes,Yes,Fiber optic,Yes,Yes,Yes,Yes,No,No,Month-to-month,Yes,Credit card (automatic),107.97,2072.38,Yes
CUST-05450,Female,0,No,No,23,Yes,No,DSL,Yes,No,Yes,No,No,Yes,Month-to-month,Yes,Mailed check,76.44,1661.74,Yes
CUST-05451,Female,1,No,No,25,Yes,Yes,Fiber optic,No,No,Yes,Yes,No,Yes,One year,Yes,Credit card (automatic),99.77,2362.5,No
CUST-05452,Male,0,No,No,12,Yes,No,DSL,Yes,Yes,Yes,No,Yes,Yes,Two year,No,Electronic check,86.65,1024.32,No
CUST-05453,Male,0,Yes,Yes,8,Yes,No,DSL,No,No,No,No,No,Yes,Month-to-month,Yes,Mailed check,59.69,449.47,Yes
CUST-05454,Male,1,No,Yes,21,Yes,No,DSL,No,Yes,No,No,No,Yes,Month-to-month,Yes,Bank transfer (automatic),69.65,1341.94,No
CUST-05455,Female,0,No,No,38,Yes,No,Fiber optic,No,No,Yes,No,Yes,No,Month-to-month,No,Credit card (automatic),90.07,3369.26,Yes
CUST-05456,Female,0,Yes,No,13,Yes,No,Fiber optic,Yes,No,Yes,Yes,Yes,Yes,One year,No,Electronic check,103.39,1287.11,No
CUST-05457,Female,1,Yes,No,23,Yes,Yes,Fiber optic,Yes,No,No,Yes,Yes,Yes,Month-to-month,Yes,Bank transfer (automatic),101.88,2023.53,Yes
CUST-05458,Female,1,Yes,No,72,Yes,No,Fiber optic,No,No,No,Yes,Yes,No,One year,No,Mailed check,84.15,5599.21,No
CUST-05459,Male,0,No,No,31,Yes,No,DSL,No,No,Yes,Yes,Yes,Yes,One year,No,Mailed check,90.38,2614.11,Yes
CUST-05460,Male,0,Yes,No,21,Yes,Yes,No,No internet service,No internet service,No internet service,No internet service,No internet service,No internet service,One year,Yes,Electronic check,33.83,704.17,Yes
CUST-05461,Male,1,No,No,24,Yes,Yes,Fiber optic,Yes,No,No,No,No,Yes,Month-to-month,No,Electronic check,96.64,2185.5,No
CUST-05462,Female,0,No,No,72,Yes,Yes,No,No internet service,No internet service,No internet service,No internet service,No internet service,No internet service,Month-to-month,No,Bank transfer (automatic),42.57,2804.1,No
CUST-05463,Male,0,No,No,39,Yes,No,DSL,No,Yes,No,Yes,No,Yes,Two year,No,Electronic check,80.56,2836.12,No
CUST-05464,Female,1,Yes,No,14,Yes,Yes,No,No internet service,No internet service,No internet service,No internet service,No internet service,No internet service,Two year,No,Electronic check,48.16,634.61,No
CUST-05465,Female,0,No,No,41,No,No phone service,Fiber optic,Yes,No,No,No,Yes,No,Month-to-month,Yes,Credit card (automatic),68.95,2755.26,No
CUST-05466,Male,0,No,No,10,No,No phone service,DSL,Yes,Yes,No,Yes,No,Yes,Month-to-month,No,Electronic check,65.65,657.69,No
CUST-05467,Female,0,Yes,No,27,Yes,Yes,DSL,No,No,Yes,No,No,Yes,Two year,No,Electronic check,71.59,1725.7,No
CUST-05468,Female,0,Yes,Yes,59,Yes,Yes,No,No internet service,No internet service,No internet service,No internet service,No internet service,No internet service,Month-to-month,Yes,Mailed check,40.05,2238.42,No
CUST-05469,Male,0,Yes,No,27,Yes,No,Fiber optic,No,No,No,Yes,No,Yes,Two year,No,Electronic check,86.19,2154.47,Yes
CUST-05470,Female,0,No,No,9,Yes,No,Fiber optic,Yes,No,No,No,No,No,Month-to-month,Yes,Mailed check,84.73,714.05,Yes
CUST-05471,Male,0,Yes,No,26,Yes,Yes,No,No internet service,No internet service,No internet service,No internet service,No internet service,No internet service,Month-to-month,No,Bank transfer (automatic),34.43,818.27,Yes
CUST-05472,Female,0,Yes,No,59,Yes,Yes,Fiber optic,Yes,No,Yes,No,Yes,No,Month-to-month,No,Electronic check,96.08,5040.13,Yes
CUST-05473,Male,0,Yes,Yes,13,Yes,No,No,No internet service,No internet service,No internet service,No internet service,No internet service,No internet service,Month-to-month,Yes,Electronic check,28.65,355.07,No
CUST-05474,Female,0,Yes,No,41,Yes,No,Fiber optic,Yes,Yes,No,Yes,Yes,No,Two year,Yes,Electronic check,95.59,3632.83,No
CUST-05475,Female,0,Yes,No,61,Yes,Yes,Fiber optic,Yes,No,No,No,Yes,Yes,Two year,Yes,Electronic check,102.96,6079.35,No
CUST-05476,Male,0,No,No,34,Yes,No,Fiber optic,No,Yes,No,No,Yes,No,Month-to-month,No,Mailed check,88.39,2837.33,No
CUST-05477,Female,0,Yes,No,26,Yes,Yes,DSL,Yes,No,Yes,No,Yes,No,Two year,Yes,Electronic check,82.07,2128.57,No
CUST-05478,Male,0,No,No,14,Yes,No,DSL,Yes,Yes,No,No,Yes,No,Month-to-month,Yes,Mailed check,68.45,943.89,Yes
CUST-05479,Female,0,Yes,No,16,Yes,Yes,No,No internet service,No internet service,No internet service,No internet service,No internet service,No internet service,One year,Yes,Electronic check,39.79,643.88,No
CUST-05480,Male,0,Yes,No,21,Yes,No,DSL,No,Yes,No,No,No,No,Month-to-month,Yes,Credit card (automatic),62.64,1195.99,No
CUST-05481,Male,0,No,No,42,Yes,No,DSL,No,No,Yes,No,Yes,Yes,Month-to-month,Yes,Credit card (automatic),81.3,3364.76,Yes
CUST-05482,Female,0,No,No,72,Yes,Yes,DSL,Yes,No,Yes,No,No,Yes,Month-to-month,Yes,Credit card (automatic),90.43,6151.45,No
CUST-05483,Female,0,No,No,13,Yes,No,Fiber optic,No,No,Yes,No,Yes,Yes,One year,Yes,Bank transfer (automatic),97.43,1216.92,Yes
CUST-05484,Male,0,Yes,Yes,38,Yes,Yes,DSL,No,No,Yes,Yes,Yes,Yes,Two year,No,Credit card (automatic),90.32,3229.85,No
CUST-05485,Male,0,No,No,52,No,No phone service,No,No internet service,No internet service,No internet service,No internet service,No internet service,No internet service,Two year,Yes,Electronic check,18.0,886.01,Yes
CUST-05486,Female,1,No,Yes,26,Yes,Yes,No,No internet service,No internet service,No internet service,No internet service,No internet service,No internet service,Two year,No,Credit card (automatic),40.38,973.81,No
CUST-05487,Female,1,Yes,No,25,Yes,No,Fiber optic,No,Yes,No,No,No,Yes,Two year,No,Mailed check,88.37,2177.39,No
CUST-05488,Male,0,No,No,6,No,No phone service,DSL,No,Yes,No,Yes,Yes,No,Month-to-month,No,Electronic check,60.94,333.84,Yes
CUST-05489,Male,0,Yes,No,29,Yes,Yes,DSL,No,Yes,Yes,No,No,Yes,Month-to-month,No,Bank transfer (automatic),79.96,2183.62,Yes
CUST-05490,Female,0,Yes,No,24,Yes,Yes,DSL,No,No,No,Yes,Yes,No,One year,Yes,Bank transfer (automatic),77.27,1789.89,No
CUST-05491,Female,0,No,Yes,19,No,No phone service,Fiber optic,No,Yes,Yes,Yes,Yes,No,Month-to-month,No,Bank transfer (automatic),88.06,1554.19,No
CUST-05492,Male,1,No,No,33,Yes,No,No,No internet service,No internet service,No internet service,No internet service,No internet service,No internet service,Month-to-month,No,Mailed check,33.48,1077.94,No
CUST-05493,Female,0,No,No,11,Yes,Yes,Fiber optic,No,No,No,No,No,No,Month-to-month,Yes,Mailed check,85.98,878.51,Yes
CUST-05494,Female,1,No,No,13,Yes,No,Fiber optic,No,No,No,No,Yes,Yes,Month-to-month,No,Bank transfer (automatic),97.87,1188.84,Yes
CUST-05495,Male,0,Yes,Yes,30,Yes,No,DSL,Yes,Yes,Yes,No,Yes,No,Two year,No,Mailed check,80.67,2382.7,No
CUST-05496,Female,0,No,No,69,Yes,No,DSL,Yes,Yes,No,No,No,Yes,Month-to-month,Yes,Credit card (automatic),78.97,5035.91,No
CUST-05497,Male,0,No,No,22,Yes,Yes,No,No internet service,No internet service,No internet service,No internet service,No internet service,No internet service,Month-to-month,Yes,Mailed check,38.11,819.51,No
CUST-05498,Female,1,Yes,No,26,Yes,No,Fiber optic,Yes,No,No,No,Yes,No,Two year,Yes,Electronic check,93.45,2344.16,No
CUST-05499,Male,0,Yes,Yes,25,Yes,No,Fiber optic,No,Yes,No,Yes,Yes,No,Month-to-month,Yes,Electronic check,99.82,2525.61,Yes
CUST-05500,Female,0,No,No,10,No,No phone service,No,No internet service,No internet service,No internet service,No internet service,No internet service,No internet service,Month-to-month,Yes,Electronic check,22.61,208.44,Yes
CUST-05501,Male,0,Yes,No,20,Yes,No,Fiber optic,No,No,No,Yes,Yes,No,Month-to-month,No,Bank transfer (automatic),93.74,1744.68,Yes
CUST-05502,Female,0,No,No,29,Yes,No,Fiber optic,No,Yes,No,No,Yes,No,One year,Yes,Electronic check,95.39,2630.55,No
CUST-05503,Female,0,Yes,Yes,28,Yes,No,DSL,No,Yes,No,No,No,Yes,Two year,Yes,Mailed check,65.84,1716.14,No
CUST-05504,Male,0,No,Yes,35,Yes,Yes,No,No internet service,No internet service,No internet service,No internet service,No internet service,No internet service,Month-to-month,Yes,Mailed check,34.35,1150.24,No
CUST-05505,Male,0,No,No,10,Yes,No,No,No internet service,No internet service,No internet service,No internet service,No internet service,No internet service,Month-to-month,Yes,Electronic check,38.8,367.42,No
CUST-05506,Male,0,No,No,15,Yes,Yes,No,No internet service,No internet service,No internet service,No internet service,No internet service,No internet service,Month-to-month,No,Mailed check,34.94,471.34,No
CUST-05507,Female,0,No,No,5,Yes,No,Fiber optic,Yes,No,Yes,Yes,Yes,No,Month-to-month,Yes,Bank transfer (automatic),101.9,465.78,Yes
CUST-05508,Female,0,Yes,No,63,Yes,No,No,No internet service,No internet service,No internet service,No internet service,No internet service,No internet service,Month-to-month,Yes,Bank transfer (automatic),38.48,2427.6,Yes
CUST-05509,Male,1,No,No,18,Yes,Yes,Fiber optic,No,Yes,Yes,No,No,Yes,One year,No,Electronic check,100.58,1677.4,Yes
CUST-05510,Male,1,No,No,31,Yes,Yes,Fiber optic,Yes,No,No,No,Yes,Yes,Month-to-month,Yes,Mailed check,99.25,2941.32,Yes
CUST-05511,Female,0,No,No,25,Yes,Yes,Fiber optic,Yes,No,No,Yes,No,No,Two year,No,Electronic check,90.92,2089.57,No
CUST-05512,Male,0,No,No,2,Yes,Yes,Fiber optic,Yes,No,Yes,No,Yes,No,Month-to-month,Yes,Electronic check,103.03,188.49,Yes
CUST-05513,Male,0,No,No,8,Yes,No,Fiber optic,No,Yes,No,No,Yes,Yes,One year,No,Bank transfer (automatic),96.24,753.59,Yes
CUST-05514,Male,1,No,No,24,Yes,Yes,No,No internet service,No internet service,No internet service,No internet service,No internet service,No internet service,One year,No,Credit card (automatic),46.23,1054.28,No
CUST-05515,Male,0,No,No,37,Yes,No,No,No internet service,No internet service,No internet service,No internet service,No internet service,No internet service,Month-to-month,No,Electronic check,35.01,1176.98,No
CUST-05516,Male,0,No,No,35,Yes,Yes,Fiber optic,No,Yes,Yes,No,Yes,Yes,Month-to-month,Yes,Electronic check,113.8,3776.69,No
CUST-05517,Male,1,No,No,7,Yes,Yes,Fiber optic,No,Yes,No,No,Yes,No,Month-to-month,Yes,Electronic check,101.16,676.26,Yes
CUST-05518,Male,0,Yes,No,10,Yes,No,Fiber optic,No,No,Yes,No,No,No,One year,No,Bank transfer (automatic),88.36,884.19,No
CUST-05519,Male,0,Yes,No,33,No,No phone service,DSL,No,No,No,No,No,Yes,Month-to-month,Yes,Credit card (automatic),45.7,1311.82,Yes
CUST-05520,Male,0,No,No,35,Yes,No,No,No internet service,No internet service,No internet service,No internet service,No internet service,No internet service,Month-to-month,Yes,Bank transfer (automatic),39.66,1359.24,No
CUST-05521,Female,0,Yes,No,7,Yes,No,DSL,Yes,Yes,No,Yes,No,Yes,Month-to-month,No,Credit card (automatic),77.81,505.26,No
CUST-05522,Male,0,Yes,Yes,33,Yes,No,Fiber optic,Yes,No,No,No,Yes,Yes,One year,No,Mailed check,94.27,3140.29,No
CUST-05523,Male,1,Yes,No,24,Yes,No,No,No internet service,No internet service,No internet service,No internet service,No internet service,No internet service,Two year,Yes,Electronic check,30.24,724.65,No
CUST-05524,Male,0,No,No,21,Yes,No,DSL,No,No,Yes,No,Yes,No,Two year,No,Bank transfer (automatic),71.4,1506.62,No
CUST-05525,Male,0,No,Yes,71,Yes,No,DSL,No,Yes,Yes,No,Yes,Yes,Month-to-month,Yes,Electronic check,77.83,5120.61,Yes
CUST-05526,Female,1,No,No,22,No,No phone service,DSL,No,No,Yes,No,Yes,Yes,One year,No,Bank transfer (automatic),53.28,1051.04,No
CUST-05527,Male,0,No,No,16,Yes,Yes,DSL,No,Yes,No,Yes,Yes,Yes,One year,Yes,Electronic check,100.15,1508.51,No
CUST-05528,Female,0,No,No,44,Yes,Yes,Fiber optic,No,No,Yes,Yes,No,No,Two year,Yes,Mailed check,90.29,3616.46,No
CUST-05529,Female,0,Yes,No,42,Yes,No,Fiber optic,Yes,Yes,Yes,Yes,Yes,No,Month-to-month,Yes,Mailed check,112.68,4443.39,Yes
CUST-05530,Female,0,Yes,No,60,Yes,Yes,DSL,Yes,No,No,Yes,Yes,Yes,Two year,Yes,Bank transfer (automatic),91.88,4934.6,No
CUST-05531,Male,0,Yes,No,40,No,No phone service,Fiber optic,No,No,No,Yes,No,Yes,Month-to-month,No,Credit card (automatic),77.86,2886.46,No
CUST-05532,Male,0,Yes,Yes,39,No,No phone service,DSL,Yes,No,No,No,Yes,No,Month-to-month,No,Electronic check,54.26,2096.4,No
CUST-05533,Male,0,No,No,25,Yes,Yes,DSL,No,Yes,Yes,No,No,Yes,Month-to-month,Yes,Credit card (automatic),75.61,1794.69,Yes
CUST-05534,Female,1,Yes,Yes,72,Yes,Yes,DSL,Yes,No,No,No,Yes,No,Month-to-month,Yes,Bank transfer (automatic),77.21,5023.9,Yes
CUST-05535,Female,0,No,No,11,Yes,Yes,Fiber optic,No,No,Yes,Yes,No,No,Month-to-month,Yes,Credit card (automatic),101.77,1076.14,Yes
CUST-05536,Male,0,No,Yes,36,Yes,No,DSL,No,Yes,No,Yes,No,No,Month-to-month,Yes,Electronic check,73.2,2420.23,Yes
CUST-05537,Female,0,Yes,No,10,Yes,No,Fiber optic,No,Yes,No,No,Yes,No,Two year,Yes,Electronic check,90.67,890.41,Yes
CUST-05538,Male,1,No,No,25,Yes,No,Fiber optic,No,No,Yes,Yes,Yes,Yes,Month-to-month,Yes,Credit card (automatic),108.63,2646.81,Yes
CUST-05539,Male,0,No,No,25,Yes,No,Fiber optic,No,No,No,Yes,No,Yes,Month-to-month,Yes,Mailed check,93.78,2259.39,Yes
CUST-05540,Male,0,No,No,25,Yes,No,Fiber optic,No,Yes,Yes,No,No,Yes,Month-to-month,No,Electronic check,94.96,2377.93,Yes
CUST-05541,Female,0,No,No,4,Yes,Yes,Fiber optic,No,Yes,No,Yes,No,No,Month-to-month,Yes,Electronic check,99.61,372.04,Yes
CUST-05542,Female,0,No,No,18,Yes,No,DSL,Yes,Yes,No,Yes,No,No,Month-to-month,Yes,Credit card (automatic),75.44,1371.19,Yes
CUST-05543,Female,0,No,No,72,Yes,No,DSL,No,Yes,Yes,Yes,No,Yes,Month-to-month,Yes,Electronic check,74.79,5158.16,No
CUST-05544,Male,1,No,No,28,Yes,No,DSL,No,Yes,Yes,Yes,Yes,No,Month-to-month,No,Bank transfer (automatic),91.73,2487.52,No
CUST-05545,Female,0,Yes,Yes,50,Yes,Yes,Fiber optic,No,Yes,No,No,No,No,Month-to-month,Yes,Bank transfer (automatic),93.44,4040.94,No
CUST-05546,Male,0,No,No,33,Yes,Yes,No,No internet service,No internet service,No internet service,No internet service,No internet service,No internet service,Month-to-month,Yes,Mailed check,27.46,847.73,No
CUST-05547,Female,0,No,No,72,Yes,Yes,DSL,No,No,No,No,No,Yes,Month-to-month,Yes,Bank transfer (automatic),74.99,5029.95,No
CUST-05548,Female,0,Yes,No,33,Yes,Yes,Fiber optic,No,No,Yes,Yes,No,Yes,Month-to-month,Yes,Mailed check,107.78,3204.01,Yes
CUST-05549,Female,0,Yes,No,28,Yes,No,DSL,Yes,No,No,No,No,Yes,One year,No,Credit card (automatic),74.11,1883.42,No
CUST-05550,Male,0,Yes,No,8,Yes,No,No,No internet service,No internet service,No internet service,No internet service,No internet service,No internet service,One year,Yes,Bank transfer (automatic),39.33,309.25,No
CUST-05551,Male,0,Yes,Yes,8,No,No phone service,No,No internet service,No internet service,No internet service,No internet service,No internet service,No internet service,Month-to-month,Yes,Credit card (automatic),20.88,160.9,Yes
CUST-05552,Female,0,Yes,No,15,No,No phone service,Fiber optic,No,Yes,Yes,No,Yes,Yes,Month-to-month,Yes,Electronic check,83.26,1205.07,No
CUST-05553,Male,0,Yes,No,22,Yes,No,DSL,No,Yes,No,No,No,Yes,One year,Yes,Mailed check,72.27,1612.16,No
CUST-05554,Male,0,No,No,9,Yes,No,DSL,No,No,No,Yes,No,Yes,One year,No,Mailed check,76.92,663.59,Yes
CUST-05555,Male,0,No,No,28,Yes,No,DSL,No,No,Yes,Yes,Yes,No,Month-to-month,Yes,Mailed check,81.61,2261.06,Yes
CUST-05556,Male,0,No,No,27,Yes,No,No,No internet service,No internet service,No internet service,No internet service,No internet service,No internet service,Month-to-month,Yes,Mailed check,28.35,728.19,No
CUST-05557,Female,0,Yes,Yes,72,Yes,Yes,DSL,No,Yes,No,No,No,No,Month-to-month,No,Credit card (automatic),77.32,5117.76,No
CUST-05558,Female,0,No,No,72,Yes,No,Fiber optic,No,No,No,No,No,No,Two year,Yes,Bank transfer (automatic),77.55,5254.82,No
CUST-05559,Male,0,Yes,No,44,Yes,No,DSL,No,Yes,No,No,No,Yes,Month-to-month,No,Bank transfer (automatic),69.59,2953.35,Yes
CUST-05560,Female,1,Yes,Yes,44,No,No phone service,No,No internet service,No internet service,No internet service,No internet service,No internet service,No internet service,Month-to-month,Yes,Mailed check,18.49,720.5,No
CUST-05561,Female,0,No,No,56,Yes,Yes,No,No internet service,No internet service,No internet service,No internet service,No internet service,No internet service,Month-to-month,Yes,Bank transfer (automatic),48.46,2576.83,No
CUST-05562,Female,0,No,No,33,Yes,No,Fiber optic,Yes,No,Yes,No,Yes,Yes,Month-to-month,Yes,Credit card (automatic),94.77,2995.4,Yes
CUST-05563,Male,1,No,No,58,Yes,No,No,No internet service,No internet service,No internet service,No internet service,No internet service,No internet service,Month-to-month,No,Credit card (automatic),31.56,1675.61,No
CUST-05564,Female,0,No,No,7,Yes,Yes,Fiber optic,No,Yes,No,No,Yes,No,Month-to-month,No,Electronic check,99.37,621.61,Yes
CUST-05565,Female,0,No,No,48,Yes,Yes,No,No internet service,No internet service,No internet service,No internet service,No internet service,No internet service,Month-to-month,Yes,Bank transfer (automatic),39.84,1834.71,No
CUST-05566,Male,0,No,No,9,Yes,No,DSL,No,Yes,No,No,No,Yes,Month-to-month,No,Bank transfer (automatic),70.76,601.43,Yes
CUST-05567,Female,1,No,Yes,11,Yes,No,Fiber optic,No,No,No,No,No,No,Month-to-month,No,Electronic check,84.31,910.9,Yes
CUST-05568,Female,0,Yes,No,55,Yes,Yes,Fiber optic,No,No,Yes,No,No,No,One year,Yes,Bank transfer (automatic),84.8,4413.08,Yes
CUST-05569,Female,0,Yes,No,14,Yes,No,Fiber optic,Yes,No,Yes,No,No,Yes,Month-to-month,Yes,Credit card (automatic),93.65,1133.08,Yes
CUST-05570,Female,0,No,No,11,Yes,No,Fiber optic,No,No,No,No,No,Yes,Two year,Yes,Electronic check,97.73,1011.77,No
CUST-05571,Male,0,No,No,35,Yes,Yes,Fiber optic,No,Yes,No,No,No,No,Month-to-month,No,Electronic check,86.84,2939.95,Yes
CUST-05572,Male,1,Yes,Yes,13,Yes,Yes,No,No internet service,No internet service,No internet service,No internet service,No internet service,No internet service,Month-to-month,Yes,Credit card (automatic),40.62,472.07,No
CUST-05573,Female,0,Yes,No,11,Yes,Yes,Fiber optic,No,No,No,No,Yes,Yes,Month-to-month,Yes,Bank transfer (automatic),94.9,922.86,Yes
CUST-05574,Male,0,Yes,No,6,Yes,No,No,No internet service,No internet service,No internet service,No internet service,No internet service,No internet service,Month-to-month,No,Credit card (automatic),25.31,146.37,Yes
CUST-05575,Male,1,Yes,Yes,17,Yes,No,Fiber optic,Yes,Yes,Yes,No,Yes,No,Month-to-month,Yes,Credit card (automatic),97.16,1617.22,Yes
CUST-05576,Male,0,Yes,Yes,43,No,No phone service,DSL,No,Yes,No,No,Yes,Yes,Month-to-month,Yes,Electronic check,56.73,2272.61,No
CUST-05577,Male,0,No,No,48,No,No phone service,DSL,No,No,Yes,Yes,Yes,Yes,One year,Yes,Electronic check,71.0,3249.23,No
CUST-05578,Male,0,Yes,No,21,Yes,Yes,Fiber optic,No,Yes,No,No,No,Yes,One year,No,Electronic check,92.7,1766.12,Yes
CUST-05579,Female,0,Yes,Yes,72,Yes,Yes,DSL,Yes,Yes,Yes,No,Yes,Yes,One year,Yes,Electronic check,98.72,6543.49,Yes
CUST-05580,Female,0,Yes,Yes,37,Yes,No,DSL,Yes,No,No,Yes,Yes,Yes,Month-to-month,Yes,Bank transfer (automatic),78.39,2773.68,Yes
CUST-05581,Male,0,No,No,56,Yes,No,Fiber optic,No,No,No,Yes,No,Yes,One year,No,Bank transfer (automatic),92.87,4924.23,No
CUST-05582,Male,0,Yes,No,16,Yes,No,Fiber optic,No,Yes,No,No,No,No,Month-to-month,Yes,Bank transfer (automatic),86.63,1321.91,Yes
CUST-05583,Male,0,Yes,Yes,19,No,No phone service,DSL,Yes,No,No,Yes,Yes,No,Two year,No,Credit card (automatic),61.23,1113.31,No
CUST-05584,Female,0,No,Yes,22,Yes,Yes,Fiber optic,No,No,No,No,Yes,Yes,Month-to-month,No,Electronic check,100.45,2258.82,Yes
CUST-05585,Female,1,No,No,19,Yes,Yes,Fiber optic,Yes,Yes,No,No,No,No,Two year,Yes,Mailed check,97.43,1553.78,No
CUST-05586,Male,0,Yes,Yes,2,No,No phone service,Fiber optic,No,No,No,No,No,Yes,Two year,No,Mailed check,73.46,141.44,No
CUST-05587,Female,0,No,No,26,Yes,Yes,DSL,No,Yes,No,No,Yes,No,Two year,Yes,Electronic check,69.54,1664.88,No
CUST-05588,Male,0,Yes,No,33,Yes,Yes,No,No internet service,No internet service,No internet service,No internet service,No internet service,No internet service,Two year,No,Credit card (automatic),33.99,1022.16,Yes
CUST-05589,Male,0,No,Yes,31,Yes,No,Fiber optic,No,Yes,Yes,Yes,No,No,Month-to-month,Yes,Credit card (automatic),93.23,2759.76,Yes
CUST-05590,Male,0,Yes,Yes,72,Yes,Yes,DSL,Yes,Yes,Yes,Yes,No,No,Two year,Yes,Credit card (automatic),82.33,5625.87,No
CUST-05591,Female,0,No,No,72,Yes,Yes,Fiber optic,No,No,Yes,No,Yes,Yes,Month-to-month,Yes,Electronic check,103.29,7198.37,Yes
CUST-05592,Male,0,No,No,4,Yes,No,No,No internet service,No internet service,No internet service,No internet service,No internet service,No internet service,Month-to-month,Yes,Electronic check,33.59,126.87,Yes
CUST-05593,Male,1,No,No,66,Yes,No,No,No internet service,No internet service,No internet service,No internet service,No internet service,No internet service,Two year,Yes,Electronic check,40.66,2443.26,No
CUST-05594,Male,0,No,No,72,Yes,Yes,Fiber optic,No,No,No,Yes,Yes,Yes,Month-to-month,Yes,Credit card (automatic),105.41,6805.97,Yes
CUST-05595,Male,0,Yes,No,3,Yes,No,Fiber optic,No,Yes,Yes,Yes,No,No,Month-to-month,No,Mailed check,93.25,257.28,Yes
CUST-05596,Female,0,No,No,42,Yes,Yes,DSL,Yes,Yes,No,No,No,Yes,One year,No,Electronic check,82.68,3350.12,Yes
CUST-05597,Male,0,Yes,No,27,Yes,Yes,DSL,No,Yes,Yes,No,Yes,Yes,One year,No,Electronic check,91.38,2404.43,No
CUST-05598,Male,0,Yes,No,72,Yes,No,DSL,Yes,Yes,No,No,No,Yes,Month-to-month,Yes,Electronic check,79.16,5008.73,No
CUST-05599,Male,0,No,No,72,Yes,No,Fiber optic,No,No,No,Yes,No,Yes,Two year,No,Bank transfer (automatic),91.16,6112.09,No
CUST-05600,Male,0,No,No,72,No,No phone service,Fiber optic,Yes,Yes,No,No,No,Yes,Month-to-month,No,Mailed check,76.84,5139.1,No
CUST-05601,Female,0,No,No,43,Yes,No,Fiber optic,Yes,No,No,No,Yes,No,One year,No,Credit card (automatic),90.51,3699.39,No
CUST-05602,Male,0,No,No,38,Yes,No,DSL,Yes,No,No,No,Yes,No,Two year,No,Bank transfer (automatic),65.85,2292.52,No
CUST-05603,Female,0,No,No,13,Yes,No,DSL,No,Yes,No,No,No,No,Month-to-month,Yes,Mailed check,68.44,789.53,Yes
CUST-05604,Female,1,No,Yes,17,Yes,No,Fiber optic,No,No,No,Yes,No,Yes,Month-to-month,No,Bank transfer (automatic),94.05,1481.66,Yes
CUST-05605,Male,0,No,Yes,39,Yes,No,No,No internet service,No internet service,No internet service,No internet service,No internet service,No internet service,Two year,Yes,Credit card (automatic),30.83,1181.73,Yes
CUST-05606,Female,0,No,No,16,No,No phone service,No,No internet service,No internet service,No internet service,No internet service,No internet service,No internet service,One year,Yes,Bank transfer (automatic),19.35,267.94,No
CUST-05607,Female,0,Yes,No,27,Yes,Yes,DSL,No,Yes,Yes,No,No,No,Two year,No,Mailed check,77.47,1879.82,No
CUST-05608,Male,0,No,No,5,Yes,Yes,DSL,Yes,No,Yes,No,Yes,No,One year,Yes,Credit card (automatic),82.42,385.59,No
CUST-05609,Male,0,No,No,28,Yes,No,DSL,Yes,Yes,Yes,Yes,Yes,No,Month-to-month,Yes,Electronic check,83.39,2145.48,Yes
CUST-05610,Female,0,No,No,3,Yes,No,DSL,No,Yes,Yes,Yes,Yes,No,Month-to-month,No,Electronic check,78.19,211.01,Yes
CUST-05611,Female,0,Yes,No,55,Yes,Yes,Fiber optic,No,No,No,Yes,No,No,One year,Yes,Bank transfer (automatic),94.16,4739.16,No
CUST-05612,Female,0,Yes,No,30,Yes,Yes,DSL,Yes,Yes,Yes,Yes,No,Yes,Month-to-month,No,Credit card (automatic),94.78,2704.29,Yes
CUST-05613,Male,0,Yes,Yes,15,Yes,Yes,DSL,No,Yes,Yes,No,No,Yes,Two year,Yes,Electronic check,84.98,1208.93,Yes
CUST-05614,Female,0,Yes,Yes,23,Yes,Yes,DSL,No,No,No,Yes,Yes,No,Two year,Yes,Electronic check,77.02,1718.53,No
CUST-05615,Male,0,No,No,16,Yes,No,DSL,No,Yes,Yes,Yes,Yes,No,Month-to-month,Yes,Credit card (automatic),74.95,1153.74,Yes
CUST-05616,Male,0,Yes,Yes,12,Yes,No,Fiber optic,No,No,Yes,Yes,Yes,Yes,Two year,Yes,Bank transfer (automatic),101.92,1090.52,No
CUST-05617,Male,0,Yes,No,18,Yes,No,DSL,Yes,No,No,Yes,Yes,No,Month-to-month,Yes,Bank transfer (automatic),75.64,1305.41,Yes
CUST-05618,Female,0,No,No,18,Yes,No,Fiber optic,Yes,No,Yes,No,Yes,Yes,Month-to-month,No,Mailed check,98.46,1707.71,Yes
CUST-05619,Male,0,Yes,No,21,Yes,No,No,No internet service,No internet service,No internet service,No internet service,No internet service,No internet service,One year,Yes,Credit card (automatic),25.06,485.42,No
CUST-05620,Female,0,Yes,No,2,Yes,No,No,No internet service,No internet service,No internet service,No internet service,No internet service,No internet service,Month-to-month,Yes,Bank transfer (automatic),26.93,52.96,Yes
CUST-05621,Female,1,No,No,58,Yes,No,DSL,No,No,No,No,No,No,Month-to-month,No,Electronic check,55.52,2955.62,Yes
CUST-05622,Female,0,No,No,59,Yes,Yes,Fiber optic,Yes,No,Yes,Yes,Yes,No,Month-to-month,Yes,Electronic check,107.07,6172.71,Yes
CUST-05623,Female,0,No,No,25,Yes,Yes,Fiber optic,Yes,Yes,No,Yes,Yes,No,Two year,Yes,Bank transfer (automatic),110.83,2662.15,No
CUST-05624,Male,0,No,No,72,Yes,No,No,No internet service,No internet service,No internet service,No internet service,No internet service,No internet service,Month-to-month,No,Mailed check,39.91,2683.4,No
CUST-05625,Female,0,No,No,20,Yes,Yes,Fiber optic,No,Yes,Yes,No,No,Yes,Month-to-month,Yes,Electronic check,99.56,1802.45,No
CUST-05626,Male,0,Yes,Yes,28,Yes,No,DSL,No,Yes,Yes,Yes,No,Yes,Month-to-month,Yes,Electronic check,83.82,2159.07,No
CUST-05627,Female,0,No,No,37,Yes,Yes,Fiber optic,Yes,No,No,No,Yes,Yes,Month-to-month,No,Credit card (automatic),103.06,3495.01,Yes
CUST-05628,Female,1,No,No,27,Yes,Yes,No,No internet service,No internet service,No internet service,No internet service,No internet service,No internet service,Month-to-month,Yes,Electronic check,44.31,1200.38,Yes
CUST-05629,Female,0,No,Yes,15,Yes,No,Fiber optic,No,Yes,Yes,No,No,No,Month-to-month,Yes,Credit card (automatic),96.89,1421.09,Yes
CUST-05630,Female,1,Yes,No,26,Yes,Yes,DSL,Yes,No,No,No,No,Yes,Month-to-month,Yes,Mailed check,82.23,2084.63,Yes
CUST-05631,Female,0,Yes,Yes,7,Yes,Yes,Fiber optic,No,No,No,Yes,No,No,One year,Yes,Electronic check,94.24,627.61,No
CUST-05632,Male,0,Yes,No,12,Yes,No,No,No internet service,No internet service,No internet service,No internet service,No internet service,No internet service,Month-to-month,No,Electronic check,32.84,363.63,No
CUST-05633,Male,0,No,No,50,Yes,Yes,DSL,No,Yes,No,Yes,No,Yes,One year,Yes,Electronic check,82.3,3973.85,No
CUST-05634,Female,0,No,No,72,Yes,Yes,DSL,No,No,Yes,No,No,No,One year,Yes,Credit card (automatic),71.06,4643.53,No
CUST-05635,Male,0,Yes,Yes,15,Yes,Yes,Fiber optic,No,Yes,No,Yes,No,No,Month-to-month,Yes,Electronic check,94.75,1411.65,Yes
CUST-05636,Male,0,No,No,22,Yes,No,DSL,No,No,No,No,No,No,One year,Yes,Electronic check,54.08,1054.91,Yes
CUST-05637,Female,0,No,No,21,Yes,No,Fiber optic,No,Yes,No,No,Yes,Yes,One year,Yes,Mailed check,86.55,1640.51,No
CUST-05638,Female,0,No,No,31,Yes,No,Fiber optic,Yes,Yes,Yes,Yes,No,No,Month-to-month,Yes,Electronic check,93.92,2801.08,Yes
CUST-05639,Female,0,Yes,Yes,54,Yes,Yes,DSL,Yes,No,Yes,Yes,Yes,No,One year,No,Mailed check,85.96,4314.17,No
CUST-05640,Male,0,No,No,29,Yes,No,DSL,No,Yes,Yes,Yes,Yes,No,Two year,Yes,Electronic check,81.06,2310.13,No
CUST-05641,Male,0,No,No,7,Yes,No,DSL,No,No,Yes,No,No,No,Month-to-month,Yes,Bank transfer (automatic),66.53,457.93,Yes
CUST-05642,Female,1,No,No,16,Yes,Yes,Fiber optic,Yes,Yes,Yes,Yes,No,No,Two year,No,Mailed check,107.49,1469.23,Yes
CUST-05643,Male,0,No,Yes,34,Yes,No,No,No internet service,No internet service,No internet service,No internet service,No internet service,No internet service,One year,Yes,Bank transfer (automatic),36.49,1129.62,No
CUST-05644,Male,0,No,No,19,No,No phone service,Fiber optic,No,Yes,No,No,Yes,Yes,One year,No,Electronic check,79.97,1382.28,No
CUST-05645,Male,0,Yes,No,20,Yes,Yes,DSL,No,Yes,No,Yes,No,No,Month-to-month,Yes,Credit card (automatic),80.62,1565.49,Yes
CUST-05646,Female,0,No,No,20,No,No phone service,DSL,Yes,No,Yes,No,No,No,Two year,Yes,Bank transfer (automatic),57.8,1030.11,No
CUST-05647,Male,0,Yes,No,25,Yes,No,No,No internet service,No internet service,No internet service,No internet service,No internet service,No internet service,Month-to-month,Yes,Electronic check,30.26,647.0,Yes
CUST-05648,Male,0,No,No,11,Yes,Yes,Fiber optic,No,No,No,No,Yes,No,Month-to-month,Yes,Mailed check,96.17,956.12,Yes
CUST-05649,Male,0,No,No,49,Yes,Yes,DSL,Yes,No,No,Yes,No,No,One year,No,Credit card (automatic),74.8,3514.63,No
CUST-05650,Male,0,No,No,7,Yes,Yes,DSL,Yes,Yes,Yes,No,Yes,No,Month-to-month,Yes,Mailed check,86.64,611.23,No
CUST-05651,Male,0,No,No,34,Yes,Yes,DSL,No,No,No,No,Yes,No,Month-to-month,No,Credit card (automatic),70.55,2114.27,Yes
CUST-05652,Male,1,Yes,Yes,17,Yes,Yes,No,No internet service,No internet service,No internet service,No internet service,No internet service,No internet service,Month-to-month,Yes,Electronic check,41.86,646.92,Yes
CUST-05653,Female,1,Yes,No,27,Yes,Yes,Fiber optic,No,No,No,Yes,Yes,Yes,Two year,No,Electronic check,109.39,2789.7,Yes
CUST-05654,Female,0,No,No,65,Yes,No,DSL,No,No,No,No,No,Yes,Month-to-month,No,Credit card (automatic),60.84,3864.75,No
CUST-05655,Female,0,Yes,No,64,Yes,Yes,No,No internet service,No internet service,No internet service,No internet service,No internet service,No internet service,Month-to-month,Yes,Electronic check,43.72,2832.03,No
CUST-05656,Female,0,Yes,No,54,Yes,No,DSL,Yes,No,Yes,No,No,No,Month-to-month,Yes,Credit card (automatic),77.7,3992.9,No
CUST-05657,Male,0,No,No,72,Yes,No,DSL,Yes,No,No,Yes,Yes,No,Month-to-month,Yes,Credit card (automatic),81.67,5681.19,No
CUST-05658,Male,0,Yes,Yes,72,Yes,No,Fiber optic,No,No,Yes,No,No,Yes,Two year,No,Credit card (automatic),86.99,5903.19,No
CUST-05659,Male,0,Yes,Yes,50,Yes,No,Fiber optic,No,No,Yes,No,No,Yes,One year,No,Electronic check,95.5,4731.03,No
CUST-05660,Male,0,Yes,No,37,Yes,No,Fiber optic,Yes,No,Yes,No,No,No,One year,No,Credit card (automatic),91.29,3108.74,No
CUST-05661,Female,0,No,No,11,Yes,Yes,Fiber optic,Yes,No,No,No,No,No,One year,Yes,Credit card (automatic),85.14,880.59,No
CUST-05662,Female,0,Yes,Yes,42,Yes,Yes,DSL,No,No,Yes,No,No,No,One year,No,Electronic check,65.72,2382.05,Yes
CUST-05663,Male,1,No,No,28,Yes,No,No,No internet service,No internet service,No internet service,No internet service,No internet service,No internet service,Two year,Yes,Credit card (automatic),27.01,730.46,No
CUST-05664,Female,1,No,No,72,Yes,No,Fiber optic,Yes,Yes,Yes,Yes,Yes,Yes,Month-to-month,Yes,Credit card (automatic),112.56,8070.83,Yes
CUST-05665,Male,0,Yes,No,47,Yes,Yes,Fiber optic,No,No,No,No,Yes,Yes,One year,No,Electronic check,97.23,4402.0,No
CUST-05666,Female,0,Yes,No,9,Yes,No,Fiber optic,No,No,No,No,Yes,Yes,Two year,Yes,Bank transfer (automatic),90.52,744.18,No
CUST-05667,Female,0,Yes,No,33,Yes,No,DSL,No,Yes,Yes,Yes,Yes,Yes,Month-to-month,Yes,Credit card (automatic),82.43,2422.46,No
CUST-05668,Male,0,No,No,51,Yes,No,Fiber optic,Yes,No,No,No,No,No,Month-to-month,No,Electronic check,79.69,4061.19,Yes
CUST-05669,Male,0,Yes,Yes,28,Yes,No,DSL,No,No,Yes,Yes,Yes,Yes,Two year,No,Electronic check,82.59,2093.86,No
CUST-05670,Male,1,Yes,No,72,No,No phone service,Fiber optic,No,No,No,Yes,Yes,No,Month-to-month,Yes,Credit card (automatic),78.18,5225.04,No
CUST-05671,Female,0,Yes,No,45,Yes,Yes,DSL,Yes,Yes,Yes,No,No,No,Two year,Yes,Electronic check,81.74,3270.1,Yes
CUST-05672,Male,0,Yes,Yes,12,Yes,Yes,DSL,No,No,No,No,No,No,One year,No,Electronic check,61.1,701.02,No
CUST-05673,Male,1,No,No,11,Yes,Yes,DSL,Yes,No,No,No,Yes,No,One year,Yes,Credit card (automatic),73.8,814.25,No
CUST-05674,Male,0,Yes,Yes,14,Yes,No,DSL,Yes,Yes,Yes,Yes,No,Yes,One year,No,Electronic check,89.47,1182.76,Yes
CUST-05675,Female,0,No,No,17,Yes,No,No,No internet service,No internet service,No internet service,No internet service,No internet service,No internet service,One year,No,Bank transfer (automatic),29.58,496.26,No
CUST-05676,Female,0,Yes,No,27,Yes,No,Fiber optic,Yes,No,Yes,Yes,Yes,Yes,One year,Yes,Bank transfer (automatic),109.08,2674.29,Yes
CUST-05677,Male,0,No,Yes,35,Yes,Yes,DSL,No,No,No,No,No,No,Month-to-month,Yes,Electronic check,63.68,2087.83,Yes
CUST-05678,Female,0,No,No,65,Yes,Yes,Fiber optic,No,No,Yes,Yes,No,No,One year,Yes,Mailed check,95.13,5853.02,No
CUST-05679,Male,0,Yes,No,50,Yes,Yes,No,No internet service,No internet service,No internet service,No internet service,No internet service,No internet service,One year,Yes,Electronic check,44.03,2007.58,No
CUST-05680,Female,0,No,No,20,Yes,Yes,DSL,Yes,No,Yes,No,No,No,Two year,Yes,Credit card (automatic),76.33,1383.89,No
CUST-05681,Female,0,No,No,20,Yes,No,DSL,Yes,No,No,Yes,No,Yes,Two year,No,Electronic check,72.13,1323.39,No
CUST-05682,Male,0,No,No,48,Yes,No,No,No internet service,No internet service,No internet service,No internet service,No internet service,No internet service,Month-to-month,No,Credit card (automatic),26.75,1195.48,No
CUST-05683,Female,0,No,No,17,Yes,No,Fiber optic,No,No,No,Yes,No,Yes,Month-to-month,No,Electronic check,81.37,1274.98,Yes
CUST-05684,Female,1,No,No,39,Yes,No,Fiber optic,No,No,No,Yes,No,Yes,One year,No,Mailed check,90.55,3479.31,No
CUST-05685,Male,0,Yes,Yes,6,Yes,Yes,Fiber optic,No,No,No,No,Yes,Yes,Month-to-month,No,Credit card (automatic),95.74,496.65,No
CUST-05686,Female,0,No,No,36,Yes,Yes,Fiber optic,No,No,Yes,No,No,Yes,Two year,Yes,Credit card (automatic),103.34,3509.99,Yes
CUST-05687,Male,0,Yes,No,32,Yes,No,DSL,No,No,No,No,Yes,Yes,One year,Yes,Credit card (automatic),71.86,,No
CUST-05688,Female,0,No,No,18,Yes,Yes,Fiber optic,No,No,Yes,No,No,Yes,Two year,Yes,Credit card (automatic),98.44,1728.62,No
CUST-05689,Male,0,No,No,8,Yes,Yes,Fiber optic,No,Yes,No,No,No,Yes,One year,Yes,Mailed check,93.64,683.8,No
CUST-05690,Female,0,No,No,7,Yes,Yes,Fiber optic,No,No,Yes,Yes,No,No,Month-to-month,Yes,Bank transfer (automatic),92.94,610.33,Yes
CUST-05691,Female,0,No,No,31,Yes,No,Fiber optic,Yes,Yes,No,No,Yes,No,One year,No,Electronic check,98.91,3024.58,No
CUST-05692,Male,0,Yes,Yes,34,No,No phone service,Fiber optic,No,No,Yes,Yes,No,Yes,Month-to-month,Yes,Credit card (automatic),79.12,2372.01,Yes
CUST-05693,Male,0,No,No,4,Yes,Yes,DSL,No,Yes,No,Yes,No,Yes,One year,Yes,Electronic check,77.58,306.38,No
CUST-05694,Female,0,Yes,No,4,No,No phone service,Fiber optic,No,Yes,Yes,No,No,No,Month-to-month,Yes,Bank transfer (automatic),81.14,310.72,Yes
CUST-05695,Male,0,No,No,10,Yes,Yes,No,No internet service,No internet service,No internet service,No internet service,No internet service,No internet service,Month-to-month,No,Mailed check,37.8,349.32,No
CUST-05696,Female,0,No,No,11,Yes,Yes,Fiber optic,No,No,No,No,No,Yes,One year,No,Mailed check,86.66,817.05,Yes
CUST-05697,Female,0,Yes,No,14,Yes,Yes,Fiber optic,Yes,No,Yes,No,No,No,Month-to-month,Yes,Bank transfer (automatic),105.05,1478.95,Yes
CUST-05698,Male,0,No,No,31,Yes,Yes,Fiber optic,No,No,No,No,Yes,No,Month-to-month,Yes,Electronic check,87.69,2522.41,Yes
CUST-05699,Male,0,Yes,No,54,Yes,No,Fiber optic,No,No,Yes,No,No,Yes,Two year,Yes,Mailed check,88.11,4577.4,No
CUST-05700,Female,0,No,No,54,Yes,Yes,No,No internet service,No internet service,No internet service,No internet service,No internet service,No internet service,Month-to-month,No,Electronic check,45.06,2300.48,No
CUST-05701,Male,0,No,Yes,42,No,No phone service,DSL,Yes,No,No,Yes,No,Yes,One year,Yes,Credit card (automatic),69.55,2957.64,No
CUST-05702,Female,0,No,No,53,No,No phone service,Fiber optic,No,Yes,No,No,Yes,Yes,Month-to-month,No,Bank transfer (automatic),81.07,3875.83,Yes
CUST-05703,Female,0,No,No,12,Yes,Yes,No,No internet service,No internet service,No internet service,No internet service,No internet service,No internet service,Month-to-month,Yes,Electronic check,46.58,545.92,No
CUST-05704,Female,0,Yes,No,42,Yes,No,DSL,No,No,No,No,Yes,Yes,Month-to-month,Yes,Credit card (automatic),69.49,2932.02,Yes
CUST-05705,Female,0,Yes,No,46,No,No phone service,DSL,No,No,No,No,Yes,Yes,Month-to-month,Yes,Mailed check,51.04,2109.07,No
CUST-05706,Male,0,Yes,No,6,Yes,Yes,Fiber optic,No,No,Yes,No,No,No,Month-to-month,No,Bank transfer (automatic),85.82,480.36,Yes
CUST-05707,Female,0,Yes,No,65,Yes,Yes,Fiber optic,Yes,No,No,Yes,Yes,Yes,One year,Yes,Electronic check,113.4,7017.16,No
CUST-05708,Female,0,Yes,Yes,47,Yes,No,Fiber optic,No,No,No,No,Yes,Yes,One year,Yes,Bank transfer (automatic),92.62,4203.23,No
CUST-05709,Male,0,No,No,16,Yes,No,Fiber optic,No,No,No,No,No,No,Two year,Yes,Credit card (automatic),80.46,1235.88,Yes
CUST-05710,Male,0,No,No,4,Yes,Yes,No,No internet service,No internet service,No internet service,No internet service,No internet service,No internet service,One year,Yes,Electronic check,35.76,139.78,No
CUST-05711,Female,0,Yes,No,30,Yes,Yes,Fiber optic,Yes,No,No,No,Yes,No,Two year,No,Electronic check,94.34,2661.71,Yes
CUST-05712,Male,0,No,No,20,Yes,No,Fiber optic,Yes,No,No,No,Yes,No,Month-to-month,Yes,Bank transfer (automatic),92.01,1755.6,Yes
CUST-05713,Female,0,No,No,8,Yes,No,DSL,No,Yes,No,No,Yes,No,Month-to-month,Yes,Bank transfer (automatic),65.56,470.67,No
CUST-05714,Male,0,Yes,No,26,Yes,No,DSL,Yes,No,Yes,No,Yes,Yes,Month-to-month,No,Bank transfer (automatic),75.53,1775.82,Yes
CUST-05715,Male,0,No,No,18,Yes,No,DSL,Yes,Yes,Yes,Yes,No,No,One year,No,Mailed check,79.03,1332.54,No
CUST-05716,Female,0,Yes,Yes,47,Yes,Yes,Fiber optic,No,No,Yes,No,No,No,Two year,Yes,Mailed check,90.92,3964.39,Yes
CUST-05717,Female,0,No,No,3,Yes,Yes,Fiber optic,No,No,Yes,Yes,Yes,No,Month-to-month,No,Credit card (automatic),100.39,290.23,No
CUST-05718,Male,0,No,Yes,51,Yes,No,Fiber optic,Yes,No,No,Yes,No,No,Two year,Yes,Mailed check,97.27,4340.17,Yes
CUST-05719,Female,0,Yes,No,25,Yes,Yes,DSL,No,Yes,Yes,Yes,No,No,Month-to-month,No,Mailed check,88.93,2126.29,Yes
CUST-05720,Female,0,Yes,Yes,42,Yes,No,Fiber optic,No,Yes,Yes,No,No,No,One year,Yes,Electronic check,91.37,3709.47,Yes
CUST-05721,Male,0,No,No,69,Yes,No,No,No internet service,No internet service,No internet service,No internet service,No internet service,No internet service,Month-to-month,No,Bank transfer (automatic),28.7,1707.92,No
CUST-05722,Female,0,Yes,No,35,Yes,Yes,DSL,No,No,Yes,Yes,No,No,Month-to-month,No,Bank transfer (automatic),77.9,2722.46,No
CUST-05723,Male,0,No,No,50,Yes,No,No,No internet service,No internet service,No internet service,No internet service,No internet service,No internet service,Month-to-month,No,Bank transfer (automatic),31.1,1568.57,Yes
CUST-05724,Male,0,No,No,6,Yes,No,No,No internet service,No internet service,No internet service,No internet service,No internet service,No internet service,One year,No,Electronic check,20.47,120.19,No
CUST-05725,Female,0,Yes,No,7,Yes,No,DSL,No,Yes,Yes,No,No,No,Month-to-month,No,Electronic check,78.05,509.32,Yes
CUST-05726,Female,1,No,No,20,Yes,Yes,DSL,No,No,No,Yes,No,No,Month-to-month,Yes,Bank transfer (automatic),65.3,1214.81,Yes
CUST-05727,Male,1,No,No,15,No,No phone service,Fiber optic,No,No,No,Yes,Yes,Yes,Month-to-month,No,Electronic check,89.57,1235.54,Yes
CUST-05728,Female,0,Yes,Yes,37,Yes,No,Fiber optic,Yes,Yes,No,No,Yes,Yes,Month-to-month,No,Electronic check,100.93,3509.39,No
CUST-05729,Female,0,No,No,37,Yes,Yes,DSL,Yes,No,Yes,Yes,Yes,Yes,Month-to-month,Yes,Credit card (automatic),98.37,3363.46,Yes
CUST-05730,Female,0,No,No,59,Yes,Yes,Fiber optic,No,No,Yes,No,No,Yes,Month-to-month,Yes,Bank transfer (automatic),102.95,5782.28,Yes
CUST-05731,Male,0,No,No,25,Yes,No,DSL,No,Yes,Yes,No,No,No,Month-to-month,No,Mailed check,74.17,1745.25,Yes
CUST-05732,Female,0,Yes,Yes,6,Yes,No,Fiber optic,No,Yes,No,No,No,Yes,Two year,Yes,Bank transfer (automatic),91.47,527.41,No
CUST-05733,Male,0,Yes,No,59,Yes,No,Fiber optic,No,Yes,No,No,Yes,No,Month-to-month,No,Credit card (automatic),90.8,4964.28,Yes
CUST-05734,Female,0,No,No,57,Yes,Yes,Fiber optic,Yes,No,No,No,No,No,Month-to-month,Yes,Electronic check,91.52,4717.47,No
CUST-05735,Male,0,No,No,20,Yes,No,No,No internet service,No internet service,No internet service,No internet service,No internet service,No internet service,Month-to-month,Yes,Electronic check,27.14,532.71,Yes
CUST-05736,Male,0,Yes,No,59,Yes,No,DSL,No,No,No,No,Yes,Yes,One year,Yes,Bank transfer (automatic),66.99,3576.73,No
CUST-05737,Female,0,No,No,6,Yes,Yes,DSL,Yes,No,No,No,Yes,Yes,One year,No,Electronic check,72.88,408.35,No
CUST-05738,Male,0,No,No,21,Yes,No,DSL,Yes,No,Yes,No,Yes,Yes,One year,Yes,Electronic check,79.2,1554.02,No
CUST-05739,Female,0,Yes,No,10,Yes,No,DSL,Yes,No,No,No,Yes,No,Two year,Yes,Credit card (automatic),63.47,598.83,No
CUST-05740,Female,0,No,Yes,49,Yes,Yes,Fiber optic,No,No,Yes,No,Yes,Yes,Month-to-month,Yes,Electronic check,104.28,4781.19,No
CUST-05741,Male,0,No,No,15,Yes,Yes,No,No internet service,No internet service,No internet service,No internet service,No internet service,No internet service,Two year,Yes,Mailed check,29.18,406.01,No
CUST-05742,Male,0,No,No,54,Yes,No,Fiber optic,Yes,No,No,No,Yes,No,One year,No,Mailed check,88.8,4540.65,Yes
CUST-05743,Male,0,No,Yes,9,Yes,Yes,DSL,No,No,No,Yes,No,Yes,Two year,Yes,Bank transfer (automatic),77.03,628.93,Yes
CUST-05744,Female,0,No,No,72,Yes,Yes,DSL,No,Yes,No,No,No,No,One year,Yes,Electronic check,71.71,4814.24,No
CUST-05745,Female,0,No,No,20,Yes,No,No,No internet service,No internet service,No internet service,No internet service,No internet service,No internet service,Two year,Yes,Bank transfer (automatic),25.92,488.81,No
CUST-05746,Female,0,No,No,18,No,No phone service,DSL,No,No,No,No,Yes,Yes,Month-to-month,No,Bank transfer (automatic),61.18,966.47,No
CUST-05747,Female,0,Yes,Yes,47,Yes,Yes,DSL,No,No,Yes,No,No,No,Month-to-month,No,Mailed check,70.47,,Yes
CUST-05748,Female,1,Yes,Yes,35,Yes,No,Fiber optic,Yes,Yes,Yes,Yes,Yes,Yes,Two year,Yes,Electronic check,109.9,3895.73,No
CUST-05749,Male,0,No,Yes,20,Yes,No,Fiber optic,No,No,Yes,No,Yes,Yes,Month-to-month,No,Bank transfer (automatic),90.52,1740.81,Yes
CUST-05750,Female,0,No,Yes,18,Yes,Yes,DSL,Yes,Yes,No,Yes,Yes,No,Month-to-month,Yes,Credit card (automatic),86.39,1440.84,Yes
CUST-05751,Male,0,Yes,No,72,Yes,Yes,DSL,No,Yes,Yes,Yes,No,No,Two year,No,Credit card (automatic),74.45,4975.7,No
CUST-05752,Female,0,Yes,No,24,No,No phone service,DSL,No,Yes,Yes,No,Yes,Yes,Month-to-month,No,Electronic check,66.44,1440.86,Yes
CUST-05753,Female,0,Yes,Yes,24,Yes,No,Fiber optic,Yes,No,Yes,Yes,No,Yes,Month-to-month,No,Electronic check,93.05,2221.12,Yes
CUST-05754,Female,0,No,No,9,No,No phone service,DSL,No,No,No,Yes,Yes,No,One year,Yes,Bank transfer (automatic),52.51,422.08,No
CUST-05755,Female,0,No,Yes,67,Yes,Yes,Fiber optic,No,No,Yes,Yes,No,No,Month-to-month,Yes,Electronic check,94.31,6146.71,Yes
CUST-05756,Female,0,No,No,12,Yes,No,DSL,Yes,Yes,No,No,Yes,Yes,Month-to-month,Yes,Credit card (automatic),77.54,859.4,No
CUST-05757,Female,0,Yes,No,11,Yes,No,DSL,No,No,Yes,No,No,No,Two year,Yes,Credit card (automatic),61.82,671.17,No
CUST-05758,Male,0,No,No,51,Yes,No,Fiber optic,No,Yes,No,No,No,Yes,One year,No,Mailed check,87.35,4290.87,No
CUST-05759,Male,0,Yes,Yes,1,Yes,No,No,No internet service,No internet service,No internet service,No internet service,No internet service,No internet service,Month-to-month,No,Credit card (automatic),32.98,,Yes
CUST-05760,Female,0,Yes,Yes,30,Yes,No,DSL,Yes,Yes,Yes,No,No,No,Month-to-month,No,Electronic check,80.0,2270.55,Yes
CUST-05761,Female,0,Yes,Yes,18,Yes,Yes,Fiber optic,Yes,Yes,Yes,Yes,Yes,Yes,Month-to-month,Yes,Electronic check,124.29,2233.07,Yes
CUST-05762,Female,0,No,No,22,Yes,Yes,Fiber optic,No,Yes,Yes,No,No,Yes,Month-to-month,Yes,Mailed check,106.0,2059.7,Yes
CUST-05763,Female,0,No,No,12,Yes,Yes,Fiber optic,No,Yes,No,No,No,No,Month-to-month,Yes,Credit card (automatic),96.72,1020.58,Yes
CUST-05764,Female,0,Yes,No,15,Yes,Yes,No,No internet service,No internet service,No internet service,No internet service,No internet service,No internet service,Two year,Yes,Credit card (automatic),43.84,582.74,No
CUST-05765,Female,0,Yes,Yes,4,No,No phone service,Fiber optic,Yes,No,No,No,No,Yes,Month-to-month,No,Credit card (automatic),74.71,276.03,Yes
CUST-05766,Male,0,No,No,47,Yes,No,DSL,No,No,Yes,No,No,No,Month-to-month,Yes,Credit card (automatic),63.09,2712.35,Yes
CUST-05767,Female,0,Yes,No,20,Yes,Yes,DSL,Yes,No,Yes,No,No,No,Month-to-month,Yes,Electronic check,84.08,1548.99,No
CUST-05768,Female,1,No,No,54,Yes,Yes,Fiber optic,No,No,Yes,Yes,Yes,Yes,Month-to-month,Yes,Credit card (automatic),107.14,5773.99,No
CUST-05769,Female,0,Yes,Yes,72,Yes,No,Fiber optic,No,No,Yes,No,Yes,Yes,Month-to-month,Yes,Credit card (automatic),90.49,5984.63,Yes
CUST-05770,Male,0,Yes,No,9,Yes,Yes,Fiber optic,Yes,No,No,Yes,Yes,Yes,Month-to-month,No,Bank transfer (automatic),109.42,957.35,Yes
CUST-05771,Female,0,Yes,Yes,40,Yes,No,DSL,No,No,No,No,Yes,No,One year,No,Credit card (automatic),72.0,2715.47,No
CUST-05772,Female,1,No,No,10,Yes,No,No,No internet service,No internet service,No internet service,No internet service,No internet service,No internet service,One year,Yes,Electronic check,36.9,361.01,No
CUST-05773,Female,0,Yes,No,13,Yes,No,No,No internet service,No internet service,No internet service,No internet service,No internet service,No internet service,Month-to-month,Yes,Mailed check,32.14,398.21,No
CUST-05774,Female,0,Yes,No,23,Yes,Yes,Fiber optic,No,Yes,Yes,Yes,Yes,Yes,Two year,No,Electronic check,117.8,2581.08,No
CUST-05775,Female,0,No,No,72,Yes,No,DSL,No,Yes,No,Yes,Yes,No,One year,Yes,Bank transfer (automatic),70.79,4741.05,No
CUST-05776,Male,0,Yes,No,19,Yes,No,DSL,Yes,No,No,No,No,No,Month-to-month,Yes,Electronic check,66.42,1145.54,Yes
CUST-05777,Female,0,No,No,23,Yes,No,No,No internet service,No internet service,No internet service,No internet service,No internet service,No internet service,Month-to-month,Yes,Electronic check,31.75,646.07,No
CUST-05778,Female,0,Yes,No,30,Yes,Yes,DSL,Yes,No,No,No,No,Yes,Month-to-month,Yes,Electronic check,72.98,2105.52,No
CUST-05779,Male,1,No,No,23,Yes,No,DSL,Yes,Yes,No,Yes,Yes,No,Month-to-month,No,Electronic check,77.5,1792.85,Yes
CUST-05780,Female,0,Yes,No,9,Yes,No,Fiber optic,No,Yes,Yes,No,Yes,Yes,Month-to-month,Yes,Electronic check,101.91,844.64,Yes
CUST-05781,Female,0,No,No,57,Yes,No,No,No internet service,No internet service,No internet service,No internet service,No internet service,No internet service,Month-to-month,No,Credit card (automatic),32.99,1766.39,No
CUST-05782,Female,0,No,No,17,Yes,Yes,DSL,Yes,No,No,No,No,No,Month-to-month,Yes,Credit card (automatic),75.09,1153.97,Yes
CUST-05783,Male,1,No,No,6,Yes,Yes,Fiber optic,Yes,Yes,Yes,Yes,No,Yes,Month-to-month,No,Bank transfer (automatic),108.0,606.15,No
CUST-05784,Male,0,No,No,32,Yes,No,No,No internet service,No internet service,No internet service,No internet service,No internet service,No internet service,Two year,Yes,Electronic check,45.69,1356.95,No
CUST-05785,Male,0,Yes,No,60,Yes,Yes,DSL,Yes,No,No,No,Yes,No,Month-to-month,Yes,Electronic check,77.17,4242.68,No
CUST-05786,Male,0,Yes,No,12,Yes,Yes,Fiber optic,No,No,No,No,No,No,Two year,Yes,Mailed check,86.71,941.15,No
CUST-05787,Male,0,No,Yes,20,Yes,No,DSL,No,No,Yes,No,No,No,One year,Yes,Credit card (automatic),68.16,1329.93,No
CUST-05788,Male,0,No,No,24,Yes,Yes,Fiber optic,No,Yes,Yes,No,No,Yes,One year,Yes,Bank transfer (automatic),94.64,2216.2,No
CUST-05789,Male,0,No,Yes,16,Yes,No,DSL,Yes,Yes,Yes,Yes,No,No,Month-to-month,No,Credit card (automatic),90.3,1429.38,Yes
CUST-05790,Male,0,No,No,25,Yes,Yes,DSL,No,Yes,No,No,Yes,Yes,Month-to-month,Yes,Bank transfer (automatic),78.55,1903.54,Yes
CUST-05791,Male,1,No,No,72,No,No phone service,No,No internet service,No internet service,No internet service,No internet service,No internet service,No internet service,Month-to-month,No,Electronic check,22.4,1465.56,No
CUST-05792,Female,1,No,No,25,Yes,Yes,Fiber optic,No,No,No,Yes,Yes,Yes,One year,No,Electronic check,103.81,2382.98,Yes
CUST-05793,Female,0,No,No,37,Yes,Yes,DSL,No,Yes,No,Yes,Yes,No,Month-to-month,Yes,Bank transfer (automatic),80.0,2817.65,Yes
CUST-05794,Male,0,No,No,18,Yes,No,Fiber optic,No,Yes,Yes,No,No,No,Two year,No,Bank transfer (automatic),93.47,1534.65,Yes
CUST-05795,Female,0,Yes,Yes,31,Yes,No,Fiber optic,No,No,No,No,Yes,No,Month-to-month,No,Mailed check,83.85,2579.19,No
CUST-05796,Female,0,No,No,34,Yes,Yes,DSL,No,Yes,Yes,Yes,No,No,One year,Yes,Electronic check,83.31,2660.84,No
CUST-05797,Male,0,Yes,No,45,Yes,Yes,DSL,No,No,Yes,No,No,No,Month-to-month,No,Credit card (automatic),73.61,3008.55,No
CUST-05798,Male,0,Yes,Yes,17,Yes,Yes,No,No internet service,No internet service,No internet service,No internet service,No internet service,No internet service,One year,Yes,Bank transfer (automatic),39.16,640.9,No
CUST-05799,Male,0,No,Yes,21,No,No phone service,DSL,No,No,Yes,No,No,No,Month-to-month,Yes,Credit card (automatic),50.9,1034.36,Yes
CUST-05800,Female,0,No,No,48,Yes,Yes,Fiber optic,No,Yes,Yes,No,No,No,One year,Yes,Mailed check,93.45,4286.47,No
CUST-05801,Female,0,Yes,Yes,18,Yes,No,Fiber optic,Yes,Yes,Yes,No,No,No,Month-to-month,Yes,Mailed check,91.48,1596.52,No
CUST-05802,Female,0,No,No,9,No,No phone service,DSL,No,No,Yes,No,No,No,Two year,Yes,Bank transfer (automatic),53.62,460.12,Yes
CUST-05803,Female,0,Yes,No,16,Yes,Yes,DSL,No,Yes,No,Yes,No,Yes,One year,Yes,Bank transfer (automatic),77.94,1242.09,Yes
CUST-05804,Male,0,Yes,No,47,Yes,No,Fiber optic,No,Yes,Yes,No,Yes,Yes,Month-to-month,Yes,Credit card (automatic),107.85,4952.97,No
CUST-05805,Female,0,No,No,52,Yes,No,No,No internet service,No internet service,No internet service,No internet service,No internet service,No internet service,Month-to-month,Yes,Electronic check,28.94,1380.34,No
CUST-05806,Female,0,No,Yes,41,Yes,Yes,No,No internet service,No internet service,No internet service,No internet service,No internet service,No internet service,Month-to-month,No,Electronic check,39.14,1469.62,No
CUST-05807,Female,0,No,No,58,Yes,No,DSL,No,Yes,Yes,No,No,No,Month-to-month,Yes,Mailed check,72.89,3956.25,Yes
CUST-05808,Male,0,Yes,No,72,Yes,No,Fiber optic,No,Yes,No,No,No,No,One year,No,Bank transfer (automatic),89.71,6068.43,No
CUST-05809,Female,1,No,No,43,Yes,No,Fiber optic,No,No,Yes,No,Yes,No,Month-to-month,Yes,Electronic check,90.84,3578.74,Yes
CUST-05810,Female,1,Yes,Yes,22,Yes,Yes,DSL,Yes,No,No,Yes,No,Yes,Two year,Yes,Credit card (automatic),90.89,1810.37,No
CUST-05811,Male,0,No,No,7,Yes,No,Fiber optic,No,No,No,No,No,Yes,Two year,No,Bank transfer (automatic),77.23,503.94,Yes
CUST-05812,Male,1,Yes,No,8,Yes,No,Fiber optic,No,Yes,No,No,No,No,Month-to-month,Yes,Bank transfer (automatic),74.73,548.07,Yes
CUST-05813,Female,0,No,Yes,13,Yes,No,DSL,No,No,Yes,No,Yes,No,One year,No,Bank transfer (automatic),63.17,773.55,No
CUST-05814,Male,1,Yes,Yes,54,Yes,No,Fiber optic,Yes,Yes,No,Yes,No,Yes,Two year,Yes,Mailed check,94.02,4364.39,No
CUST-05815,Male,1,Yes,No,13,Yes,Yes,Fiber optic,No,No,Yes,No,No,Yes,One year,No,Bank transfer (automatic),90.29,1147.88,Yes
CUST-05816,Female,0,Yes,No,13,Yes,No,Fiber optic,Yes,Yes,Yes,No,Yes,Yes,One year,Yes,Electronic check,103.95,1254.5,Yes
CUST-05817,Female,1,No,No,15,Yes,Yes,Fiber optic,Yes,Yes,Yes,No,No,Yes,Month-to-month,No,Electronic check,104.6,1492.12,Yes
CUST-05818,Male,0,No,Yes,25,Yes,No,DSL,No,No,No,Yes,No,No,Month-to-month,Yes,Credit card (automatic),62.55,1338.99,Yes
CUST-05819,Female,0,No,No,32,Yes,Yes,DSL,No,Yes,Yes,No,No,Yes,Month-to-month,Yes,Electronic check,76.03,2293.8,Yes
CUST-05820,Male,1,Yes,No,32,Yes,No,Fiber optic,No,No,No,Yes,No,No,Month-to-month,Yes,Credit card (automatic),84.49,2527.6,No
CUST-05821,Male,0,Yes,No,15,Yes,No,Fiber optic,No,Yes,Yes,Yes,No,No,Month-to-month,No,Mailed check,99.0,1392.87,No
CUST-05822,Male,0,No,No,51,Yes,No,Fiber optic,Yes,No,Yes,No,Yes,Yes,Month-to-month,Yes,Electronic check,98.79,4769.56,Yes
CUST-05823,Male,0,Yes,No,23,Yes,No,DSL,No,No,No,Yes,No,Yes,Month-to-month,No,Electronic check,68.7,1454.1,No
CUST-05824,Female,0,No,No,46,Yes,Yes,Fiber optic,Yes,No,No,Yes,Yes,Yes,Month-to-month,No,Electronic check,111.35,4881.73,Yes
CUST-05825,Male,1,Yes,No,26,Yes,No,Fiber optic,No,No,Yes,No,No,Yes,Month-to-month,Yes,Bank transfer (automatic),93.66,2060.33,No
CUST-05826,Male,1,No,No,15,Yes,Yes,DSL,No,No,No,No,Yes,No,Month-to-month,No,Mailed check,68.32,973.05,Yes
CUST-05827,Female,0,No,No,19,Yes,Yes,No,No internet service,No internet service,No internet service,No internet service,No internet service,No internet service,Month-to-month,Yes,Credit card (automatic),44.39,798.17,Yes
CUST-05828,Male,1,Yes,No,12,Yes,No,Fiber optic,No,No,No,Yes,No,No,Two year,Yes,Credit card (automatic),83.06,990.7,Yes
CUST-05829,Female,0,Yes,Yes,6,Yes,No,Fiber optic,No,No,No,No,Yes,Yes,Month-to-month,No,Electronic check,92.76,528.59,Yes
CUST-05830,Female,1,No,No,29,Yes,No,DSL,No,Yes,No,No,Yes,Yes,One year,Yes,Mailed check,70.14,1747.11,No
CUST-05831,Female,0,Yes,Yes,10,Yes,Yes,DSL,Yes,Yes,Yes,No,No,No,Month-to-month,Yes,Electronic check,77.94,719.81,Yes
CUST-05832,Female,0,No,No,8,Yes,No,Fiber optic,Yes,No,No,Yes,No,No,Two year,Yes,Mailed check,84.45,624.18,No
CUST-05833,Male,0,No,Yes,45,Yes,No,No,No internet service,No internet service,No internet service,No internet service,No internet service,No internet service,Month-to-month,No,Electronic check,32.75,1380.18,No
CUST-05834,Female,0,Yes,No,61,Yes,Yes,DSL,No,No,Yes,Yes,No,Yes,Two year,Yes,Mailed check,79.18,4482.24,No
CUST-05835,Female,0,No,No,13,Yes,Yes,No,No internet service,No internet service,No internet service,No internet service,No internet service,No internet service,Two year,No,Electronic check,35.44,434.2,No
CUST-05836,Male,0,Yes,No,72,Yes,Yes,No,No internet service,No internet service,No internet service,No internet service,No internet service,No internet service,Two year,Yes,Bank transfer (automatic),40.1,2617.52,No
CUST-05837,Male,0,No,No,44,Yes,Yes,No,No internet service,No internet service,No internet service,No internet service,No internet service,No internet service,Two year,No,Electronic check,43.18,1891.94,No
CUST-05838,Female,0,Yes,No,28,Yes,No,Fiber optic,No,Yes,No,Yes,Yes,No,Two year,No,Mailed check,94.75,2482.72,Yes
CUST-05839,Female,0,No,No,4,Yes,Yes,Fiber optic,No,No,Yes,Yes,Yes,No,Two year,No,Mailed check,102.45,416.41,No
CUST-05840,Male,0,Yes,No,37,Yes,No,Fiber optic,Yes,No,Yes,No,No,No,Month-to-month,No,Mailed check,89.6,2959.76,Yes
CUST-05841,Male,0,Yes,No,9,Yes,No,DSL,Yes,Yes,No,No,No,Yes,Month-to-month,Yes,Mailed check,71.12,592.21,Yes
CUST-05842,Male,0,Yes,Yes,11,Yes,Yes,Fiber optic,Yes,No,Yes,No,Yes,Yes,One year,Yes,Mailed check,104.9,1114.5,Yes
CUST-05843,Male,0,Yes,Yes,39,Yes,No,Fiber optic,Yes,No,No,No,No,No,Month-to-month,No,Electronic check,90.72,3141.76,Yes
CUST-05844,Female,0,No,No,72,Yes,No,Fiber optic,No,No,Yes,No,Yes,Yes,Month-to-month,Yes,Electronic check,93.74,6630.49,No
CUST-05845,Male,0,Yes,No,29,Yes,No,Fiber optic,Yes,No,Yes,Yes,Yes,Yes,Two year,No,Bank transfer (automatic),115.38,3162.47,No
CUST-05846,Female,0,Yes,No,51,Yes,No,DSL,No,No,No,No,Yes,Yes,Month-to-month,Yes,Mailed check,67.76,3264.39,Yes
CUST-05847,Female,0,Yes,No,72,Yes,Yes,No,No internet service,No internet service,No internet service,No internet service,No internet service,No internet service,Month-to-month,No,Bank transfer (automatic),35.76,2538.49,Yes
CUST-05848,Male,0,Yes,No,6,Yes,No,Fiber optic,No,No,Yes,No,Yes,No,Month-to-month,Yes,Credit card (automatic),99.38,550.92,Yes
CUST-05849,Male,0,Yes,Yes,40,Yes,Yes,Fiber optic,No,No,Yes,Yes,No,No,Month-to-month,Yes,Mailed check,102.2,3761.84,Yes
CUST-05850,Female,1,Yes,Yes,62,Yes,No,DSL,No,No,No,Yes,Yes,Yes,Month-to-month,Yes,Electronic check,72.87,4182.18,No
CUST-05851,Female,0,No,No,56,Yes,No,DSL,No,No,Yes,No,Yes,Yes,One year,No,Bank transfer (automatic),74.77,3890.25,Yes
CUST-05852,Male,0,No,Yes,59,Yes,No,Fiber optic,Yes,No,Yes,No,No,Yes,One year,No,Mailed check,85.77,4535.16,No
CUST-05853,Female,0,No,No,17,Yes,Yes,Fiber optic,No,No,No,No,No,Yes,Month-to-month,Yes,Mailed check,93.52,1515.8,Yes
CUST-05854,Male,0,Yes,No,33,Yes,Yes,DSL,Yes,Yes,Yes,No,Yes,Yes,Month-to-month,Yes,Electronic check,89.93,2752.88,Yes
CUST-05855,Female,0,No,Yes,63,Yes,Yes,Fiber optic,No,No,No,No,No,Yes,Month-to-month,No,Electronic check,89.99,5290.89,Yes
CUST-05856,Male,0,No,No,39,Yes,Yes,DSL,Yes,No,Yes,Yes,Yes,Yes,One year,No,Electronic check,87.1,3172.71,No
CUST-05857,Female,1,No,No,8,Yes,Yes,No,No internet service,No internet service,No internet service,No internet service,No internet service,No internet service,One year,No,Electronic check,44.31,343.2,No
CUST-05858,Female,1,Yes,Yes,10,Yes,Yes,No,No internet service,No internet service,No internet service,No internet service,No internet service,No internet service,Month-to-month,No,Bank transfer (automatic),35.73,339.75,Yes
CUST-05859,Female,0,Yes,Yes,57,Yes,No,DSL,Yes,Yes,No,Yes,No,No,Two year,Yes,Electronic check,77.18,4207.66,Yes
CUST-05860,Male,0,Yes,Yes,1,Yes,No,Fiber optic,No,No,No,Yes,No,Yes,Month-to-month,No,Mailed check,89.39,83.5,No
CUST-05861,Male,0,Yes,Yes,41,Yes,No,No,No internet service,No internet service,No internet service,No internet service,No internet service,No internet service,Month-to-month,Yes,Bank transfer (automatic),39.7,1557.96,No
CUST-05862,Male,0,No,No,46,Yes,No,DSL,Yes,Yes,Yes,Yes,No,No,One year,Yes,Credit card (automatic),84.68,3929.97,Yes
CUST-05863,Male,1,Yes,Yes,35,Yes,No,DSL,Yes,Yes,No,Yes,Yes,No,Month-to-month,No,Mailed check,81.43,2796.51,Yes
CUST-05864,Female,0,Yes,Yes,47,Yes,No,Fiber optic,Yes,Yes,No,No,Yes,Yes,One year,No,Electronic check,100.02,4264.15,Yes
CUST-05865,Male,0,Yes,Yes,46,No,No phone service,DSL,Yes,Yes,No,No,No,No,Month-to-month,Yes,Credit card (automatic),50.04,2255.75,Yes
CUST-05866,Male,0,Yes,Yes,2,Yes,No,DSL,No,Yes,No,No,No,Yes,Month-to-month,Yes,Bank transfer (automatic),62.4,119.33,No
CUST-05867,Male,0,Yes,Yes,4,No,No phone service,DSL,No,No,Yes,No,Yes,Yes,Month-to-month,Yes,Mailed check,54.45,204.91,No
CUST-05868,Male,0,Yes,Yes,14,Yes,No,Fiber optic,Yes,Yes,Yes,No,Yes,No,Month-to-month,Yes,Bank transfer (automatic),102.33,1387.46,Yes
CUST-05869,Male,0,No,No,35,Yes,No,Fiber optic,No,No,Yes,Yes,No,No,Month-to-month,Yes,Credit card (automatic),93.59,3155.6,Yes
CUST-05870,Male,0,Yes,No,33,Yes,Yes,DSL,No,Yes,Yes,Yes,No,Yes,One year,No,Mailed check,92.12,2879.48,No
CUST-05871,Male,0,No,Yes,10,Yes,Yes,Fiber optic,No,Yes,Yes,Yes,No,No,Month-to-month,Yes,Electronic check,101.31,939.66,No
CUST-05872,Female,1,No,No,65,Yes,No,DSL,Yes,No,Yes,Yes,Yes,No,Two year,No,Electronic check,81.2,4823.79,No
CUST-05873,Male,0,No,No,72,Yes,No,Fiber optic,No,No,Yes,No,No,Yes,Two year,No,Electronic check,87.83,6128.66,No
CUST-05874,Female,0,No,No,46,Yes,No,DSL,No,Yes,Yes,No,Yes,Yes,One year,No,Credit card (automatic),79.25,3471.37,No
CUST-05875,Male,0,Yes,No,32,Yes,Yes,Fiber optic,Yes,No,No,No,No,No,One year,Yes,Credit card (automatic),93.47,2784.11,No
CUST-05876,Female,0,No,No,36,Yes,Yes,Fiber optic,No,No,No,No,No,No,One year,Yes,Electronic check,81.74,2764.12,No
CUST-05877,Male,1,No,No,15,Yes,Yes,No,No internet service,No internet service,No internet service,No internet service,No internet service,No internet service,One year,No,Credit card (automatic),39.93,555.3,Yes
CUST-05878,Female,0,Yes,No,8,Yes,No,Fiber optic,Yes,No,Yes,No,Yes,Yes,Month-to-month,Yes,Credit card (automatic),101.58,734.96,No
CUST-05879,Male,0,Yes,No,52,Yes,Yes,DSL,No,No,No,No,Yes,Yes,Month-to-month,Yes,Electronic check,75.84,3877.27,No
CUST-05880,Female,0,No,Yes,46,Yes,Yes,Fiber optic,No,Yes,No,Yes,Yes,Yes,Month-to-month,Yes,Electronic check,106.64,4634.55,Yes
CUST-05881,Female,0,Yes,No,52,Yes,No,DSL,No,No,No,Yes,Yes,Yes,Two year,Yes,Bank transfer (automatic),80.49,3657.77,No
CUST-05882,Male,1,No,No,34,Yes,No,Fiber optic,No,No,No,Yes,Yes,No,Two year,No,Electronic check,92.38,3035.77,No
CUST-05883,Male,0,Yes,No,7,Yes,No,DSL,No,Yes,Yes,No,Yes,No,Month-to-month,No,Electronic check,77.03,512.67,Yes
CUST-05884,Female,0,Yes,Yes,7,Yes,Yes,DSL,No,No,Yes,Yes,Yes,No,One year,Yes,Bank transfer (automatic),84.63,568.45,Yes
CUST-05885,Female,0,No,No,10,Yes,Yes,DSL,No,No,No,Yes,Yes,Yes,One year,Yes,Credit card (automatic),79.52,777.39,No
CUST-05886,Male,0,No,No,72,Yes,Yes,DSL,Yes,Yes,No,No,No,No,One year,No,Electronic check,80.87,5442.62,No
CUST-05887,Male,0,No,No,6,Yes,No,Fiber optic,No,Yes,Yes,No,Yes,Yes,Month-to-month,Yes,Bank transfer (automatic),105.87,600.45,Yes
CUST-05888,Female,0,No,No,23,Yes,Yes,DSL,No,No,No,Yes,Yes,No,Month-to-month,Yes,Bank transfer (automatic),73.86,1518.46,Yes
CUST-05889,Male,0,No,No,16,Yes,No,DSL,Yes,No,Yes,Yes,No,Yes,Month-to-month,Yes,Electronic check,81.41,1200.54,Yes
CUST-05890,Female,0,Yes,No,7,Yes,Yes,DSL,Yes,Yes,No,No,No,Yes,Month-to-month,Yes,Electronic check,80.48,548.1,No
CUST-05891,Male,0,No,No,38,Yes,Yes,DSL,No,No,No,Yes,Yes,No,Month-to-month,No,Credit card (automatic),79.07,2820.63,Yes
CUST-05892,Female,0,Yes,Yes,72,Yes,Yes,No,No internet service,No internet service,No internet service,No internet service,No internet service,No internet service,Month-to-month,No,Electronic check,40.75,2719.53,No
CUST-05893,Female,0,Yes,Yes,25,Yes,No,DSL,No,Yes,No,No,Yes,No,One year,No,Electronic check,65.43,1553.12,No
CUST-05894,Female,0,No,No,5,Yes,No,DSL,No,Yes,No,No,Yes,No,Month-to-month,Yes,Electronic check,69.43,315.4,Yes
CUST-05895,Male,0,Yes,No,20,No,No phone service,DSL,Yes,No,Yes,No,Yes,Yes,One year,No,Electronic check,72.2,1329.34,No
CUST-05896,Male,0,No,No,15,Yes,Yes,Fiber optic,Yes,Yes,No,No,Yes,No,One year,No,Mailed check,100.15,1453.81,Yes
CUST-05897,Female,0,Yes,No,20,Yes,Yes,DSL,No,No,Yes,No,No,Yes,Two year,No,Electronic check,80.37,1414.81,No
CUST-05898,Male,0,Yes,No,22,Yes,Yes,DSL,Yes,No,No,No,No,No,One year,No,Electronic check,77.74,1576.93,Yes
CUST-05899,Male,0,Yes,No,72,Yes,No,Fiber optic,Yes,Yes,Yes,No,Yes,Yes,One year,Yes,Credit card (automatic),106.46,7234.49,Yes
CUST-05900,Male,0,No,No,36,Yes,Yes,DSL,Yes,No,No,No,Yes,No,Month-to-month,Yes,Mailed check,81.95,2814.29,Yes
CUST-05901,Male,0,No,No,36,Yes,Yes,Fiber optic,Yes,No,Yes,No,Yes,No,One year,No,Mailed check,96.63,3167.26,No
CUST-05902,Female,1,Yes,No,15,Yes,No,DSL,No,No,No,No,Yes,Yes,One year,No,Electronic check,70.94,1018.8,No
CUST-05903,Female,0,Yes,Yes,51,Yes,No,Fiber optic,Yes,No,No,No,Yes,Yes,Month-to-month,Yes,Electronic check,97.45,4679.22,Yes
CUST-05904,Male,0,Yes,No,55,Yes,Yes,DSL,No,Yes,No,No,Yes,No,Two year,Yes,Mailed check,73.69,3986.72,No
CUST-05905,Female,1,Yes,Yes,41,Yes,Yes,Fiber optic,No,Yes,Yes,No,No,Yes,Month-to-month,Yes,Bank transfer (automatic),99.63,3932.56,No
CUST-05906,Female,0,No,No,39,No,No phone service,Fiber optic,Yes,Yes,No,Yes,Yes,No,Two year,Yes,Electronic check,88.44,3213.29,No
CUST-05907,Female,0,No,No,7,Yes,No,DSL,No,Yes,Yes,No,Yes,No,One year,No,Credit card (automatic),76.28,522.5,No
CUST-05908,Male,0,Yes,No,35,Yes,No,Fiber optic,Yes,No,Yes,Yes,Yes,Yes,Month-to-month,Yes,Credit card (automatic),108.67,3580.79,Yes
CUST-05909,Male,0,Yes,Yes,69,Yes,Yes,Fiber optic,No,Yes,No,Yes,No,No,Two year,No,Bank transfer (automatic),108.68,7159.47,No
CUST-05910,Male,0,No,No,36,Yes,Yes,Fiber optic,Yes,Yes,Yes,No,No,No,Month-to-month,Yes,Bank transfer (automatic),100.71,3336.79,Yes
CUST-05911,Female,0,Yes,Yes,46,Yes,Yes,Fiber optic,No,No,No,No,Yes,No,Month-to-month,Yes,Electronic check,84.71,3536.71,No
CUST-05912,Female,0,Yes,No,20,No,No phone service,Fiber optic,No,No,No,No,No,No,Two year,Yes,Mailed check,60.57,1074.83,No
CUST-05913,Male,0,No,No,14,Yes,No,DSL,No,No,No,No,Yes,Yes,Month-to-month,Yes,Mailed check,69.69,898.47,Yes
CUST-05914,Female,0,Yes,No,9,Yes,Yes,Fiber optic,No,Yes,Yes,No,Yes,No,Month-to-month,Yes,Electronic check,95.09,804.53,Yes
CUST-05915,Male,0,Yes,No,61,No,No phone service,DSL,No,No,No,Yes,Yes,Yes,Month-to-month,Yes,Bank transfer (automatic),61.57,3451.91,No
CUST-05916,Female,0,Yes,Yes,24,Yes,Yes,DSL,Yes,Yes,No,No,No,Yes,Month-to-month,No,Electronic check,88.07,2005.72,Yes
CUST-05917,Female,0,No,Yes,56,Yes,No,Fiber optic,Yes,No,Yes,Yes,Yes,No,One year,Yes,Electronic check,108.42,5669.06,No
CUST-05918,Female,0,Yes,Yes,18,Yes,No,Fiber optic,No,No,Yes,Yes,Yes,No,Month-to-month,No,Credit card (automatic),95.65,1618.61,No
CUST-05919,Male,1,No,No,58,Yes,No,Fiber optic,No,Yes,Yes,Yes,No,No,Month-to-month,Yes,Credit card (automatic),98.08,5585.87,Yes
CUST-05920,Male,0,Yes,No,28,Yes,No,Fiber optic,No,No,No,No,Yes,No,Two year,No,Bank transfer (automatic),88.83,2465.23,No
CUST-05921,Female,0,Yes,No,20,Yes,No,Fiber optic,No,Yes,No,No,No,No,One year,No,Electronic check,97.01,1724.05,Yes
CUST-05922,Male,0,No,No,20,Yes,No,DSL,No,No,No,No,Yes,No,Month-to-month,Yes,Electronic check,64.86,1168.48,Yes
CUST-05923,Male,0,Yes,No,49,Yes,No,Fiber optic,No,No,Yes,Yes,No,No,Two year,No,Electronic check,86.06,3988.74,No
CUST-05924,Male,0,Yes,Yes,36,Yes,No,DSL,Yes,No,No,No,No,Yes,Two year,Yes,Bank transfer (automatic),68.55,2286.38,No
CUST-05925,Male,0,Yes,No,49,Yes,Yes,Fiber optic,Yes,No,No,Yes,Yes,No,One year,Yes,Electronic check,97.98,4264.4,No
CUST-05926,Female,0,No,No,68,Yes,No,No,No internet service,No internet service,No internet service,No internet service,No internet service,No internet service,Month-to-month,Yes,Mailed check,34.73,2251.94,No
CUST-05927,Male,0,Yes,No,22,Yes,No,Fiber optic,No,Yes,No,No,Yes,No,Month-to-month,No,Electronic check,93.46,1853.48,Yes
CUST-05928,Male,1,No,Yes,42,Yes,No,Fiber optic,Yes,Yes,No,No,No,No,One year,Yes,Electronic check,90.21,3649.32,No
CUST-05929,Female,0,Yes,No,25,Yes,No,Fiber optic,No,No,Yes,No,Yes,Yes,Month-to-month,Yes,Bank transfer (automatic),92.07,2241.48,Yes
CUST-05930,Female,0,Yes,Yes,19,Yes,No,No,No internet service,No internet service,No internet service,No internet service,No internet service,No internet service,Two year,Yes,Credit card (automatic),30.22,562.54,No
CUST-05931,Male,0,Yes,No,36,Yes,Yes,DSL,Yes,No,Yes,No,Yes,Yes,Month-to-month,No,Mailed check,91.2,3004.01,Yes
CUST-05932,Male,0,Yes,No,6,Yes,No,Fiber optic,No,Yes,Yes,Yes,No,Yes,Month-to-month,Yes,Bank transfer (automatic),98.68,557.11,No
CUST-05933,Female,0,No,No,53,Yes,No,Fiber optic,No,No,No,No,No,Yes,Two year,No,Electronic check,96.05,4982.59,No
CUST-05934,Female,1,Yes,No,33,Yes,Yes,DSL,No,No,No,No,No,Yes,One year,Yes,Electronic check,66.15,1891.86,No
CUST-05935,Male,0,No,Yes,15,No,No phone service,DSL,No,No,No,Yes,Yes,Yes,Month-to-month,Yes,Electronic check,55.9,755.22,No
CUST-05936,Female,1,Yes,No,34,Yes,Yes,Fiber optic,No,No,Yes,Yes,Yes,No,Month-to-month,Yes,Credit card (automatic),97.3,3171.54,Yes
CUST-05937,Female,0,No,No,5,Yes,No,Fiber optic,No,Yes,No,Yes,No,Yes,Month-to-month,No,Electronic check,101.06,501.88,No
CUST-05938,Male,0,Yes,No,9,Yes,No,Fiber optic,Yes,No,No,Yes,No,No,One year,No,Bank transfer (automatic),88.76,682.38,No
CUST-05939,Male,0,No,No,9,Yes,No,Fiber optic,Yes,Yes,No,Yes,No,Yes,Month-to-month,Yes,Electronic check,99.32,804.08,Yes
CUST-05940,Female,1,Yes,Yes,8,Yes,No,Fiber optic,No,No,Yes,Yes,No,Yes,Two year,Yes,Credit card (automatic),103.74,770.11,No
CUST-05941,Female,0,No,Yes,23,Yes,No,Fiber optic,No,No,No,Yes,No,Yes,Month-to-month,Yes,Credit card (automatic),78.4,1702.16,Yes
CUST-05942,Female,0,No,No,34,Yes,Yes,Fiber optic,No,No,No,No,No,Yes,Two year,No,Bank transfer (automatic),91.89,3143.94,No
CUST-05943,Female,0,No,No,72,Yes,No,DSL,Yes,Yes,No,No,No,Yes,One year,Yes,Electronic check,74.31,5214.05,No
CUST-05944,Male,0,Yes,No,59,Yes,No,Fiber optic,No,No,No,No,No,No,Month-to-month,Yes,Mailed check,90.26,5090.85,Yes
CUST-05945,Female,0,No,No,3,No,No phone service,Fiber optic,No,No,No,Yes,Yes,No,Month-to-month,No,Mailed check,72.79,194.45,Yes
CUST-05946,Female,0,Yes,No,72,Yes,Yes,No,No internet service,No internet service,No internet service,No internet service,No internet service,No internet service,One year,Yes,Mailed check,35.52,2404.51,No
CUST-05947,Female,0,Yes,No,15,Yes,No,Fiber optic,Yes,No,Yes,No,Yes,Yes,Month-to-month,No,Electronic check,104.07,1512.4,Yes
CUST-05948,Male,0,Yes,No,40,Yes,No,Fiber optic,No,No,Yes,No,Yes,No,Month-to-month,Yes,Credit card (automatic),91.51,3297.58,Yes
CUST-05949,Male,0,No,No,23,Yes,No,Fiber optic,No,No,No,No,Yes,No,One year,No,Electronic check,87.13,1855.12,No
CUST-05950,Male,0,Yes,Yes,72,Yes,No,DSL,No,Yes,No,No,Yes,No,Month-to-month,No,Bank transfer (automatic),68.23,4593.05,No
CUST-05951,Female,0,No,No,56,Yes,Yes,DSL,No,No,No,No,No,No,One year,Yes,Mailed check,62.28,3195.85,Yes
CUST-05952,Male,0,No,No,72,No,No phone service,DSL,Yes,No,No,No,No,Yes,Month-to-month,Yes,Credit card (automatic),50.82,3530.92,Yes
CUST-05953,Female,0,Yes,No,41,No,No phone service,Fiber optic,Yes,Yes,No,No,Yes,No,Month-to-month,Yes,Bank transfer (automatic),81.72,3251.64,Yes
CUST-05954,Male,1,Yes,Yes,18,Yes,No,DSL,No,Yes,No,Yes,No,No,Month-to-month,Yes,Credit card (automatic),70.81,1160.96,Yes
CUST-05955,Male,0,No,No,46,Yes,Yes,No,No internet service,No internet service,No internet service,No internet service,No internet service,No internet service,Two year,Yes,Credit card (automatic),40.62,1687.32,Yes
CUST-05956,Male,0,Yes,No,68,Yes,No,Fiber optic,No,Yes,No,Yes,Yes,No,Two year,No,Electronic check,106.54,6791.86,No
CUST-05957,Female,0,Yes,Yes,13,Yes,No,DSL,Yes,No,Yes,Yes,Yes,Yes,Month-to-month,Yes,Electronic check,93.49,1157.23,Yes
CUST-05958,Male,0,Yes,No,37,Yes,Yes,DSL,Yes,Yes,No,No,No,No,Month-to-month,Yes,Mailed check,75.83,2823.18,No
CUST-05959,Male,0,No,No,51,Yes,No,Fiber optic,No,Yes,No,No,Yes,Yes,Two year,Yes,Mailed check,93.46,4483.81,No
CUST-05960,Male,0,Yes,No,16,Yes,No,Fiber optic,No,Yes,Yes,Yes,Yes,No,Month-to-month,No,Electronic check,106.6,1581.28,Yes
CUST-05961,Female,0,Yes,No,20,Yes,No,Fiber optic,No,Yes,Yes,No,Yes,Yes,Month-to-month,No,Bank transfer (automatic),104.44,1906.29,Yes
CUST-05962,Male,0,Yes,Yes,25,Yes,No,DSL,No,No,Yes,No,Yes,Yes,Month-to-month,Yes,Credit card (automatic),76.97,1820.51,Yes
CUST-05963,Male,0,Yes,No,38,Yes,No,No,No internet service,No internet service,No internet service,No internet service,No internet service,No internet service,One year,Yes,Mailed check,36.11,1277.07,No
CUST-05964,Female,0,No,No,28,Yes,Yes,No,No internet service,No internet service,No internet service,No internet service,No internet service,No internet service,One year,No,Electronic check,34.57,936.3,No
CUST-05965,Male,0,No,No,30,No,No phone service,DSL,Yes,No,Yes,No,Yes,No,One year,Yes,Mailed check,64.24,1825.86,No
CUST-05966,Female,0,No,No,72,Yes,No,Fiber optic,No,Yes,No,No,Yes,No,One year,Yes,Bank transfer (automatic),87.59,5907.05,Yes
CUST-05967,Male,0,No,No,27,Yes,Yes,Fiber optic,No,No,Yes,No,No,Yes,Month-to-month,Yes,Credit card (automatic),95.44,2337.96,No
CUST-05968,Male,0,Yes,No,72,Yes,Yes,Fiber optic,No,Yes,No,No,No,No,Two year,Yes,Electronic check,93.88,6456.88,No
CUST-05969,Female,1,No,Yes,72,Yes,Yes,Fiber optic,No,No,Yes,No,No,No,One year,No,Electronic check,94.68,6371.34,Yes
CUST-05970,Female,0,No,No,14,Yes,No,No,No internet service,No internet service,No internet service,No internet service,No internet service,No internet service,Two year,Yes,Credit card (automatic),23.61,318.66,No
CUST-05971,Male,1,No,No,57,Yes,Yes,Fiber optic,Yes,No,Yes,No,No,Yes,Month-to-month,No,Credit card (automatic),108.75,5515.33,Yes
CUST-05972,Female,0,No,No,19,Yes,No,DSL,No,No,Yes,No,No,Yes,Two year,No,Bank transfer (automatic),74.34,1342.72,No
CUST-05973,Female,0,Yes,No,55,Yes,No,Fiber optic,No,Yes,Yes,No,Yes,Yes,Month-to-month,No,Credit card (automatic),97.37,5176.99,No
CUST-05974,Female,0,No,No,18,Yes,No,DSL,No,Yes,No,No,No,Yes,Month-to-month,Yes,Electronic check,68.23,1156.49,No
CUST-05975,Male,0,Yes,No,3,Yes,No,DSL,No,No,No,Yes,Yes,No,Month-to-month,Yes,Credit card (automatic),71.09,206.72,No
CUST-05976,Male,0,No,No,49,Yes,No,Fiber optic,Yes,Yes,Yes,No,Yes,Yes,Month-to-month,Yes,Bank transfer (automatic),104.91,4906.78,No
CUST-05977,Male,0,Yes,Yes,31,Yes,Yes,DSL,Yes,No,No,No,Yes,Yes,Two year,No,Credit card (automatic),75.73,2156.18,No
CUST-05978,Female,1,No,No,70,Yes,No,DSL,No,Yes,No,Yes,No,Yes,Month-to-month,Yes,Mailed check,71.64,4511.44,Yes
CUST-05979,Female,0,No,No,18,Yes,No,DSL,No,Yes,Yes,Yes,Yes,Yes,Month-to-month,Yes,Credit card (automatic),89.63,1572.08,No
CUST-05980,Male,0,No,No,27,Yes,Yes,Fiber optic,Yes,No,No,Yes,No,Yes,Month-to-month,No,Credit card (automatic),96.85,2405.98,Yes
CUST-05981,Male,0,Yes,No,17,Yes,Yes,DSL,No,No,Yes,Yes,No,No,Month-to-month,Yes,Electronic check,75.83,1206.14,Yes
CUST-05982,Male,0,No,No,9,Yes,No,DSL,Yes,Yes,No,No,No,No,One year,Yes,Electronic check,72.13,598.16,Yes
CUST-05983,Male,0,No,Yes,37,Yes,No,Fiber optic,Yes,No,Yes,Yes,Yes,Yes,Month-to-month,Yes,Mailed check,107.81,3897.53,Yes
CUST-05984,Male,0,No,No,27,Yes,No,DSL,No,No,Yes,No,Yes,No,Month-to-month,Yes,Electronic check,68.5,1591.7,Yes
CUST-05985,Female,0,No,No,4,No,No phone service,No,No internet service,No internet service,No internet service,No internet service,No internet service,No internet service,Month-to-month,Yes,Electronic check,18.0,69.92,Yes
CUST-05986,Female,0,No,No,72,Yes,No,Fiber optic,Yes,No,Yes,Yes,Yes,No,Two year,No,Credit card (automatic),96.11,6374.71,No
CUST-05987,Male,0,No,Yes,30,Yes,Yes,Fiber optic,No,No,No,Yes,Yes,Yes,Month-to-month,Yes,Bank transfer (automatic),103.16,3137.44,No
CUST-05988,Male,1,Yes,Yes,17,Yes,No,Fiber optic,Yes,No,No,No,No,Yes,Month-to-month,Yes,Electronic check,86.05,1421.98,No
CUST-05989,Male,0,Yes,No,50,Yes,Yes,DSL,No,Yes,Yes,No,Yes,No,Month-to-month,Yes,Credit card (automatic),90.84,4141.38,Yes
CUST-05990,Male,0,No,No,60,No,No phone service,DSL,No,Yes,Yes,No,Yes,No,Month-to-month,Yes,Electronic check,59.47,3549.15,No
CUST-05991,Female,1,No,No,10,Yes,No,DSL,No,No,Yes,No,Yes,No,One year,Yes,Credit card (automatic),71.2,653.38,Yes
CUST-05992,Female,0,Yes,No,8,Yes,Yes,DSL,No,No,No,No,No,No,Month-to-month,Yes,Electronic check,62.08,477.07,Yes
CUST-05993,Male,0,Yes,Yes,20,Yes,Yes,No,No internet service,No internet service,No internet service,No internet service,No internet service,No internet service,Month-to-month,No,Mailed check,41.99,802.67,Yes
CUST-05994,Male,0,Yes,No,38,Yes,Yes,Fiber optic,Yes,No,Yes,No,No,No,Month-to-month,No,Mailed check,87.46,3378.5,Yes
CUST-05995,Female,0,No,No,72,No,No phone service,DSL,No,Yes,Yes,No,Yes,Yes,Two year,Yes,Mailed check,67.92,4434.8,No
CUST-05996,Female,1,No,No,1,Yes,No,DSL,Yes,Yes,No,No,Yes,No,One year,Yes,Mailed check,74.46,63.76,Yes
CUST-05997,Male,1,No,No,72,Yes,No,Fiber optic,Yes,Yes,No,No,No,No,Month-to-month,No,Electronic check,102.42,6629.39,Yes
CUST-05998,Male,0,Yes,No,32,Yes,Yes,Fiber optic,Yes,Yes,Yes,Yes,Yes,Yes,Month-to-month,Yes,Credit card (automatic),117.79,3544.75,Yes
CUST-05999,Male,1,Yes,No,68,Yes,Yes,No,No internet service,No internet service,No internet service,No internet service,No internet service,No internet service,One year,Yes,Bank transfer (automatic),35.46,2177.3,No
CUST-06000,Female,0,No,No,65,Yes,Yes,Fiber optic,No,No,Yes,Yes,No,No,Month-to-month,Yes,Mailed check,100.31,5809.75,Yes
